TranNum;InsNum;ExternalParty;PricingModel;MTM;CCY;Way
10000;8270;FSAXYZ;Discounting;463987.88;EUR;Pay
10001;6734;CLFUKLON;Discounting;-81502.22;GBP;Pay
10002;9322;CLFPARIS;Discounting;664885.28;USD;Rec
10003;7949;CLFUKLON;Discounting;-391515.51;EUR;Pay
10004;7396;FSAXYZ;Discounting;49549.32;EUR;Pay
10005;3558;CLFUKLON;Inflation;570351.92;GBP;Rec
10006;5658;FSAXYZ;Inflation;-66474.21;GBP;Rec
10007;4556;FSAABC;Discounting;-869896.81;GBP;Pay
10008;9792;FSAXYZ;Discounting;-229166.99;USD;Rec
10009;8513;CLFPARIS;Discounting;-517949.07;USD;Rec
10010;8099;FSAXYZ;Discounting;-931222.96;EUR;Rec
10011;4152;FSAXYZ;Discounting;510722.82;USD;Rec
10012;2021;CLFUKLON;Discounting;939169.26;USD;Pay
10013;7873;FSAXYZ;Discounting;789654.7;USD;Rec
10014;8629;FSAXYZ;Discounting;-349339.34;EUR;Rec
10015;7863;CLFPARIS;Discounting;657475.02;USD;Pay
10016;5859;FSAXYZ;Discounting;-407452.99;EUR;Pay
10017;1064;CLFRFRPP;Inflation;-210236.96;GBP;Pay
10018;3695;FSAABC;Inflation;458014.34;GBP;Pay
10019;6892;CLFUKLON;Discounting;829919.35;GBP;Rec
10020;9392;FSAXYZ;Discounting;-872883.3;USD;Pay
10021;3454;CLFPARIS;Inflation;-450556.41;GBP;Rec
10022;6056;FSAABC;Discounting;426489.57;EUR;Pay
10023;4840;CLFPARIS;Discounting;541934.36;USD;Pay
10024;7938;CLFRFRPP;Inflation;-949161.75;GBP;Pay
10025;2484;FSAABC;Discounting;-49259.55;GBP;Rec
10026;6116;FSAXYZ;Discounting;-501415.54;USD;Pay
10027;7892;FSAABC;Discounting;885707.14;EUR;Rec
10028;4157;FSAXYZ;Discounting;616240.76;USD;Rec
10029;3693;FSAXYZ;Discounting;78684.48;USD;Rec
10030;6592;CLFRFRPP;Discounting;295380.24;EUR;Pay
10031;7776;FSAXYZ;Discounting;-390437.48;EUR;Pay
10032;9901;FSAABC;Discounting;-555784.38;EUR;Rec
10033;1663;FSAABC;Discounting;37581.24;USD;Rec
10034;4304;FSAXYZ;Discounting;943564.17;EUR;Rec
10035;2291;CLFUKLON;Discounting;-430319.01;GBP;Pay
10036;1698;CLFRFRPP;Discounting;-177925.97;USD;Rec
10037;1854;CLFPARIS;Discounting;-520876.22;EUR;Pay
10038;6249;CLFPARIS;Discounting;105786.18;USD;Rec
10039;5931;FSAABC;Discounting;606279.51;GBP;Pay
10040;9004;FSAXYZ;Discounting;-202351.12;USD;Rec
10041;7287;CLFRFRPP;Discounting;16397.55;EUR;Rec
10042;3511;CLFPARIS;Inflation;355128.72;GBP;Rec
10043;7546;CLFUKLON;Discounting;-302668.03;GBP;Pay
10044;2734;FSAXYZ;Discounting;-204855.96;EUR;Pay
10045;7694;CLFUKLON;Discounting;-317867.3;EUR;Pay
10046;7616;CLFUKLON;Inflation;391568.8;GBP;Pay
10047;1262;FSAXYZ;Discounting;110401.62;USD;Rec
10048;3049;CLFRFRPP;Discounting;116586.91;USD;Rec
10049;8158;CLFRFRPP;Discounting;400715.66;EUR;Pay
10050;3255;FSAABC;Discounting;775540.2;USD;Rec
10051;2648;FSAXYZ;Discounting;212858.12;USD;Rec
10052;3557;CLFRFRPP;Discounting;-432158.05;GBP;Pay
10053;5973;CLFUKLON;Discounting;-103151.71;USD;Rec
10054;1956;CLFRFRPP;Discounting;-525501.83;EUR;Rec
10055;5911;FSAXYZ;Discounting;-383878.42;GBP;Pay
10056;5555;FSAABC;Discounting;-499076.36;GBP;Rec
10057;2693;CLFPARIS;Inflation;262277.25;GBP;Rec
10058;1225;CLFPARIS;Discounting;153807.77;USD;Pay
10059;6600;CLFPARIS;Discounting;-438455.28;EUR;Rec
10060;5642;CLFRFRPP;Discounting;880917.17;EUR;Rec
10061;2069;CLFPARIS;Discounting;495437.55;USD;Pay
10062;2060;CLFPARIS;Discounting;933309.64;EUR;Rec
10063;4170;FSAXYZ;Discounting;-411102.22;EUR;Rec
10064;1980;CLFRFRPP;Inflation;113602.52;GBP;Rec
10065;6854;CLFUKLON;Inflation;-805647.01;GBP;Rec
10066;8455;CLFUKLON;Inflation;754746.14;GBP;Pay
10067;1784;CLFRFRPP;Discounting;417821.99;EUR;Pay
10068;8206;CLFPARIS;Discounting;-160438.29;USD;Pay
10069;2841;CLFRFRPP;Discounting;22684.8;EUR;Rec
10070;8992;FSAXYZ;Discounting;299927.86;EUR;Rec
10071;7655;FSAXYZ;Discounting;-248834.09;GBP;Pay
10072;6919;FSAABC;Discounting;85289.27;EUR;Rec
10073;2148;CLFUKLON;Discounting;-499497.28;USD;Rec
10074;5777;FSAABC;Discounting;655738.01;EUR;Pay
10075;6691;FSAXYZ;Discounting;-829305.07;EUR;Pay
10076;1876;FSAXYZ;Discounting;399024.42;USD;Pay
10077;8079;FSAXYZ;Discounting;32600.7;EUR;Rec
10078;2693;FSAABC;Discounting;-458335.5;EUR;Rec
10079;6177;CLFUKLON;Discounting;925296.83;EUR;Rec
10080;3838;CLFRFRPP;Discounting;-653411.36;EUR;Pay
10081;1512;CLFUKLON;Discounting;429191.85;USD;Rec
10082;8404;CLFPARIS;Discounting;33392.51;EUR;Rec
10083;1580;CLFPARIS;Inflation;132074.42;GBP;Pay
10084;4506;CLFPARIS;Discounting;-316240.67;USD;Pay
10085;6188;CLFRFRPP;Discounting;959021.06;USD;Rec
10086;7617;CLFPARIS;Discounting;-70652.37;GBP;Rec
10087;5452;CLFUKLON;Discounting;270187.3;USD;Rec
10088;3849;FSAXYZ;Inflation;866872.62;GBP;Rec
10089;5611;CLFUKLON;Discounting;171551.16;EUR;Rec
10090;1851;FSAXYZ;Discounting;286576.44;USD;Pay
10091;5000;CLFPARIS;Discounting;251879.34;GBP;Pay
10092;6536;CLFUKLON;Discounting;-861277.4;GBP;Rec
10093;6726;CLFUKLON;Discounting;236507.77;EUR;Pay
10094;9967;CLFPARIS;Discounting;-953456.13;USD;Rec
10095;1417;FSAABC;Discounting;-763670.34;EUR;Pay
10096;8668;CLFUKLON;Discounting;754944.03;EUR;Pay
10097;8587;CLFRFRPP;Discounting;-435930.85;EUR;Pay
10098;6988;CLFRFRPP;Discounting;-174764.65;GBP;Pay
10099;6073;CLFRFRPP;Inflation;734233.21;GBP;Rec
10100;4440;CLFPARIS;Discounting;-793752.26;GBP;Pay
10101;9787;CLFRFRPP;Discounting;791046.46;USD;Pay
10102;1395;CLFPARIS;Discounting;-817426.65;EUR;Pay
10103;3502;FSAXYZ;Discounting;901214.29;USD;Pay
10104;5946;CLFUKLON;Discounting;-816591.71;GBP;Rec
10105;5491;CLFRFRPP;Inflation;892389.09;GBP;Pay
10106;2167;CLFRFRPP;Discounting;-11159.39;GBP;Pay
10107;7541;CLFUKLON;Discounting;775408.37;EUR;Pay
10108;5330;FSAABC;Discounting;-714016.64;USD;Pay
10109;8241;CLFUKLON;Discounting;676961.53;EUR;Pay
10110;6293;CLFPARIS;Discounting;643720.12;USD;Pay
10111;3681;CLFUKLON;Discounting;-830324.57;EUR;Pay
10112;2365;FSAXYZ;Discounting;815387.41;EUR;Pay
10113;2324;FSAXYZ;Discounting;-832998.57;USD;Rec
10114;7588;FSAXYZ;Discounting;-151555.98;USD;Pay
10115;6977;FSAABC;Discounting;-492635.65;GBP;Rec
10116;5849;FSAXYZ;Discounting;481947.72;USD;Rec
10117;9647;CLFPARIS;Discounting;492089.76;GBP;Pay
10118;1504;FSAXYZ;Discounting;737198.26;EUR;Pay
10119;6029;CLFPARIS;Discounting;-975691.05;USD;Rec
10120;7316;CLFPARIS;Inflation;55402.22;GBP;Pay
10121;6348;FSAXYZ;Inflation;-849130.91;GBP;Pay
10122;7190;CLFRFRPP;Discounting;-411012.11;EUR;Rec
10123;4584;CLFPARIS;Discounting;-231596.34;USD;Rec
10124;9662;CLFRFRPP;Inflation;900822.97;GBP;Rec
10125;6063;FSAXYZ;Discounting;-660640.19;EUR;Rec
10126;7819;CLFUKLON;Discounting;167312.22;USD;Rec
10127;5964;CLFRFRPP;Discounting;72192.73;GBP;Rec
10128;7132;FSAXYZ;Discounting;-458084.71;EUR;Rec
10129;2581;FSAABC;Discounting;899599.83;EUR;Rec
10130;1255;CLFPARIS;Inflation;-834503.16;GBP;Pay
10131;9989;CLFUKLON;Discounting;-947266.05;GBP;Pay
10132;3193;CLFRFRPP;Inflation;-238218.29;GBP;Pay
10133;4925;FSAABC;Discounting;-872976.34;GBP;Pay
10134;8266;CLFRFRPP;Discounting;-849281.88;EUR;Rec
10135;3000;CLFPARIS;Inflation;826331.5;GBP;Pay
10136;8190;CLFPARIS;Discounting;514162.4;EUR;Pay
10137;5178;CLFRFRPP;Discounting;-589909.34;EUR;Rec
10138;3048;FSAABC;Discounting;-585544.7;EUR;Pay
10139;5544;CLFRFRPP;Discounting;-462655.04;USD;Rec
10140;1249;CLFUKLON;Discounting;662742.98;USD;Rec
10141;5363;CLFRFRPP;Discounting;121875.94;USD;Rec
10142;8901;FSAABC;Discounting;-731969.54;EUR;Pay
10143;4374;CLFPARIS;Discounting;408159.54;EUR;Rec
10144;5530;FSAXYZ;Discounting;216175.7;USD;Rec
10145;9017;FSAABC;Inflation;-303489.07;GBP;Pay
10146;5261;CLFRFRPP;Inflation;244173.4;GBP;Rec
10147;8730;CLFRFRPP;Discounting;-705853.04;EUR;Pay
10148;7327;CLFRFRPP;Discounting;-483511.22;USD;Pay
10149;5164;CLFUKLON;Discounting;-305173.18;USD;Pay
10150;7269;FSAABC;Discounting;-848273.34;GBP;Rec
10151;1760;FSAABC;Discounting;281749.49;USD;Rec
10152;9472;FSAABC;Discounting;946220.7;GBP;Pay
10153;7777;FSAABC;Discounting;-309834.74;GBP;Pay
10154;5777;CLFPARIS;Discounting;97430.62;USD;Pay
10155;7376;FSAXYZ;Discounting;-271460.28;USD;Rec
10156;8240;CLFUKLON;Discounting;255800.78;EUR;Pay
10157;7493;FSAABC;Discounting;-994809.95;GBP;Rec
10158;2276;FSAXYZ;Discounting;848083.52;GBP;Pay
10159;9717;CLFUKLON;Inflation;441032.12;GBP;Rec
10160;7809;FSAABC;Discounting;790413.68;GBP;Pay
10161;3797;FSAABC;Discounting;734429.96;GBP;Rec
10162;7949;FSAABC;Inflation;-461513.54;GBP;Pay
10163;9905;CLFRFRPP;Discounting;-821591.34;EUR;Pay
10164;1125;FSAXYZ;Discounting;-314146.27;EUR;Pay
10165;7168;FSAXYZ;Discounting;297645.68;USD;Pay
10166;7371;CLFUKLON;Inflation;-136680.91;GBP;Rec
10167;7738;CLFUKLON;Discounting;-273835.41;EUR;Pay
10168;6401;CLFUKLON;Discounting;973030.5;GBP;Rec
10169;4812;CLFRFRPP;Discounting;-796435.05;EUR;Pay
10170;2733;FSAXYZ;Discounting;-824224.75;USD;Pay
10171;4735;CLFRFRPP;Discounting;-963515.04;GBP;Pay
10172;5324;FSAXYZ;Inflation;151996.84;GBP;Rec
10173;9195;CLFRFRPP;Discounting;445792.19;USD;Rec
10174;6560;CLFUKLON;Inflation;-46761.03;GBP;Pay
10175;7316;FSAXYZ;Discounting;935988.13;EUR;Rec
10176;9915;CLFRFRPP;Discounting;-770326.35;EUR;Rec
10177;7233;CLFPARIS;Discounting;864028.68;USD;Pay
10178;7988;FSAABC;Inflation;-326791.44;GBP;Pay
10179;1009;CLFPARIS;Inflation;-596539.08;GBP;Rec
10180;6287;CLFUKLON;Discounting;363005.44;EUR;Pay
10181;3832;CLFRFRPP;Inflation;212203.76;GBP;Pay
10182;4490;CLFRFRPP;Discounting;491949.05;EUR;Rec
10183;2908;FSAABC;Discounting;-637533.87;EUR;Rec
10184;3560;FSAXYZ;Discounting;655881.77;EUR;Rec
10185;7413;FSAXYZ;Discounting;-671468.4;USD;Pay
10186;3898;FSAABC;Discounting;815732.26;USD;Rec
10187;1600;CLFPARIS;Discounting;365964.13;USD;Pay
10188;7943;FSAABC;Discounting;79562.12;EUR;Rec
10189;5670;CLFRFRPP;Discounting;799149.15;EUR;Pay
10190;5033;CLFPARIS;Discounting;-136943.71;GBP;Pay
10191;2202;CLFUKLON;Discounting;-9152.75;GBP;Pay
10192;9669;FSAABC;Discounting;504806.24;EUR;Rec
10193;1950;CLFRFRPP;Discounting;139779.37;USD;Rec
10194;5612;FSAABC;Discounting;-794167.94;USD;Pay
10195;7028;FSAXYZ;Discounting;207915.74;EUR;Rec
10196;4228;CLFPARIS;Discounting;-182089.65;EUR;Pay
10197;4756;CLFUKLON;Discounting;387896.89;GBP;Pay
10198;1793;FSAABC;Inflation;-636804.57;GBP;Pay
10199;7166;CLFUKLON;Discounting;-693297.19;USD;Pay
10200;8783;Bank_018;Discounting;-963779.63;EUR;Pay
10201;1827;Bank_011;Discounting;-953954.79;EUR;Rec
10202;1126;Bank_010;Discounting;-251129.26;EUR;Rec
10203;7024;Bank_019;Discounting;868734.03;EUR;Rec
10204;4797;Bank_011;Inflation;-528187.93;GBP;Pay
10205;4417;Bank_014;Discounting;841683.77;USD;Pay
10206;2854;Bank_019;Discounting;-890476.72;GBP;Pay
10207;9393;Bank_020;Discounting;207443.06;EUR;Pay
10208;8970;Bank_020;Discounting;839711.23;EUR;Rec
10209;9577;Bank_007;Discounting;475002.5;USD;Pay
10210;4600;Bank_011;Discounting;-718285.96;GBP;Rec
10211;2990;Bank_020;Discounting;829691.8;USD;Pay
10212;7320;Bank_011;Discounting;-973811.09;USD;Rec
10213;6588;Bank_017;Inflation;-82022.02;GBP;Pay
10214;5243;Bank_008;Discounting;190770.03;EUR;Pay
10215;3482;Bank_019;Discounting;-63536.34;USD;Rec
10216;5524;Bank_016;Discounting;551055.23;GBP;Rec
10217;7645;Bank_017;Discounting;119280.66;USD;Rec
10218;5926;Bank_004;Discounting;723571.24;EUR;Rec
10219;9038;Bank_003;Discounting;794860.82;USD;Rec
10220;7305;Bank_001;Inflation;679577.72;GBP;Pay
10221;4462;Bank_008;Discounting;-556055.68;EUR;Pay
10222;9519;Bank_015;Discounting;774920.97;EUR;Pay
10223;4675;Bank_015;Discounting;-513655.62;USD;Pay
10224;3538;Bank_016;Discounting;-590031.41;EUR;Rec
10225;1822;Bank_016;Discounting;266481.55;USD;Pay
10226;3198;Bank_019;Discounting;166083.12;EUR;Pay
10227;5177;Bank_002;Discounting;249522.54;EUR;Pay
10228;4594;Bank_010;Discounting;180589.89;GBP;Rec
10229;5491;Bank_020;Discounting;-181176.7;EUR;Pay
10230;8083;Bank_003;Discounting;559517.55;USD;Rec
10231;3679;Bank_014;Inflation;-149572.99;GBP;Rec
10232;4186;Bank_017;Discounting;83268.43;USD;Pay
10233;9428;Bank_007;Discounting;290108.34;EUR;Rec
10234;3541;Bank_004;Discounting;801144.6;USD;Rec
10235;9996;Bank_011;Discounting;59323.36;USD;Rec
10236;6475;Bank_009;Discounting;108356.01;USD;Rec
10237;8141;Bank_012;Inflation;-719962.92;GBP;Pay
10238;3074;Bank_006;Inflation;201033.72;GBP;Rec
10239;7136;Bank_007;Discounting;676213.93;USD;Pay
10240;4028;Bank_014;Discounting;917254.35;USD;Rec
10241;3866;Bank_004;Discounting;-221408.77;GBP;Rec
10242;6415;Bank_011;Discounting;-405756.57;EUR;Pay
10243;2333;Bank_002;Inflation;873659.48;GBP;Pay
10244;7212;Bank_001;Discounting;79685.56;USD;Rec
10245;2762;Bank_020;Inflation;910472.63;GBP;Pay
10246;7122;Bank_002;Discounting;-51525.38;EUR;Rec
10247;3120;Bank_009;Discounting;-9017.37;EUR;Pay
10248;2639;Bank_010;Discounting;-848133.18;EUR;Pay
10249;2252;Bank_012;Inflation;180461.33;GBP;Rec
10250;3322;Bank_005;Discounting;-726362.74;GBP;Pay
10251;1329;Bank_017;Inflation;916341.59;GBP;Rec
10252;1338;Bank_008;Discounting;317566.73;GBP;Pay
10253;3421;Bank_016;Discounting;-500663.98;USD;Rec
10254;6387;Bank_015;Discounting;888118.68;GBP;Rec
10255;9238;Bank_010;Discounting;111613.16;GBP;Pay
10256;4157;Bank_007;Discounting;394840.53;USD;Pay
10257;5232;Bank_019;Discounting;888532.98;USD;Pay
10258;7737;Bank_020;Inflation;44869.15;GBP;Pay
10259;1614;Bank_017;Discounting;-270605.5;USD;Pay
10260;3667;Bank_013;Discounting;392577.55;USD;Pay
10261;3983;Bank_012;Inflation;78982.58;GBP;Pay
10262;6468;Bank_013;Discounting;771955.5;USD;Pay
10263;9502;Bank_003;Discounting;-957461.18;USD;Rec
10264;4810;Bank_007;Discounting;-894632.33;USD;Rec
10265;3032;Bank_012;Discounting;747354.23;EUR;Rec
10266;5361;Bank_007;Discounting;-522445.71;EUR;Pay
10267;3050;Bank_013;Discounting;-425522.02;USD;Rec
10268;7467;Bank_018;Discounting;-915813.62;USD;Pay
10269;9896;Bank_014;Discounting;-231346.71;GBP;Pay
10270;8511;Bank_004;Discounting;572690.03;GBP;Rec
10271;5805;Bank_007;Inflation;-65196.98;GBP;Rec
10272;2868;Bank_002;Discounting;982337.25;EUR;Pay
10273;6690;Bank_008;Discounting;-538861.61;EUR;Pay
10274;4564;Bank_014;Discounting;-646943.94;USD;Pay
10275;3265;Bank_009;Discounting;559168.95;EUR;Rec
10276;4845;Bank_005;Discounting;938205.26;EUR;Rec
10277;3736;Bank_009;Inflation;50063.0;GBP;Rec
10278;8657;Bank_003;Discounting;392041.24;USD;Rec
10279;9194;Bank_003;Discounting;-552364.77;USD;Pay
10280;5675;Bank_014;Discounting;-85135.8;EUR;Rec
10281;8490;Bank_009;Inflation;724255.23;GBP;Pay
10282;1954;Bank_002;Inflation;391428.59;GBP;Rec
10283;6295;Bank_018;Discounting;-559633.6;USD;Pay
10284;4020;Bank_005;Discounting;-876965.95;EUR;Pay
10285;1317;Bank_019;Discounting;-304381.58;USD;Pay
10286;7183;Bank_013;Discounting;757259.97;EUR;Pay
10287;8314;Bank_016;Discounting;734588.4;EUR;Pay
10288;2704;Bank_013;Discounting;860180.7;GBP;Pay
10289;5286;Bank_006;Discounting;922630.58;GBP;Pay
10290;3808;Bank_019;Inflation;-742260.27;GBP;Pay
10291;7506;Bank_007;Inflation;112363.47;GBP;Rec
10292;9780;Bank_012;Inflation;-831803.55;GBP;Rec
10293;2136;Bank_009;Discounting;-480392.84;EUR;Rec
10294;5543;Bank_013;Inflation;-433314.1;GBP;Rec
10295;6352;Bank_002;Inflation;-641005.35;GBP;Rec
10296;6084;Bank_004;Discounting;-398072.87;USD;Rec
10297;2040;Bank_012;Discounting;164340.92;USD;Pay
10298;3752;Bank_018;Discounting;946977.94;USD;Rec
10299;9476;Bank_012;Inflation;516526.39;GBP;Pay
10300;6126;Bank_011;Discounting;-256332.94;EUR;Rec
10301;4356;Bank_004;Discounting;-97225.95;EUR;Pay
10302;1038;Bank_015;Discounting;-403251.14;GBP;Pay
10303;2823;Bank_002;Inflation;309022.43;GBP;Rec
10304;6658;Bank_003;Discounting;-697884.22;EUR;Rec
10305;1988;Bank_015;Discounting;929040.94;EUR;Pay
10306;2682;Bank_005;Discounting;-358514.52;GBP;Pay
10307;1933;Bank_015;Discounting;-599281.71;USD;Pay
10308;4056;Bank_012;Discounting;-56935.08;USD;Pay
10309;4610;Bank_008;Discounting;737246.34;USD;Pay
10310;4380;Bank_008;Inflation;60708.79;GBP;Pay
10311;7342;Bank_003;Discounting;-411664.05;EUR;Rec
10312;6655;Bank_003;Discounting;-36955.3;USD;Pay
10313;2875;Bank_004;Discounting;-548919.72;EUR;Rec
10314;8099;Bank_002;Discounting;-700838.71;GBP;Rec
10315;9465;Bank_018;Discounting;200041.1;USD;Pay
10316;7154;Bank_013;Discounting;905297.28;EUR;Pay
10317;4496;Bank_008;Discounting;-790139.64;GBP;Rec
10318;7731;Bank_014;Inflation;236311.47;GBP;Rec
10319;3720;Bank_010;Discounting;-855167.46;USD;Rec
10320;7368;Bank_001;Discounting;-834982.93;EUR;Pay
10321;7732;Bank_020;Discounting;-355810.6;USD;Rec
10322;8014;Bank_014;Discounting;642881.46;USD;Rec
10323;1105;Bank_012;Discounting;272860.5;EUR;Rec
10324;7082;Bank_006;Discounting;233209.16;EUR;Rec
10325;1552;Bank_018;Discounting;603456.17;USD;Rec
10326;9442;Bank_007;Inflation;95184.75;GBP;Rec
10327;1021;Bank_003;Inflation;463179.04;GBP;Pay
10328;8179;Bank_012;Discounting;743567.13;EUR;Pay
10329;4638;Bank_014;Discounting;743665.56;EUR;Rec
10330;3356;Bank_019;Discounting;438403.56;USD;Rec
10331;1661;Bank_005;Discounting;300651.37;EUR;Pay
10332;9946;Bank_003;Discounting;-163200.42;EUR;Pay
10333;1352;Bank_007;Discounting;921561.1;EUR;Rec
10334;1956;Bank_020;Discounting;470700.6;EUR;Rec
10335;4453;Bank_020;Discounting;27991.74;USD;Pay
10336;7563;Bank_002;Discounting;801403.73;USD;Pay
10337;2394;Bank_012;Inflation;263120.44;GBP;Pay
10338;3958;Bank_001;Inflation;-189379.63;GBP;Rec
10339;1525;Bank_014;Discounting;-173937.65;USD;Pay
10340;5648;Bank_015;Discounting;158829.8;USD;Rec
10341;4155;Bank_002;Discounting;-217836.93;GBP;Rec
10342;9219;Bank_002;Discounting;-349619.87;GBP;Pay
10343;6543;Bank_012;Discounting;-92420.92;EUR;Pay
10344;4466;Bank_010;Inflation;-338221.27;GBP;Rec
10345;6724;Bank_010;Discounting;-138224.95;USD;Pay
10346;6895;Bank_011;Discounting;-665916.18;EUR;Pay
10347;7099;Bank_011;Discounting;327609.06;EUR;Pay
10348;4568;Bank_012;Inflation;-588317.58;GBP;Pay
10349;1956;Bank_020;Discounting;-885826.29;USD;Rec
10350;1281;Bank_001;Inflation;-639979.13;GBP;Pay
10351;6178;Bank_005;Discounting;169341.4;EUR;Pay
10352;5585;Bank_020;Discounting;930237.39;EUR;Rec
10353;1125;Bank_002;Discounting;946195.5;EUR;Rec
10354;6342;Bank_015;Discounting;333728.52;GBP;Rec
10355;7294;Bank_013;Discounting;465797.84;USD;Rec
10356;8175;Bank_018;Discounting;461658.95;EUR;Pay
10357;7812;Bank_006;Discounting;-645700.42;EUR;Pay
10358;6238;Bank_011;Discounting;-5650.47;USD;Rec
10359;8705;Bank_008;Discounting;-939225.88;GBP;Rec
10360;5440;Bank_014;Discounting;-568649.7;EUR;Pay
10361;4124;Bank_016;Discounting;-786813.94;EUR;Pay
10362;4291;Bank_002;Discounting;-903575.92;USD;Rec
10363;6704;Bank_001;Discounting;741506.9;EUR;Pay
10364;4828;Bank_013;Discounting;757031.12;GBP;Pay
10365;4173;Bank_014;Discounting;615691.88;USD;Pay
10366;8761;Bank_013;Discounting;-128833.37;EUR;Pay
10367;6450;Bank_001;Discounting;298149.32;USD;Rec
10368;3772;Bank_015;Discounting;219663.61;EUR;Rec
10369;3190;Bank_019;Discounting;192970.95;EUR;Pay
10370;9927;Bank_017;Inflation;-853608.15;GBP;Rec
10371;8010;Bank_008;Discounting;238980.69;USD;Rec
10372;3989;Bank_009;Inflation;902957.12;GBP;Pay
10373;2177;Bank_012;Discounting;53247.59;EUR;Rec
10374;9234;Bank_016;Inflation;436246.15;GBP;Rec
10375;7570;Bank_013;Discounting;-138275.82;EUR;Pay
10376;5431;Bank_015;Discounting;909320.06;EUR;Rec
10377;9906;Bank_019;Discounting;-41633.54;GBP;Rec
10378;5882;Bank_002;Discounting;234703.51;USD;Pay
10379;9564;Bank_020;Discounting;859211.75;USD;Pay
10380;8311;Bank_010;Discounting;-200189.59;USD;Rec
10381;7787;Bank_011;Inflation;-637123.3;GBP;Pay
10382;8052;Bank_007;Discounting;134624.44;GBP;Rec
10383;7441;Bank_004;Discounting;631497.29;USD;Pay
10384;6291;Bank_013;Discounting;902806.68;USD;Pay
10385;8285;Bank_009;Discounting;293211.83;USD;Pay
10386;6752;Bank_010;Discounting;-488710.0;EUR;Rec
10387;6699;Bank_018;Inflation;342849.34;GBP;Rec
10388;8000;Bank_018;Inflation;-96464.64;GBP;Rec
10389;1482;Bank_012;Discounting;-566520.4;USD;Pay
10390;9853;Bank_016;Discounting;-539507.66;EUR;Pay
10391;8622;Bank_011;Discounting;-218188.01;USD;Pay
10392;7652;Bank_002;Discounting;351682.49;GBP;Pay
10393;7780;Bank_007;Discounting;-968357.82;EUR;Pay
10394;3349;Bank_019;Discounting;156773.83;USD;Rec
10395;7764;Bank_014;Discounting;191501.46;EUR;Pay
10396;1072;Bank_008;Discounting;-312879.05;EUR;Pay
10397;1707;Bank_013;Discounting;-864774.87;EUR;Rec
10398;3475;Bank_008;Discounting;301754.74;USD;Rec
10399;8979;Bank_003;Discounting;-895322.25;USD;Rec
10400;6291;Bank_002;Discounting;990960.98;USD;Pay
10401;5211;Bank_008;Discounting;-822465.21;USD;Rec
10402;4374;Bank_016;Discounting;-154621.77;USD;Rec
10403;4083;Bank_017;Inflation;-530715.84;GBP;Rec
10404;5443;Bank_019;Discounting;474360.45;USD;Pay
10405;9555;Bank_001;Discounting;41915.95;EUR;Rec
10406;5037;Bank_018;Discounting;216972.83;GBP;Rec
10407;3785;Bank_014;Discounting;-473774.86;EUR;Pay
10408;3408;Bank_002;Discounting;19448.49;GBP;Pay
10409;6299;Bank_004;Discounting;-676471.58;USD;Pay
10410;9597;Bank_011;Inflation;702849.92;GBP;Rec
10411;5107;Bank_015;Discounting;79465.24;EUR;Rec
10412;6548;Bank_003;Discounting;64962.39;USD;Rec
10413;8629;Bank_006;Discounting;-390641.72;GBP;Rec
10414;9264;Bank_015;Discounting;-652950.97;EUR;Pay
10415;5225;Bank_003;Discounting;951220.4;USD;Rec
10416;6656;Bank_002;Discounting;724028.96;EUR;Pay
10417;5259;Bank_014;Discounting;796523.25;EUR;Rec
10418;9429;Bank_020;Discounting;650401.53;GBP;Pay
10419;6772;Bank_002;Discounting;12215.11;EUR;Rec
10420;8340;Bank_012;Discounting;12283.73;EUR;Pay
10421;6777;Bank_006;Discounting;239175.91;EUR;Pay
10422;6179;Bank_019;Discounting;561523.17;GBP;Pay
10423;7488;Bank_002;Discounting;508507.09;USD;Pay
10424;6175;Bank_015;Discounting;-521639.79;EUR;Pay
10425;6448;Bank_014;Inflation;383236.11;GBP;Pay
10426;9800;Bank_004;Discounting;-534708.92;GBP;Rec
10427;2403;Bank_020;Discounting;311447.35;EUR;Rec
10428;5517;Bank_007;Discounting;584187.27;USD;Pay
10429;8870;Bank_003;Inflation;-36730.31;GBP;Pay
10430;7140;Bank_005;Discounting;-167692.0;USD;Pay
10431;8898;Bank_006;Inflation;361949.65;GBP;Pay
10432;7007;Bank_007;Discounting;-352999.21;EUR;Pay
10433;9433;Bank_013;Discounting;603074.22;EUR;Pay
10434;5268;Bank_004;Discounting;-468297.73;EUR;Pay
10435;5798;Bank_020;Inflation;-745600.47;GBP;Pay
10436;9737;Bank_020;Discounting;621371.86;USD;Rec
10437;4493;Bank_010;Discounting;784169.38;EUR;Rec
10438;5200;Bank_017;Discounting;376269.41;EUR;Pay
10439;1571;Bank_016;Discounting;681743.16;EUR;Pay
10440;4897;Bank_008;Discounting;274402.95;EUR;Rec
10441;1775;Bank_008;Discounting;778781.83;EUR;Pay
10442;4926;Bank_013;Inflation;976550.54;GBP;Pay
10443;7230;Bank_005;Discounting;-830415.97;EUR;Rec
10444;4456;Bank_013;Discounting;-975783.05;GBP;Rec
10445;2668;Bank_020;Discounting;-293497.18;EUR;Rec
10446;1365;Bank_004;Discounting;884630.78;GBP;Rec
10447;9754;Bank_011;Discounting;99232.09;USD;Pay
10448;6439;Bank_010;Discounting;-835656.67;USD;Pay
10449;8504;Bank_008;Discounting;-236120.72;EUR;Pay
10450;2827;Bank_004;Discounting;287808.51;USD;Pay
10451;9569;Bank_018;Discounting;-749532.86;USD;Pay
10452;6978;Bank_008;Discounting;-27968.99;USD;Rec
10453;7303;Bank_016;Discounting;-912528.75;USD;Pay
10454;8569;Bank_009;Discounting;-135846.23;EUR;Rec
10455;7267;Bank_018;Discounting;-518614.58;USD;Rec
10456;1685;Bank_017;Discounting;342909.87;EUR;Pay
10457;6341;Bank_007;Discounting;837853.07;EUR;Rec
10458;8697;Bank_013;Discounting;956794.56;USD;Pay
10459;1301;Bank_008;Discounting;-638810.8;USD;Pay
10460;9789;Bank_011;Discounting;79112.44;EUR;Rec
10461;4537;Bank_002;Discounting;451959.82;EUR;Pay
10462;9474;Bank_018;Discounting;-698647.78;GBP;Pay
10463;9652;Bank_011;Discounting;486847.57;EUR;Pay
10464;9706;Bank_019;Inflation;746645.83;GBP;Pay
10465;8295;Bank_005;Inflation;116084.65;GBP;Rec
10466;7272;Bank_012;Discounting;983619.9;EUR;Pay
10467;6343;Bank_010;Discounting;-378142.14;USD;Pay
10468;2428;Bank_014;Discounting;375768.22;GBP;Pay
10469;3159;Bank_013;Discounting;48318.34;EUR;Rec
10470;3649;Bank_012;Discounting;-595038.88;EUR;Rec
10471;4489;Bank_020;Discounting;683940.74;GBP;Rec
10472;6189;Bank_019;Discounting;-263380.94;EUR;Rec
10473;6251;Bank_020;Discounting;-565581.8;USD;Rec
10474;8321;Bank_005;Discounting;-996240.23;USD;Pay
10475;5966;Bank_010;Discounting;-289013.98;USD;Rec
10476;2080;Bank_013;Discounting;748524.94;EUR;Pay
10477;4292;Bank_014;Discounting;159967.57;GBP;Rec
10478;7643;Bank_004;Discounting;352935.87;USD;Rec
10479;1593;Bank_019;Inflation;-355783.99;GBP;Rec
10480;4390;Bank_014;Inflation;-331523.36;GBP;Rec
10481;1541;Bank_006;Discounting;650261.34;EUR;Pay
10482;9623;Bank_013;Discounting;471011.21;USD;Pay
10483;2169;Bank_020;Discounting;602733.83;EUR;Pay
10484;2019;Bank_013;Discounting;275106.53;EUR;Pay
10485;1659;Bank_016;Discounting;-180190.22;GBP;Pay
10486;3125;Bank_011;Inflation;175538.72;GBP;Pay
10487;6624;Bank_020;Discounting;-330977.42;EUR;Rec
10488;6068;Bank_011;Discounting;663394.09;EUR;Rec
10489;3757;Bank_017;Discounting;881358.49;GBP;Pay
10490;2449;Bank_003;Discounting;745460.5;USD;Rec
10491;8999;Bank_005;Discounting;-83626.23;EUR;Pay
10492;7404;Bank_004;Discounting;-838796.97;USD;Rec
10493;8462;Bank_018;Inflation;459016.46;GBP;Pay
10494;1685;Bank_012;Discounting;845246.12;EUR;Pay
10495;7868;Bank_012;Discounting;-927424.75;USD;Rec
10496;5998;Bank_003;Inflation;-500907.6;GBP;Rec
10497;3014;Bank_010;Discounting;-463721.96;EUR;Pay
10498;6347;Bank_011;Discounting;123985.69;USD;Rec
10499;1689;Bank_001;Inflation;799666.69;GBP;Pay
10500;1671;Bank_011;Discounting;-213104.31;GBP;Rec
10501;3539;Bank_014;Discounting;962594.18;EUR;Pay
10502;4670;Bank_005;Discounting;-382602.51;EUR;Pay
10503;7588;Bank_009;Discounting;440016.08;EUR;Rec
10504;7633;Bank_007;Discounting;90211.06;USD;Pay
10505;1572;Bank_002;Discounting;-864663.28;USD;Pay
10506;5624;Bank_002;Discounting;-83398.72;USD;Rec
10507;4648;Bank_010;Discounting;891396.29;EUR;Pay
10508;4137;Bank_010;Discounting;-176468.92;USD;Rec
10509;4750;Bank_012;Inflation;612807.23;GBP;Rec
10510;1610;Bank_019;Inflation;-320445.06;GBP;Pay
10511;3324;Bank_020;Discounting;516850.04;USD;Pay
10512;6774;Bank_008;Discounting;759163.71;EUR;Pay
10513;1781;Bank_009;Discounting;544024.95;USD;Rec
10514;3113;Bank_003;Discounting;-4374.98;EUR;Rec
10515;5869;Bank_007;Discounting;-239159.98;GBP;Pay
10516;7852;Bank_019;Inflation;46659.26;GBP;Rec
10517;9087;Bank_009;Discounting;-375301.8;EUR;Pay
10518;6000;Bank_015;Inflation;66057.73;GBP;Rec
10519;7971;Bank_020;Discounting;-667931.37;USD;Rec
10520;5943;Bank_003;Discounting;794372.68;EUR;Pay
10521;2898;Bank_008;Discounting;196225.26;USD;Pay
10522;6110;Bank_008;Discounting;308585.1;EUR;Rec
10523;4690;Bank_005;Discounting;935511.75;USD;Rec
10524;6906;Bank_009;Discounting;934253.23;GBP;Rec
10525;9766;Bank_013;Discounting;450371.1;GBP;Pay
10526;8329;Bank_004;Discounting;-145020.62;USD;Rec
10527;9438;Bank_005;Discounting;54799.24;EUR;Pay
10528;4864;Bank_020;Discounting;-841186.83;USD;Rec
10529;7788;Bank_003;Discounting;716354.11;EUR;Rec
10530;1645;Bank_019;Discounting;802592.02;EUR;Pay
10531;3504;Bank_002;Discounting;759643.83;USD;Pay
10532;5079;Bank_001;Discounting;-716056.02;EUR;Pay
10533;7450;Bank_015;Discounting;227554.84;USD;Rec
10534;3326;Bank_016;Discounting;682895.11;USD;Pay
10535;2674;Bank_015;Discounting;-747470.52;GBP;Pay
10536;7049;Bank_002;Inflation;-860717.7;GBP;Rec
10537;2958;Bank_006;Discounting;-545640.89;EUR;Rec
10538;6063;Bank_003;Discounting;-568940.26;USD;Pay
10539;8358;Bank_003;Discounting;-183387.31;EUR;Pay
10540;9179;Bank_014;Discounting;614792.06;EUR;Pay
10541;2787;Bank_013;Discounting;814390.06;GBP;Rec
10542;8418;Bank_002;Discounting;-546539.23;USD;Rec
10543;5596;Bank_008;Discounting;-174477.74;USD;Pay
10544;7142;Bank_014;Discounting;-915950.65;GBP;Rec
10545;7999;Bank_014;Discounting;-439925.34;USD;Rec
10546;2967;Bank_019;Discounting;652078.1;USD;Pay
10547;6394;Bank_009;Discounting;242688.99;EUR;Pay
10548;2531;Bank_019;Inflation;-563113.63;GBP;Rec
10549;2460;Bank_004;Discounting;-907752.87;EUR;Rec
10550;7816;Bank_020;Discounting;196714.97;EUR;Rec
10551;2762;Bank_009;Inflation;197616.59;GBP;Rec
10552;9259;Bank_008;Discounting;-339183.99;USD;Pay
10553;6717;Bank_009;Discounting;62633.04;GBP;Pay
10554;3479;Bank_012;Inflation;578321.69;GBP;Pay
10555;2492;Bank_005;Discounting;-23250.74;EUR;Pay
10556;8156;Bank_009;Discounting;338400.53;EUR;Pay
10557;5577;Bank_001;Discounting;-139145.18;EUR;Pay
10558;7581;Bank_012;Discounting;-724952.45;USD;Pay
10559;7748;Bank_008;Discounting;-109507.78;EUR;Pay
10560;4740;Bank_019;Inflation;-791550.39;GBP;Pay
10561;6525;Bank_012;Discounting;304448.52;EUR;Pay
10562;1193;Bank_002;Discounting;12532.12;GBP;Pay
10563;5005;Bank_006;Discounting;-994157.93;USD;Pay
10564;7716;Bank_012;Discounting;814760.33;USD;Rec
10565;4451;Bank_010;Discounting;-337305.99;EUR;Pay
10566;3800;Bank_003;Discounting;-105063.72;USD;Pay
10567;6808;Bank_013;Discounting;708272.0;EUR;Rec
10568;5976;Bank_008;Inflation;-430183.96;GBP;Rec
10569;1340;Bank_017;Discounting;-413022.35;USD;Rec
10570;7376;Bank_009;Discounting;234133.03;EUR;Pay
10571;1855;Bank_019;Discounting;748445.05;GBP;Pay
10572;5492;Bank_011;Discounting;-98805.96;USD;Pay
10573;4629;Bank_013;Discounting;-156343.64;EUR;Rec
10574;7132;Bank_013;Discounting;-406544.72;EUR;Rec
10575;7246;Bank_005;Discounting;-995792.31;EUR;Pay
10576;4741;Bank_013;Discounting;207590.91;GBP;Pay
10577;7993;Bank_018;Discounting;-232322.23;USD;Rec
10578;9611;Bank_018;Discounting;192643.04;EUR;Pay
10579;1935;Bank_020;Discounting;-191520.54;EUR;Pay
10580;8922;Bank_015;Discounting;-174649.35;EUR;Pay
10581;4868;Bank_009;Discounting;776078.13;USD;Rec
10582;5658;Bank_009;Discounting;747397.19;EUR;Pay
10583;4155;Bank_006;Inflation;59983.05;GBP;Pay
10584;1386;Bank_016;Discounting;640025.26;USD;Rec
10585;5008;Bank_012;Discounting;-831215.24;GBP;Pay
10586;2998;Bank_005;Discounting;117284.79;EUR;Rec
10587;5318;Bank_006;Discounting;703682.47;EUR;Rec
10588;7563;Bank_003;Discounting;85068.74;EUR;Pay
10589;4259;Bank_012;Discounting;644844.75;USD;Rec
10590;4243;Bank_015;Discounting;-802252.76;EUR;Pay
10591;2141;Bank_004;Discounting;-250894.23;EUR;Rec
10592;7583;Bank_005;Discounting;780194.07;GBP;Rec
10593;3606;Bank_020;Inflation;291644.77;GBP;Pay
10594;3011;Bank_003;Discounting;583440.52;GBP;Pay
10595;2829;Bank_005;Discounting;-564214.89;USD;Rec
10596;2054;Bank_004;Discounting;944050.51;EUR;Pay
10597;8069;Bank_003;Inflation;-801395.59;GBP;Pay
10598;8597;Bank_011;Discounting;-953295.81;GBP;Rec
10599;7268;Bank_015;Discounting;-739904.43;EUR;Rec
10600;3169;Bank_005;Discounting;-372066.57;USD;Rec
10601;7789;Bank_004;Discounting;90762.24;USD;Rec
10602;9988;Bank_013;Inflation;-221036.21;GBP;Pay
10603;4807;Bank_016;Discounting;960217.98;USD;Rec
10604;3352;Bank_013;Discounting;523803.63;USD;Pay
10605;6498;Bank_019;Inflation;-481330.21;GBP;Rec
10606;8730;Bank_017;Discounting;354774.64;EUR;Rec
10607;9491;Bank_011;Discounting;-669515.9;GBP;Rec
10608;7626;Bank_013;Discounting;-585381.99;GBP;Rec
10609;7652;Bank_017;Inflation;246811.92;GBP;Rec
10610;7905;Bank_019;Discounting;-209724.51;EUR;Pay
10611;2307;Bank_005;Discounting;86049.17;EUR;Pay
10612;4730;Bank_002;Discounting;-83067.15;GBP;Rec
10613;7538;Bank_007;Discounting;361511.79;EUR;Pay
10614;2960;Bank_014;Discounting;939215.45;USD;Rec
10615;1882;Bank_019;Discounting;-812655.16;USD;Rec
10616;7963;Bank_006;Inflation;-17163.64;GBP;Pay
10617;9125;Bank_015;Inflation;-15349.04;GBP;Pay
10618;4825;Bank_017;Inflation;-88041.45;GBP;Pay
10619;5699;Bank_019;Discounting;147057.9;GBP;Pay
10620;1364;Bank_003;Inflation;707923.93;GBP;Pay
10621;9016;Bank_017;Discounting;786180.41;EUR;Pay
10622;8742;Bank_006;Discounting;20864.98;GBP;Pay
10623;8661;Bank_016;Discounting;858514.8;USD;Rec
10624;6845;Bank_011;Inflation;-731129.74;GBP;Rec
10625;1276;Bank_016;Discounting;-442480.26;USD;Pay
10626;1695;Bank_015;Inflation;353642.6;GBP;Pay
10627;5208;Bank_008;Discounting;-911676.13;GBP;Rec
10628;4363;Bank_005;Discounting;-714299.43;EUR;Pay
10629;9068;Bank_009;Inflation;400068.55;GBP;Pay
10630;4175;Bank_009;Discounting;-439331.08;USD;Rec
10631;8427;Bank_006;Inflation;-778003.8;GBP;Pay
10632;1187;Bank_013;Discounting;-855367.05;EUR;Rec
10633;3130;Bank_006;Discounting;-774136.71;USD;Rec
10634;8913;Bank_016;Discounting;-709606.97;USD;Rec
10635;2497;Bank_013;Inflation;726801.53;GBP;Pay
10636;3951;Bank_014;Discounting;812222.0;USD;Pay
10637;3780;Bank_007;Discounting;-547942.0;EUR;Pay
10638;6789;Bank_013;Discounting;-284371.83;EUR;Pay
10639;8480;Bank_017;Inflation;-101300.52;GBP;Pay
10640;8651;Bank_008;Discounting;274181.67;USD;Rec
10641;7555;Bank_014;Discounting;-420059.76;EUR;Rec
10642;7846;Bank_004;Discounting;550692.3;EUR;Pay
10643;6585;Bank_012;Inflation;763984.34;GBP;Pay
10644;8927;Bank_002;Discounting;497290.47;GBP;Pay
10645;8758;Bank_017;Discounting;-906296.18;USD;Pay
10646;4167;Bank_006;Discounting;166533.04;EUR;Pay
10647;7056;Bank_006;Discounting;481808.11;EUR;Rec
10648;6276;Bank_011;Discounting;-740140.15;EUR;Pay
10649;5232;Bank_002;Discounting;885967.63;USD;Pay
10650;3224;Bank_006;Discounting;374038.53;GBP;Pay
10651;7361;Bank_001;Inflation;351695.49;GBP;Pay
10652;7318;Bank_011;Discounting;932095.01;EUR;Pay
10653;9043;Bank_011;Discounting;405081.0;EUR;Rec
10654;6832;Bank_020;Inflation;998932.5;GBP;Pay
10655;2124;Bank_016;Inflation;-134541.73;GBP;Rec
10656;4374;Bank_016;Discounting;-262585.66;USD;Rec
10657;6355;Bank_009;Discounting;-166991.14;GBP;Pay
10658;9588;Bank_004;Inflation;-257676.77;GBP;Rec
10659;4237;Bank_011;Discounting;295426.34;USD;Rec
10660;2772;Bank_002;Discounting;861614.59;EUR;Rec
10661;8170;Bank_006;Discounting;426413.77;EUR;Rec
10662;2461;Bank_001;Discounting;-913986.1;EUR;Rec
10663;2548;Bank_017;Discounting;31723.81;USD;Rec
10664;8982;Bank_010;Discounting;-241811.9;USD;Pay
10665;2815;Bank_002;Discounting;-751263.2;USD;Pay
10666;1674;Bank_003;Discounting;812131.77;GBP;Rec
10667;5979;Bank_011;Discounting;-916686.36;EUR;Rec
10668;4923;Bank_016;Inflation;-736963.47;GBP;Pay
10669;7091;Bank_010;Inflation;-264532.7;GBP;Pay
10670;5063;Bank_001;Discounting;-303808.81;GBP;Rec
10671;4709;Bank_012;Inflation;96764.07;GBP;Pay
10672;8395;Bank_015;Inflation;797121.21;GBP;Pay
10673;9835;Bank_008;Discounting;874756.88;GBP;Pay
10674;6345;Bank_013;Discounting;343284.56;GBP;Rec
10675;9707;Bank_008;Discounting;570379.09;EUR;Pay
10676;7683;Bank_009;Discounting;451254.4;EUR;Pay
10677;1025;Bank_010;Discounting;-706074.58;GBP;Pay
10678;4764;Bank_008;Inflation;285637.83;GBP;Pay
10679;2072;Bank_015;Discounting;449962.34;USD;Rec
10680;3606;Bank_009;Discounting;380193.12;USD;Rec
10681;8763;Bank_020;Discounting;-910872.35;EUR;Pay
10682;2696;Bank_018;Discounting;522176.61;USD;Pay
10683;3783;Bank_014;Discounting;-450592.37;EUR;Rec
10684;3645;Bank_018;Discounting;-639384.13;USD;Rec
10685;2757;Bank_003;Discounting;-108916.72;USD;Rec
10686;1492;Bank_011;Discounting;962385.06;EUR;Pay
10687;5958;Bank_012;Discounting;-606148.59;USD;Pay
10688;3743;Bank_012;Discounting;838774.81;GBP;Pay
10689;7102;Bank_006;Discounting;962355.67;USD;Rec
10690;1619;Bank_019;Discounting;-289917.89;EUR;Pay
10691;2296;Bank_011;Inflation;954615.82;GBP;Pay
10692;6366;Bank_008;Discounting;-46199.79;EUR;Rec
10693;4423;Bank_004;Discounting;-83530.7;GBP;Rec
10694;4667;Bank_018;Discounting;-2208.67;USD;Pay
10695;3468;Bank_010;Discounting;852388.14;EUR;Rec
10696;5009;Bank_011;Discounting;616158.56;EUR;Rec
10697;5967;Bank_002;Inflation;-809201.45;GBP;Rec
10698;5444;Bank_003;Discounting;-762994.75;EUR;Pay
10699;8432;Bank_002;Inflation;25440.5;GBP;Pay
10700;5422;Bank_017;Inflation;508529.95;GBP;Rec
10701;8778;Bank_017;Inflation;-285757.68;GBP;Pay
10702;5369;Bank_013;Discounting;147682.51;EUR;Rec
10703;2105;Bank_004;Discounting;804472.81;EUR;Rec
10704;9345;Bank_013;Discounting;-558294.43;GBP;Rec
10705;5200;Bank_005;Discounting;-649556.46;USD;Pay
10706;2772;Bank_009;Discounting;163244.59;EUR;Rec
10707;3871;Bank_019;Discounting;-347323.14;EUR;Pay
10708;2132;Bank_007;Discounting;691699.1;GBP;Pay
10709;8812;Bank_014;Inflation;-4920.3;GBP;Rec
10710;4180;Bank_008;Discounting;-336870.6;EUR;Rec
10711;1614;Bank_014;Discounting;-271291.52;USD;Pay
10712;1270;Bank_003;Discounting;-181175.86;EUR;Pay
10713;4607;Bank_010;Discounting;-73412.69;GBP;Rec
10714;4252;Bank_020;Discounting;-216352.07;GBP;Pay
10715;5276;Bank_009;Discounting;-166868.34;EUR;Pay
10716;6445;Bank_005;Discounting;-598879.5;EUR;Rec
10717;4156;Bank_020;Discounting;-896198.11;GBP;Rec
10718;4109;Bank_019;Discounting;-168112.19;GBP;Rec
10719;7028;Bank_018;Discounting;636053.5;USD;Rec
10720;1205;Bank_016;Inflation;-188497.66;GBP;Pay
10721;6141;Bank_008;Discounting;-843088.37;EUR;Rec
10722;4273;Bank_002;Discounting;-462306.52;GBP;Rec
10723;4551;Bank_010;Discounting;-276579.49;USD;Pay
10724;6679;Bank_020;Discounting;518010.57;GBP;Pay
10725;3800;Bank_001;Discounting;-261438.46;GBP;Pay
10726;8361;Bank_008;Discounting;-76567.71;GBP;Rec
10727;4072;Bank_015;Discounting;700943.23;GBP;Rec
10728;4664;Bank_002;Discounting;-715659.11;GBP;Pay
10729;5357;Bank_020;Discounting;-762251.22;EUR;Pay
10730;9752;Bank_012;Discounting;98619.54;GBP;Pay
10731;8106;Bank_015;Discounting;-949613.17;USD;Pay
10732;2907;Bank_003;Discounting;231823.83;USD;Rec
10733;5769;Bank_004;Discounting;412386.37;GBP;Pay
10734;1992;Bank_017;Discounting;-382331.15;GBP;Pay
10735;1389;Bank_008;Discounting;600006.96;EUR;Rec
10736;9850;Bank_012;Inflation;617579.97;GBP;Pay
10737;8262;Bank_004;Inflation;632821.57;GBP;Rec
10738;5408;Bank_005;Inflation;870594.2;GBP;Rec
10739;8951;Bank_019;Inflation;348039.84;GBP;Rec
10740;8291;Bank_001;Discounting;-424734.54;EUR;Rec
10741;1139;Bank_017;Discounting;-138919.58;USD;Pay
10742;7043;Bank_014;Discounting;-505736.89;EUR;Rec
10743;4104;Bank_018;Discounting;355081.89;EUR;Pay
10744;9058;Bank_002;Discounting;-237117.92;USD;Pay
10745;7432;Bank_013;Discounting;264564.31;USD;Pay
10746;7358;Bank_019;Discounting;-797254.2;USD;Pay
10747;8196;Bank_018;Discounting;960737.48;GBP;Rec
10748;7361;Bank_010;Discounting;941353.09;EUR;Rec
10749;2988;Bank_018;Discounting;-154542.73;USD;Rec
10750;4802;Bank_017;Discounting;-589334.12;GBP;Pay
10751;9399;Bank_002;Discounting;937074.66;USD;Rec
10752;2518;Bank_006;Inflation;391594.96;GBP;Pay
10753;4554;Bank_015;Discounting;283263.82;USD;Rec
10754;2742;Bank_010;Discounting;344112.08;EUR;Pay
10755;5195;Bank_002;Discounting;893467.46;EUR;Rec
10756;7409;Bank_015;Discounting;765987.65;GBP;Rec
10757;2271;Bank_004;Discounting;360223.77;USD;Rec
10758;9475;Bank_001;Discounting;165852.11;EUR;Pay
10759;1816;Bank_009;Inflation;-201929.36;GBP;Pay
10760;3093;Bank_010;Discounting;329989.03;USD;Rec
10761;5937;Bank_018;Inflation;-814749.03;GBP;Rec
10762;8674;Bank_015;Discounting;25452.79;GBP;Rec
10763;9089;Bank_019;Discounting;275376.49;EUR;Pay
10764;5017;Bank_020;Discounting;307988.18;EUR;Rec
10765;9342;Bank_015;Discounting;-288057.94;GBP;Rec
10766;6485;Bank_005;Inflation;-874947.41;GBP;Rec
10767;9252;Bank_018;Inflation;194191.54;GBP;Rec
10768;2551;Bank_018;Discounting;-333930.26;USD;Rec
10769;2361;Bank_006;Inflation;865421.02;GBP;Pay
10770;2993;Bank_006;Discounting;475834.79;EUR;Pay
10771;1690;Bank_014;Discounting;841533.22;USD;Pay
10772;8786;Bank_007;Discounting;-263102.16;EUR;Rec
10773;5744;Bank_018;Inflation;260494.44;GBP;Pay
10774;5458;Bank_006;Discounting;-114908.97;USD;Rec
10775;6738;Bank_005;Inflation;649486.47;GBP;Rec
10776;8829;Bank_011;Discounting;-597802.55;USD;Pay
10777;9326;Bank_011;Discounting;854221.26;USD;Rec
10778;4278;Bank_001;Inflation;-977015.05;GBP;Pay
10779;9312;Bank_001;Discounting;-776238.77;USD;Rec
10780;1644;Bank_017;Discounting;328438.77;USD;Rec
10781;3668;Bank_015;Inflation;-421625.11;GBP;Pay
10782;1195;Bank_012;Inflation;71107.63;GBP;Rec
10783;9468;Bank_020;Discounting;-384408.34;EUR;Pay
10784;3591;Bank_005;Discounting;-252959.65;USD;Rec
10785;3854;Bank_016;Discounting;-794864.07;EUR;Pay
10786;1136;Bank_006;Discounting;-302219.85;GBP;Pay
10787;3472;Bank_005;Discounting;675816.75;USD;Pay
10788;9143;Bank_003;Discounting;-973497.93;USD;Pay
10789;2700;Bank_013;Discounting;-540803.68;USD;Rec
10790;7038;Bank_013;Discounting;-996015.73;EUR;Pay
10791;5545;Bank_005;Discounting;29866.7;USD;Rec
10792;5757;Bank_001;Discounting;-171598.15;USD;Pay
10793;8081;Bank_019;Discounting;-291457.35;USD;Rec
10794;9306;Bank_004;Discounting;-576211.34;USD;Pay
10795;8178;Bank_014;Discounting;-217934.26;GBP;Pay
10796;1146;Bank_015;Discounting;143824.41;USD;Rec
10797;6628;Bank_009;Inflation;742936.84;GBP;Pay
10798;3242;Bank_010;Discounting;-592665.72;GBP;Rec
10799;6618;Bank_013;Discounting;262837.84;USD;Pay
10800;1238;Bank_013;Discounting;-765592.19;EUR;Pay
10801;5390;Bank_017;Discounting;529601.94;GBP;Pay
10802;6126;Bank_017;Discounting;-963751.92;GBP;Pay
10803;7314;Bank_003;Discounting;-556199.08;GBP;Pay
10804;4893;Bank_009;Discounting;642776.73;EUR;Pay
10805;7773;Bank_009;Discounting;-633115.61;GBP;Rec
10806;6057;Bank_009;Discounting;-67380.49;EUR;Pay
10807;4764;Bank_014;Discounting;607075.32;USD;Pay
10808;9575;Bank_016;Discounting;-916029.14;USD;Rec
10809;3565;Bank_012;Inflation;936131.62;GBP;Pay
10810;9923;Bank_020;Discounting;-851789.15;EUR;Pay
10811;7476;Bank_013;Discounting;-536903.13;USD;Pay
10812;1634;Bank_010;Discounting;-559777.35;EUR;Pay
10813;9397;Bank_008;Inflation;-251039.2;GBP;Pay
10814;8739;Bank_020;Discounting;417531.31;GBP;Rec
10815;9026;Bank_011;Discounting;684651.01;USD;Rec
10816;1670;Bank_002;Discounting;96838.33;EUR;Rec
10817;6255;Bank_009;Discounting;563919.95;USD;Rec
10818;3854;Bank_020;Discounting;342314.95;EUR;Pay
10819;8871;Bank_012;Discounting;-660237.99;EUR;Pay
10820;3942;Bank_006;Discounting;816456.98;EUR;Rec
10821;1990;Bank_003;Discounting;548605.37;EUR;Rec
10822;1489;Bank_005;Discounting;516534.58;EUR;Rec
10823;3891;Bank_010;Discounting;425555.35;EUR;Pay
10824;3575;Bank_008;Inflation;199542.63;GBP;Pay
10825;2629;Bank_012;Discounting;491506.76;USD;Rec
10826;6455;Bank_017;Discounting;-732698.84;USD;Rec
10827;1370;Bank_018;Discounting;-137826.27;USD;Rec
10828;5334;Bank_003;Discounting;272748.56;USD;Pay
10829;7111;Bank_014;Discounting;190606.53;EUR;Pay
10830;8957;Bank_010;Discounting;643295.87;GBP;Pay
10831;8647;Bank_006;Discounting;495677.15;USD;Pay
10832;1160;Bank_008;Discounting;-480847.1;EUR;Pay
10833;2093;Bank_003;Inflation;-922041.36;GBP;Pay
10834;1689;Bank_016;Discounting;795838.37;USD;Pay
10835;9092;Bank_007;Discounting;-811345.15;EUR;Rec
10836;3378;Bank_001;Discounting;-865488.17;USD;Pay
10837;3735;Bank_020;Discounting;602695.98;GBP;Pay
10838;2474;Bank_013;Discounting;-919298.35;GBP;Pay
10839;7396;Bank_013;Discounting;-955148.22;EUR;Pay
10840;3964;Bank_019;Discounting;-972602.9;USD;Pay
10841;7644;Bank_003;Discounting;-965700.44;USD;Rec
10842;1919;Bank_018;Discounting;-382088.02;EUR;Rec
10843;4839;Bank_011;Discounting;876827.49;USD;Pay
10844;5804;Bank_010;Inflation;981358.31;GBP;Pay
10845;5478;Bank_019;Inflation;-723129.01;GBP;Rec
10846;8832;Bank_020;Inflation;-241744.68;GBP;Pay
10847;7838;Bank_005;Discounting;991262.22;GBP;Pay
10848;3827;Bank_018;Discounting;-77666.2;USD;Pay
10849;8845;Bank_014;Discounting;665663.8;GBP;Rec
10850;4226;Bank_018;Discounting;263287.03;GBP;Pay
10851;4414;Bank_009;Discounting;297277.91;GBP;Pay
10852;3505;Bank_019;Discounting;620517.17;EUR;Rec
10853;7336;Bank_015;Discounting;159452.31;USD;Rec
10854;5749;Bank_018;Discounting;-950067.56;USD;Rec
10855;8226;Bank_011;Inflation;605621.87;GBP;Rec
10856;8389;Bank_006;Inflation;907070.2;GBP;Rec
10857;5108;Bank_013;Discounting;667583.9;USD;Pay
10858;4875;Bank_011;Inflation;-936512.47;GBP;Rec
10859;8129;Bank_017;Inflation;318090.82;GBP;Rec
10860;3566;Bank_016;Discounting;772186.87;EUR;Pay
10861;8382;Bank_009;Inflation;-567545.98;GBP;Pay
10862;1464;Bank_015;Discounting;-69980.96;GBP;Pay
10863;4805;Bank_014;Discounting;-208076.82;GBP;Pay
10864;4856;Bank_010;Discounting;-829793.03;USD;Pay
10865;2546;Bank_002;Discounting;-578413.8;USD;Pay
10866;9954;Bank_020;Discounting;884766.91;USD;Rec
10867;7628;Bank_020;Inflation;-667956.35;GBP;Pay
10868;9775;Bank_008;Discounting;-347492.16;GBP;Rec
10869;1861;Bank_010;Discounting;-292606.63;GBP;Rec
10870;2036;Bank_004;Discounting;618047.28;EUR;Rec
10871;6457;Bank_006;Discounting;-457268.07;GBP;Rec
10872;8542;Bank_011;Discounting;-688038.27;USD;Rec
10873;2289;Bank_008;Discounting;247996.97;USD;Rec
10874;4183;Bank_017;Discounting;968469.0;EUR;Pay
10875;8657;Bank_010;Discounting;-272380.72;EUR;Rec
10876;6208;Bank_016;Discounting;983545.76;USD;Pay
10877;9080;Bank_015;Discounting;-910077.12;USD;Pay
10878;5774;Bank_013;Discounting;779038.62;EUR;Rec
10879;8124;Bank_018;Discounting;312110.04;EUR;Rec
10880;4915;Bank_012;Discounting;316165.17;USD;Pay
10881;1226;Bank_016;Discounting;-343533.79;USD;Rec
10882;1186;Bank_008;Discounting;902889.65;EUR;Pay
10883;2252;Bank_006;Discounting;25794.11;GBP;Pay
10884;1269;Bank_004;Discounting;483205.24;GBP;Rec
10885;4258;Bank_006;Inflation;-629459.29;GBP;Rec
10886;6570;Bank_003;Discounting;651421.9;EUR;Rec
10887;9597;Bank_006;Inflation;-713997.75;GBP;Rec
10888;5482;Bank_012;Discounting;690241.7;EUR;Pay
10889;6374;Bank_005;Discounting;345529.23;USD;Rec
10890;5820;Bank_020;Inflation;503352.34;GBP;Pay
10891;3985;Bank_018;Discounting;-246939.42;EUR;Rec
10892;1336;Bank_004;Discounting;-297561.23;EUR;Pay
10893;4129;Bank_008;Discounting;-919881.76;USD;Pay
10894;9519;Bank_008;Discounting;816869.1;GBP;Rec
10895;9102;Bank_005;Discounting;521151.28;EUR;Rec
10896;4343;Bank_002;Discounting;25844.33;USD;Rec
10897;4357;Bank_007;Discounting;-248389.97;EUR;Rec
10898;2117;Bank_018;Discounting;-939072.63;EUR;Pay
10899;2647;Bank_017;Discounting;821211.43;GBP;Rec
10900;3761;Bank_012;Discounting;252644.7;GBP;Pay
10901;8069;Bank_001;Discounting;856767.01;EUR;Rec
10902;4072;Bank_012;Inflation;-568998.48;GBP;Pay
10903;4871;Bank_015;Discounting;-776814.0;EUR;Pay
10904;6048;Bank_008;Inflation;-240496.95;GBP;Rec
10905;4303;Bank_010;Discounting;501539.3;USD;Pay
10906;8850;Bank_017;Discounting;112912.41;EUR;Rec
10907;4924;Bank_008;Inflation;-268228.38;GBP;Rec
10908;9100;Bank_013;Inflation;550488.1;GBP;Rec
10909;5322;Bank_019;Discounting;-335588.86;GBP;Rec
10910;2874;Bank_007;Inflation;356999.94;GBP;Pay
10911;2051;Bank_002;Discounting;199255.14;USD;Pay
10912;8411;Bank_004;Discounting;825862.01;USD;Rec
10913;3105;Bank_013;Discounting;86042.86;USD;Rec
10914;2251;Bank_014;Inflation;-320056.27;GBP;Rec
10915;9039;Bank_001;Discounting;983392.15;USD;Rec
10916;7603;Bank_008;Discounting;-603017.85;USD;Rec
10917;1183;Bank_012;Discounting;936152.76;GBP;Rec
10918;9728;Bank_002;Inflation;-58079.5;GBP;Rec
10919;2096;Bank_020;Discounting;808719.55;USD;Pay
10920;6314;Bank_016;Discounting;-75217.65;EUR;Pay
10921;7305;Bank_018;Discounting;-402285.73;GBP;Rec
10922;7511;Bank_001;Discounting;459423.81;USD;Pay
10923;4970;Bank_020;Discounting;-760217.81;EUR;Rec
10924;7589;Bank_001;Discounting;-14360.83;USD;Pay
10925;1249;Bank_014;Discounting;-671188.94;GBP;Rec
10926;3672;Bank_011;Inflation;162834.21;GBP;Pay
10927;5059;Bank_003;Discounting;314061.0;USD;Rec
10928;8409;Bank_010;Discounting;-978377.83;EUR;Rec
10929;7646;Bank_011;Discounting;-791090.96;EUR;Rec
10930;2716;Bank_005;Inflation;-570608.23;GBP;Pay
10931;1584;Bank_016;Discounting;399410.41;USD;Pay
10932;3866;Bank_011;Discounting;135948.59;GBP;Rec
10933;7078;Bank_009;Inflation;-137532.26;GBP;Pay
10934;7686;Bank_020;Discounting;47172.97;EUR;Rec
10935;9469;Bank_008;Discounting;148873.51;EUR;Pay
10936;7837;Bank_010;Discounting;641392.32;EUR;Pay
10937;9869;Bank_003;Discounting;-274880.41;EUR;Rec
10938;4758;Bank_017;Discounting;-581881.25;EUR;Rec
10939;9848;Bank_006;Discounting;-35735.8;EUR;Rec
10940;3821;Bank_003;Discounting;-238017.45;USD;Rec
10941;4580;Bank_013;Discounting;-393428.22;EUR;Pay
10942;8984;Bank_002;Discounting;-48807.62;USD;Pay
10943;5485;Bank_006;Inflation;942301.81;GBP;Rec
10944;7928;Bank_014;Discounting;-552034.91;USD;Pay
10945;8566;Bank_019;Discounting;323555.46;GBP;Pay
10946;8504;Bank_003;Inflation;362706.03;GBP;Rec
10947;7265;Bank_016;Discounting;-253084.11;EUR;Pay
10948;2073;Bank_001;Inflation;-173654.97;GBP;Rec
10949;2956;Bank_016;Inflation;-636442.27;GBP;Pay
10950;9378;Bank_016;Discounting;-161634.25;USD;Rec
10951;3284;Bank_002;Inflation;-364610.6;GBP;Pay
10952;4854;Bank_011;Discounting;-559107.99;GBP;Pay
10953;4847;Bank_007;Inflation;-366826.48;GBP;Pay
10954;8119;Bank_003;Discounting;-370348.34;USD;Rec
10955;6316;Bank_007;Discounting;787189.17;USD;Pay
10956;3710;Bank_005;Discounting;886349.65;USD;Rec
10957;3541;Bank_012;Discounting;954.63;EUR;Pay
10958;6737;Bank_018;Inflation;28190.89;GBP;Rec
10959;2764;Bank_010;Discounting;768710.3;USD;Rec
10960;4177;Bank_011;Inflation;931494.42;GBP;Pay
10961;1808;Bank_019;Discounting;342186.31;EUR;Rec
10962;8701;Bank_001;Discounting;238686.91;USD;Rec
10963;1972;Bank_010;Inflation;-617735.82;GBP;Pay
10964;1224;Bank_018;Discounting;877059.57;EUR;Pay
10965;2814;Bank_010;Discounting;-160302.6;GBP;Pay
10966;3931;Bank_002;Discounting;-163710.42;EUR;Rec
10967;4096;Bank_010;Discounting;-831744.68;USD;Rec
10968;7782;Bank_009;Discounting;-680750.2;EUR;Rec
10969;8905;Bank_010;Discounting;660301.97;GBP;Pay
10970;8381;Bank_013;Discounting;-537049.57;GBP;Pay
10971;6695;Bank_002;Discounting;853832.69;EUR;Rec
10972;6450;Bank_016;Discounting;-214209.78;EUR;Pay
10973;2012;Bank_016;Discounting;574743.92;USD;Pay
10974;9622;Bank_015;Discounting;-271774.45;USD;Rec
10975;6877;Bank_002;Discounting;70735.88;USD;Pay
10976;5686;Bank_008;Discounting;26366.17;GBP;Pay
10977;5670;Bank_008;Discounting;-673326.7;EUR;Rec
10978;1464;Bank_004;Discounting;860796.84;EUR;Rec
10979;5815;Bank_004;Discounting;252914.04;USD;Pay
10980;7543;Bank_014;Discounting;-897412.3;USD;Pay
10981;4195;Bank_005;Discounting;-31217.63;EUR;Pay
10982;6555;Bank_019;Discounting;-582823.26;EUR;Rec
10983;7308;Bank_020;Discounting;467810.75;EUR;Rec
10984;5926;Bank_004;Discounting;-748868.84;USD;Rec
10985;8108;Bank_004;Discounting;-324935.07;USD;Pay
10986;2909;Bank_004;Discounting;791379.89;USD;Rec
10987;1931;Bank_009;Discounting;296210.07;GBP;Pay
10988;7382;Bank_015;Discounting;346184.26;EUR;Rec
10989;9579;Bank_018;Discounting;-687366.06;USD;Pay
10990;7781;Bank_011;Discounting;342541.65;EUR;Rec
10991;6929;Bank_009;Discounting;976841.99;USD;Pay
10992;2170;Bank_010;Discounting;318845.92;USD;Pay
10993;6308;Bank_019;Inflation;238779.94;GBP;Pay
10994;2907;Bank_010;Discounting;-339430.66;USD;Rec
10995;6983;Bank_016;Discounting;868866.08;USD;Pay
10996;4178;Bank_001;Discounting;559033.4;GBP;Pay
10997;9497;Bank_012;Discounting;-15535.37;GBP;Pay
10998;8135;Bank_001;Discounting;530726.73;GBP;Rec
10999;6505;Bank_010;Discounting;958303.11;GBP;Rec
11000;8498;Bank_013;Discounting;352967.5;GBP;Rec
11001;3229;Bank_002;Discounting;-989190.15;EUR;Rec
11002;3077;Bank_020;Discounting;537162.66;USD;Rec
11003;5873;Bank_010;Discounting;322281.36;EUR;Pay
11004;9745;Bank_015;Discounting;-738052.51;EUR;Rec
11005;8701;Bank_020;Discounting;-773118.37;USD;Pay
11006;6593;Bank_002;Discounting;-944312.18;EUR;Rec
11007;9713;Bank_002;Inflation;-147203.29;GBP;Rec
11008;2409;Bank_014;Discounting;611957.8;USD;Pay
11009;3172;Bank_007;Discounting;93392.66;EUR;Rec
11010;8825;Bank_014;Discounting;726018.09;USD;Rec
11011;7135;Bank_006;Discounting;453677.66;EUR;Rec
11012;5535;Bank_001;Discounting;228971.56;EUR;Rec
11013;9386;Bank_013;Discounting;848574.14;GBP;Rec
11014;6874;Bank_014;Inflation;457556.11;GBP;Pay
11015;8148;Bank_014;Discounting;-747457.73;EUR;Pay
11016;6675;Bank_017;Discounting;836795.08;EUR;Rec
11017;1609;Bank_005;Discounting;-195945.57;EUR;Pay
11018;1615;Bank_014;Discounting;-972731.95;GBP;Pay
11019;9976;Bank_019;Discounting;-815802.49;USD;Rec
11020;1935;Bank_013;Discounting;797575.78;GBP;Rec
11021;1325;Bank_002;Discounting;-222547.3;EUR;Pay
11022;9832;Bank_020;Discounting;659445.73;GBP;Rec
11023;2367;Bank_011;Discounting;747237.06;EUR;Rec
11024;7754;Bank_020;Discounting;624947.64;USD;Pay
11025;8604;Bank_015;Discounting;-21928.45;EUR;Pay
11026;8493;Bank_008;Discounting;-733580.15;EUR;Rec
11027;6594;Bank_012;Discounting;506944.22;EUR;Rec
11028;1242;Bank_019;Discounting;238345.47;USD;Pay
11029;9844;Bank_013;Discounting;-384940.41;EUR;Rec
11030;3158;Bank_013;Discounting;-607508.57;USD;Pay
11031;3035;Bank_008;Discounting;-783910.88;USD;Rec
11032;1298;Bank_013;Discounting;303801.73;EUR;Rec
11033;3799;Bank_007;Discounting;88689.78;GBP;Rec
11034;2802;Bank_010;Inflation;46426.11;GBP;Pay
11035;4346;Bank_006;Discounting;-384458.19;USD;Rec
11036;9105;Bank_001;Inflation;166260.44;GBP;Rec
11037;4957;Bank_015;Discounting;-67636.82;GBP;Pay
11038;8833;Bank_006;Discounting;-282756.84;USD;Rec
11039;2652;Bank_005;Discounting;-368453.7;USD;Pay
11040;2912;Bank_013;Discounting;404214.91;EUR;Pay
11041;6599;Bank_017;Inflation;-175440.54;GBP;Rec
11042;8382;Bank_013;Inflation;159462.33;GBP;Rec
11043;9504;Bank_019;Discounting;-667894.96;EUR;Rec
11044;4618;Bank_017;Inflation;-290542.89;GBP;Rec
11045;4164;Bank_013;Inflation;971610.64;GBP;Rec
11046;1506;Bank_015;Discounting;-85113.89;EUR;Rec
11047;9697;Bank_006;Inflation;460984.95;GBP;Pay
11048;2192;Bank_010;Discounting;203613.47;USD;Pay
11049;7106;Bank_020;Discounting;-674924.03;EUR;Pay
11050;2211;Bank_002;Discounting;-582338.13;EUR;Rec
11051;9921;Bank_004;Discounting;190459.47;EUR;Pay
11052;5386;Bank_008;Discounting;606023.76;EUR;Rec
11053;9947;Bank_011;Inflation;-703279.33;GBP;Rec
11054;6275;Bank_016;Discounting;-134457.03;GBP;Pay
11055;5516;Bank_017;Inflation;510267.23;GBP;Rec
11056;4715;Bank_011;Discounting;831576.48;USD;Rec
11057;1692;Bank_007;Discounting;-353800.6;EUR;Pay
11058;3646;Bank_013;Discounting;206668.39;USD;Rec
11059;3645;Bank_019;Discounting;161290.45;EUR;Rec
11060;6476;Bank_010;Discounting;619350.07;EUR;Rec
11061;8797;Bank_007;Discounting;-827735.72;EUR;Rec
11062;2184;Bank_011;Discounting;-120288.72;USD;Pay
11063;6811;Bank_007;Discounting;-890869.18;EUR;Rec
11064;3306;Bank_007;Inflation;504257.4;GBP;Rec
11065;5675;Bank_018;Discounting;599566.73;EUR;Rec
11066;2473;Bank_012;Inflation;568810.95;GBP;Rec
11067;6882;Bank_016;Discounting;210179.04;GBP;Rec
11068;9411;Bank_019;Discounting;-957957.79;GBP;Pay
11069;7559;Bank_005;Inflation;-433271.86;GBP;Pay
11070;2353;Bank_007;Discounting;250659.92;USD;Pay
11071;3170;Bank_015;Inflation;-595412.1;GBP;Pay
11072;9226;Bank_006;Discounting;904830.61;GBP;Rec
11073;4138;Bank_008;Inflation;-51130.21;GBP;Rec
11074;1556;Bank_008;Discounting;989163.98;GBP;Rec
11075;4899;Bank_014;Discounting;-902610.3;EUR;Pay
11076;3062;Bank_007;Discounting;-629446.3;USD;Rec
11077;7256;Bank_005;Discounting;891941.78;EUR;Rec
11078;6831;Bank_017;Discounting;-660225.85;EUR;Rec
11079;2689;Bank_014;Discounting;-667850.3;USD;Pay
11080;4862;Bank_011;Discounting;457572.44;USD;Pay
11081;6649;Bank_013;Inflation;-846483.88;GBP;Rec
11082;2342;Bank_019;Discounting;-172642.64;GBP;Rec
11083;8235;Bank_014;Discounting;-917143.82;EUR;Rec
11084;6911;Bank_016;Discounting;-526152.01;GBP;Rec
11085;2141;Bank_018;Inflation;175394.04;GBP;Rec
11086;5270;Bank_012;Inflation;255490.83;GBP;Pay
11087;4510;Bank_011;Discounting;-518658.97;GBP;Pay
11088;7893;Bank_014;Discounting;-550685.2;USD;Pay
11089;5658;Bank_011;Discounting;-966648.37;GBP;Rec
11090;7219;Bank_001;Discounting;-864053.4;GBP;Rec
11091;4197;Bank_017;Discounting;780276.11;EUR;Rec
11092;1126;Bank_003;Discounting;237220.58;USD;Pay
11093;7453;Bank_016;Discounting;-733980.4;GBP;Rec
11094;5086;Bank_008;Discounting;-181829.7;EUR;Pay
11095;5758;Bank_019;Discounting;-163220.93;GBP;Pay
11096;2181;Bank_013;Discounting;-512396.12;GBP;Rec
11097;2940;Bank_007;Discounting;-550795.12;GBP;Pay
11098;4159;Bank_019;Discounting;-290336.29;GBP;Rec
11099;2073;Bank_016;Discounting;389906.24;GBP;Rec
11100;3156;Bank_008;Discounting;-118921.68;EUR;Pay
11101;7772;Bank_017;Discounting;-423630.95;EUR;Rec
11102;9488;Bank_006;Discounting;469216.6;GBP;Pay
11103;7060;Bank_011;Discounting;882948.48;USD;Rec
11104;6622;Bank_003;Discounting;-938138.24;EUR;Rec
11105;7079;Bank_017;Discounting;42754.04;EUR;Rec
11106;3048;Bank_004;Discounting;-10957.75;EUR;Pay
11107;4553;Bank_016;Discounting;620322.18;USD;Pay
11108;5818;Bank_016;Discounting;-488512.6;USD;Pay
11109;8209;Bank_019;Discounting;-637656.3;EUR;Rec
11110;2462;Bank_018;Discounting;110267.57;USD;Pay
11111;8813;Bank_006;Discounting;-645346.89;EUR;Rec
11112;2001;Bank_010;Discounting;-572010.64;USD;Pay
11113;6051;Bank_020;Discounting;209678.86;EUR;Pay
11114;1515;Bank_008;Discounting;597311.56;EUR;Pay
11115;1271;Bank_015;Inflation;414030.59;GBP;Pay
11116;4332;Bank_020;Discounting;358133.21;GBP;Rec
11117;3572;Bank_004;Discounting;440314.92;USD;Pay
11118;6214;Bank_009;Discounting;-537838.29;GBP;Rec
11119;5616;Bank_011;Discounting;-950764.03;GBP;Pay
11120;5471;Bank_013;Discounting;823451.75;EUR;Rec
11121;9264;Bank_020;Inflation;-178634.73;GBP;Rec
11122;1790;Bank_007;Discounting;-228120.98;GBP;Pay
11123;1178;Bank_005;Discounting;-696227.66;GBP;Pay
11124;9979;Bank_012;Discounting;343417.72;GBP;Pay
11125;4084;Bank_007;Discounting;8911.88;USD;Pay
11126;3933;Bank_020;Discounting;-203438.9;EUR;Pay
11127;8099;Bank_019;Discounting;843026.78;USD;Pay
11128;5479;Bank_009;Inflation;793990.58;GBP;Pay
11129;7326;Bank_014;Discounting;912583.76;EUR;Pay
11130;8686;Bank_019;Discounting;806496.21;EUR;Pay
11131;6109;Bank_008;Inflation;-366114.76;GBP;Rec
11132;7738;Bank_010;Discounting;852410.4;EUR;Pay
11133;2030;Bank_010;Discounting;-706609.77;USD;Rec
11134;1913;Bank_006;Discounting;-336766.3;EUR;Rec
11135;8037;Bank_002;Inflation;-989720.74;GBP;Pay
11136;8090;Bank_016;Discounting;324627.48;EUR;Rec
11137;8389;Bank_008;Inflation;-374160.9;GBP;Rec
11138;6178;Bank_007;Discounting;410081.81;EUR;Pay
11139;1190;Bank_008;Discounting;249959.5;USD;Rec
11140;4829;Bank_013;Discounting;-49048.57;GBP;Pay
11141;5267;Bank_009;Inflation;97819.26;GBP;Pay
11142;9881;Bank_004;Discounting;-384251.75;EUR;Pay
11143;3256;Bank_003;Discounting;659125.43;EUR;Rec
11144;1371;Bank_015;Discounting;677707.72;USD;Pay
11145;1446;Bank_016;Discounting;-274034.32;EUR;Pay
11146;3939;Bank_020;Inflation;-387398.01;GBP;Rec
11147;4569;Bank_015;Discounting;358325.14;GBP;Rec
11148;7947;Bank_008;Inflation;884116.44;GBP;Pay
11149;6480;Bank_002;Discounting;990948.3;EUR;Rec
11150;2907;Bank_017;Discounting;-887675.98;EUR;Pay
11151;5174;Bank_012;Discounting;-656807.27;USD;Pay
11152;2990;Bank_006;Discounting;-206489.89;USD;Rec
11153;5435;Bank_003;Discounting;706484.94;EUR;Rec
11154;4199;Bank_017;Inflation;-486705.59;GBP;Pay
11155;5225;Bank_004;Discounting;-358290.91;EUR;Pay
11156;7468;Bank_005;Discounting;-591515.79;GBP;Pay
11157;7852;Bank_010;Discounting;-999545.92;EUR;Rec
11158;3659;Bank_002;Inflation;465718.37;GBP;Pay
11159;8104;Bank_001;Discounting;-384594.37;EUR;Rec
11160;4153;Bank_011;Discounting;437436.23;GBP;Rec
11161;2128;Bank_004;Discounting;-534543.3;USD;Rec
11162;6718;Bank_018;Discounting;-922084.31;USD;Rec
11163;3741;Bank_013;Discounting;373027.89;EUR;Pay
11164;5284;Bank_010;Discounting;546367.0;EUR;Pay
11165;1498;Bank_002;Discounting;977681.08;USD;Rec
11166;7391;Bank_018;Discounting;509138.72;USD;Pay
11167;5565;Bank_001;Discounting;715061.22;USD;Pay
11168;3410;Bank_014;Discounting;-348237.31;EUR;Pay
11169;8465;Bank_019;Inflation;808270.71;GBP;Rec
11170;1240;Bank_017;Discounting;-143689.65;GBP;Pay
11171;4768;Bank_003;Discounting;-122705.0;USD;Rec
11172;3173;Bank_019;Discounting;-786398.59;EUR;Rec
11173;8325;Bank_016;Discounting;987567.95;USD;Pay
11174;2317;Bank_014;Discounting;566322.86;GBP;Pay
11175;2301;Bank_003;Discounting;-858928.72;GBP;Pay
11176;8970;Bank_018;Discounting;642500.31;EUR;Pay
11177;3757;Bank_005;Discounting;-46947.06;EUR;Pay
11178;9683;Bank_008;Discounting;-768883.25;USD;Rec
11179;1585;Bank_011;Discounting;605962.6;EUR;Pay
11180;4462;Bank_012;Discounting;7416.77;EUR;Pay
11181;8329;Bank_014;Discounting;509073.83;EUR;Rec
11182;9518;Bank_019;Discounting;-611452.86;USD;Rec
11183;2104;Bank_005;Discounting;478938.47;USD;Rec
11184;9320;Bank_015;Discounting;-825107.0;EUR;Rec
11185;9081;Bank_006;Discounting;-920377.12;EUR;Pay
11186;6529;Bank_013;Inflation;939231.88;GBP;Pay
11187;8264;Bank_015;Discounting;-215564.41;EUR;Pay
11188;4140;Bank_002;Discounting;16283.44;GBP;Rec
11189;9997;Bank_016;Discounting;-314817.83;USD;Pay
11190;3460;Bank_002;Discounting;62218.99;EUR;Pay
11191;7726;Bank_003;Discounting;393122.8;USD;Rec
11192;4114;Bank_007;Discounting;123727.58;EUR;Pay
11193;2203;Bank_006;Discounting;649613.9;GBP;Rec
11194;9861;Bank_004;Discounting;-516323.61;EUR;Rec
11195;5078;Bank_010;Inflation;201890.97;GBP;Rec
11196;3600;Bank_015;Discounting;425331.24;USD;Pay
11197;4565;Bank_018;Discounting;-243550.97;USD;Rec
11198;7257;Bank_007;Discounting;-601309.02;EUR;Pay
11199;7587;Bank_001;Discounting;219625.52;GBP;Rec
11200;5522;Bank_006;Discounting;90980.68;EUR;Pay
11201;5704;Bank_017;Discounting;-987905.91;EUR;Pay
11202;1888;Bank_009;Discounting;-676610.89;EUR;Pay
11203;3415;Bank_008;Discounting;-519561.13;USD;Pay
11204;1924;Bank_010;Discounting;-609084.0;EUR;Pay
11205;1495;Bank_020;Discounting;-344323.6;EUR;Pay
11206;3120;Bank_014;Discounting;-322353.04;EUR;Pay
11207;8505;Bank_020;Inflation;-900788.18;GBP;Pay
11208;8246;Bank_015;Discounting;487810.37;EUR;Pay
11209;1153;Bank_014;Discounting;658770.3;EUR;Rec
11210;1786;Bank_017;Discounting;623613.44;EUR;Rec
11211;9834;Bank_011;Discounting;665874.78;EUR;Pay
11212;4783;Bank_020;Discounting;246420.75;EUR;Rec
11213;3349;Bank_004;Discounting;-209893.32;EUR;Rec
11214;7704;Bank_010;Discounting;-225067.07;USD;Rec
11215;8367;Bank_007;Discounting;-39411.48;USD;Rec
11216;3713;Bank_014;Inflation;-946264.69;GBP;Pay
11217;1723;Bank_003;Discounting;914269.67;EUR;Rec
11218;1397;Bank_012;Discounting;795910.43;USD;Pay
11219;9747;Bank_001;Discounting;-495654.25;EUR;Rec
11220;8067;Bank_016;Discounting;954567.65;USD;Rec
11221;4276;Bank_017;Discounting;101320.92;USD;Rec
11222;2299;Bank_014;Inflation;401731.4;GBP;Pay
11223;9269;Bank_016;Inflation;296929.11;GBP;Rec
11224;6253;Bank_013;Discounting;-344314.32;USD;Rec
11225;6365;Bank_019;Inflation;167838.58;GBP;Rec
11226;3131;Bank_011;Discounting;-287813.83;EUR;Rec
11227;7666;Bank_015;Discounting;413208.26;GBP;Rec
11228;4364;Bank_009;Discounting;-427052.52;GBP;Pay
11229;5500;Bank_008;Discounting;119489.32;EUR;Pay
11230;9007;Bank_010;Discounting;-387464.23;EUR;Pay
11231;8670;Bank_014;Discounting;-614258.86;USD;Rec
11232;4309;Bank_002;Discounting;452169.7;EUR;Rec
11233;1882;Bank_001;Inflation;-667489.34;GBP;Rec
11234;6204;Bank_004;Discounting;-751785.26;USD;Pay
11235;4083;Bank_017;Discounting;-632430.67;USD;Rec
11236;5732;Bank_019;Discounting;204938.34;GBP;Pay
11237;7984;Bank_002;Discounting;-727259.35;USD;Pay
11238;1739;Bank_010;Discounting;-485042.05;EUR;Rec
11239;7947;Bank_010;Discounting;712002.15;EUR;Rec
11240;8124;Bank_012;Discounting;865735.38;USD;Rec
11241;7998;Bank_007;Discounting;449392.51;EUR;Pay
11242;6413;Bank_012;Discounting;704424.78;USD;Rec
11243;9569;Bank_006;Discounting;481327.16;EUR;Pay
11244;6682;Bank_010;Discounting;-640800.44;EUR;Rec
11245;7200;Bank_007;Discounting;566000.46;EUR;Pay
11246;3779;Bank_020;Discounting;-489293.3;USD;Pay
11247;2016;Bank_020;Discounting;962363.12;USD;Rec
11248;9216;Bank_011;Discounting;-894512.1;GBP;Rec
11249;2917;Bank_007;Discounting;-498219.37;EUR;Pay
11250;8072;Bank_005;Discounting;-101842.97;USD;Rec
11251;8164;Bank_018;Discounting;-368933.64;USD;Rec
11252;2565;Bank_012;Discounting;-191516.72;EUR;Rec
11253;9368;Bank_011;Discounting;129279.72;USD;Rec
11254;1942;Bank_013;Discounting;696363.0;EUR;Rec
11255;7353;Bank_005;Discounting;-597072.16;USD;Pay
11256;4381;Bank_016;Discounting;849283.58;EUR;Rec
11257;2927;Bank_018;Discounting;220726.02;EUR;Rec
11258;6533;Bank_013;Discounting;704096.83;GBP;Pay
11259;4326;Bank_012;Discounting;486870.35;USD;Pay
11260;7737;Bank_013;Discounting;389836.76;EUR;Rec
11261;6092;Bank_007;Discounting;151330.51;USD;Rec
11262;7159;Bank_008;Discounting;604076.54;USD;Rec
11263;4044;Bank_013;Discounting;798497.84;EUR;Pay
11264;3892;Bank_009;Discounting;-380616.58;EUR;Rec
11265;6481;Bank_007;Discounting;-631910.46;GBP;Pay
11266;2876;Bank_006;Discounting;-548420.9;EUR;Rec
11267;5516;Bank_016;Discounting;-114341.26;EUR;Pay
11268;3508;Bank_016;Discounting;971607.32;USD;Pay
11269;5711;Bank_016;Inflation;-931137.38;GBP;Pay
11270;9075;Bank_005;Discounting;10730.51;EUR;Rec
11271;4908;Bank_020;Discounting;659131.66;USD;Rec
11272;9388;Bank_002;Discounting;502846.64;USD;Rec
11273;3665;Bank_013;Discounting;-801540.81;USD;Rec
11274;9613;Bank_004;Discounting;-569688.76;EUR;Pay
11275;2223;Bank_005;Discounting;595996.07;GBP;Rec
11276;7821;Bank_015;Discounting;-225553.72;EUR;Pay
11277;5402;Bank_010;Discounting;837043.21;USD;Rec
11278;9167;Bank_004;Discounting;-245596.44;EUR;Pay
11279;5196;Bank_003;Discounting;701008.46;EUR;Pay
11280;8082;Bank_003;Discounting;307173.54;USD;Pay
11281;9417;Bank_009;Discounting;-21545.49;USD;Rec
11282;8422;Bank_013;Discounting;-416613.1;USD;Pay
11283;4407;Bank_012;Discounting;-51382.67;EUR;Rec
11284;8334;Bank_017;Inflation;166614.5;GBP;Pay
11285;6289;Bank_007;Discounting;-322110.45;USD;Pay
11286;2173;Bank_004;Discounting;-178536.91;EUR;Pay
11287;3262;Bank_002;Discounting;-737882.74;EUR;Rec
11288;3429;Bank_015;Inflation;-378569.34;GBP;Pay
11289;6930;Bank_002;Discounting;434523.75;GBP;Rec
11290;4151;Bank_015;Discounting;-112873.31;EUR;Pay
11291;5573;Bank_012;Discounting;513855.32;USD;Rec
11292;7997;Bank_018;Discounting;-38880.12;EUR;Rec
11293;7960;Bank_012;Inflation;453753.81;GBP;Pay
11294;8211;Bank_020;Inflation;-377236.12;GBP;Pay
11295;8060;Bank_015;Discounting;678906.47;EUR;Rec
11296;1402;Bank_013;Discounting;-741857.51;USD;Rec
11297;1867;Bank_020;Inflation;-545036.79;GBP;Pay
11298;7571;Bank_004;Inflation;-313946.57;GBP;Rec
11299;4039;Bank_010;Discounting;-895036.58;EUR;Pay
11300;7537;Bank_010;Discounting;967423.17;USD;Pay
11301;3738;Bank_008;Discounting;922829.08;EUR;Rec
11302;4149;Bank_017;Discounting;548971.21;EUR;Pay
11303;4645;Bank_020;Discounting;-143296.4;EUR;Rec
11304;4555;Bank_018;Discounting;523779.79;EUR;Pay
11305;7752;Bank_011;Discounting;-46033.21;EUR;Rec
11306;7238;Bank_006;Discounting;570379.77;EUR;Pay
11307;9283;Bank_016;Discounting;-898985.22;USD;Pay
11308;1693;Bank_005;Discounting;-351342.24;EUR;Rec
11309;6724;Bank_019;Discounting;175253.97;EUR;Pay
11310;4497;Bank_003;Discounting;-690958.34;EUR;Rec
11311;5332;Bank_006;Discounting;-851330.78;EUR;Pay
11312;5052;Bank_016;Discounting;-482578.11;GBP;Rec
11313;6616;Bank_009;Discounting;621367.14;EUR;Pay
11314;7354;Bank_007;Discounting;220392.02;USD;Pay
11315;1314;Bank_020;Discounting;-951917.53;EUR;Pay
11316;9449;Bank_004;Discounting;990843.03;GBP;Pay
11317;6492;Bank_007;Discounting;-188709.48;EUR;Pay
11318;4459;Bank_006;Discounting;-884517.84;EUR;Pay
11319;3775;Bank_009;Inflation;-409155.93;GBP;Rec
11320;6176;Bank_019;Discounting;703691.85;USD;Pay
11321;6398;Bank_017;Discounting;-942111.37;EUR;Pay
11322;1919;Bank_003;Discounting;-315861.13;USD;Pay
11323;2099;Bank_020;Discounting;-551234.04;EUR;Pay
11324;7784;Bank_010;Discounting;-629182.3;GBP;Pay
11325;3939;Bank_018;Discounting;142398.37;USD;Rec
11326;7673;Bank_007;Discounting;-511704.88;EUR;Pay
11327;2502;Bank_002;Inflation;-737175.23;GBP;Rec
11328;7654;Bank_009;Inflation;-751156.23;GBP;Pay
11329;3594;Bank_018;Discounting;-303896.09;EUR;Rec
11330;7310;Bank_020;Discounting;-358005.91;EUR;Rec
11331;7378;Bank_014;Discounting;-453050.97;USD;Pay
11332;1403;Bank_006;Discounting;-227424.59;GBP;Rec
11333;6816;Bank_012;Discounting;422320.18;USD;Pay
11334;7523;Bank_012;Inflation;-110574.45;GBP;Rec
11335;3064;Bank_004;Discounting;431969.39;GBP;Rec
11336;8419;Bank_007;Inflation;-15815.98;GBP;Rec
11337;4250;Bank_002;Inflation;687625.73;GBP;Rec
11338;9177;Bank_003;Inflation;906614.34;GBP;Rec
11339;1508;Bank_012;Discounting;-559819.87;EUR;Rec
11340;6495;Bank_002;Discounting;430728.23;USD;Pay
11341;6171;Bank_006;Inflation;408062.91;GBP;Pay
11342;4557;Bank_004;Discounting;-111208.76;GBP;Pay
11343;1687;Bank_003;Inflation;-135537.88;GBP;Rec
11344;4395;Bank_014;Discounting;-280648.88;USD;Pay
11345;6904;Bank_004;Discounting;271264.0;EUR;Pay
11346;3817;Bank_013;Discounting;-647950.49;USD;Rec
11347;3581;Bank_015;Discounting;-412166.48;GBP;Pay
11348;3443;Bank_005;Discounting;-549677.95;GBP;Pay
11349;9684;Bank_012;Discounting;-84073.57;EUR;Rec
11350;7183;Bank_016;Discounting;-51130.17;EUR;Pay
11351;9708;Bank_011;Discounting;-651686.62;USD;Pay
11352;4945;Bank_020;Discounting;-897668.99;USD;Pay
11353;8754;Bank_013;Inflation;859299.22;GBP;Pay
11354;7559;Bank_020;Discounting;-483784.71;EUR;Rec
11355;7539;Bank_007;Discounting;735404.2;GBP;Pay
11356;9060;Bank_014;Discounting;615914.66;USD;Rec
11357;2875;Bank_015;Discounting;-903.33;EUR;Pay
11358;9240;Bank_020;Discounting;613547.14;EUR;Rec
11359;3833;Bank_006;Discounting;732367.42;USD;Pay
11360;5777;Bank_016;Discounting;-673291.1;USD;Pay
11361;1821;Bank_006;Inflation;48392.54;GBP;Rec
11362;2932;Bank_009;Discounting;-128655.87;GBP;Pay
11363;3790;Bank_013;Discounting;-368513.2;EUR;Pay
11364;7636;Bank_007;Discounting;-479903.92;USD;Pay
11365;3500;Bank_002;Discounting;-92147.73;EUR;Pay
11366;1350;Bank_019;Discounting;-449802.24;EUR;Rec
11367;5732;Bank_019;Inflation;-472897.04;GBP;Rec
11368;7207;Bank_020;Inflation;393377.98;GBP;Pay
11369;8718;Bank_006;Discounting;-869446.48;USD;Rec
11370;5042;Bank_015;Discounting;294684.27;USD;Pay
11371;3658;Bank_003;Discounting;535752.73;GBP;Rec
11372;8210;Bank_006;Discounting;-805963.56;GBP;Pay
11373;4007;Bank_010;Discounting;-146210.54;EUR;Pay
11374;2211;Bank_006;Discounting;282172.21;EUR;Pay
11375;1501;Bank_017;Inflation;-279880.2;GBP;Rec
11376;1969;Bank_005;Discounting;365023.46;USD;Rec
11377;4052;Bank_006;Inflation;-368663.04;GBP;Rec
11378;5366;Bank_016;Discounting;195364.67;EUR;Rec
11379;5958;Bank_013;Discounting;738704.6;GBP;Pay
11380;4749;Bank_006;Discounting;754240.94;USD;Pay
11381;3823;Bank_001;Discounting;-615013.7;EUR;Pay
11382;9391;Bank_019;Discounting;-950031.84;USD;Pay
11383;3311;Bank_014;Discounting;54100.31;GBP;Rec
11384;6785;Bank_010;Discounting;-626819.81;EUR;Rec
11385;8532;Bank_005;Discounting;175596.9;USD;Pay
11386;4815;Bank_016;Discounting;-781018.05;USD;Rec
11387;5468;Bank_001;Discounting;-431883.22;EUR;Pay
11388;5698;Bank_013;Discounting;470457.04;USD;Pay
11389;7058;Bank_008;Discounting;786227.48;GBP;Pay
11390;1282;Bank_014;Discounting;518477.96;USD;Pay
11391;3970;Bank_001;Inflation;-631797.35;GBP;Rec
11392;1066;Bank_006;Discounting;236570.04;EUR;Rec
11393;4670;Bank_002;Discounting;-5541.61;USD;Pay
11394;5631;Bank_016;Discounting;-371675.87;EUR;Pay
11395;7016;Bank_020;Discounting;-580163.91;EUR;Rec
11396;8938;Bank_014;Inflation;-529233.48;GBP;Pay
11397;6611;Bank_013;Discounting;-576571.26;USD;Pay
11398;6577;Bank_003;Discounting;-534241.71;GBP;Pay
11399;2294;Bank_002;Discounting;-13186.6;GBP;Pay
11400;2603;Bank_011;Discounting;-669159.7;EUR;Pay
11401;2098;Bank_018;Discounting;812275.07;USD;Pay
11402;4787;Bank_007;Discounting;-606665.54;EUR;Rec
11403;1175;Bank_015;Discounting;227366.38;USD;Pay
11404;2667;Bank_020;Discounting;891430.22;USD;Pay
11405;6147;Bank_013;Discounting;-623394.95;EUR;Rec
11406;6231;Bank_004;Discounting;-790679.12;EUR;Pay
11407;2849;Bank_019;Discounting;-717232.89;EUR;Pay
11408;4799;Bank_011;Discounting;680037.66;EUR;Rec
11409;6795;Bank_004;Discounting;-291870.88;EUR;Rec
11410;8848;Bank_018;Discounting;354248.53;USD;Rec
11411;3431;Bank_012;Discounting;-794463.51;GBP;Pay
11412;9793;Bank_017;Discounting;-150433.32;GBP;Pay
11413;7704;Bank_005;Discounting;-986318.5;USD;Rec
11414;8226;Bank_001;Discounting;-736386.34;GBP;Rec
11415;2537;Bank_019;Discounting;714193.88;EUR;Pay
11416;8823;Bank_004;Discounting;-564502.59;EUR;Pay
11417;6131;Bank_003;Discounting;-803310.16;EUR;Pay
11418;4145;Bank_011;Discounting;749487.3;EUR;Pay
11419;4720;Bank_017;Discounting;-865430.77;EUR;Rec
11420;8281;Bank_014;Discounting;-368557.74;EUR;Pay
11421;1681;Bank_015;Discounting;253506.7;EUR;Rec
11422;6560;Bank_017;Discounting;304562.23;GBP;Rec
11423;5157;Bank_010;Discounting;159193.45;USD;Pay
11424;7713;Bank_016;Discounting;-577137.48;EUR;Pay
11425;4936;Bank_020;Discounting;5751.04;EUR;Rec
11426;7379;Bank_005;Discounting;954876.37;USD;Pay
11427;7792;Bank_010;Discounting;43466.84;EUR;Rec
11428;3161;Bank_012;Discounting;-592489.03;EUR;Pay
11429;7041;Bank_002;Discounting;259367.19;USD;Pay
11430;2560;Bank_019;Discounting;972353.59;EUR;Pay
11431;1470;Bank_009;Discounting;-712757.24;USD;Pay
11432;9363;Bank_012;Inflation;-6513.14;GBP;Rec
11433;2645;Bank_005;Discounting;417167.09;USD;Rec
11434;1767;Bank_011;Inflation;274604.31;GBP;Pay
11435;2790;Bank_006;Discounting;-400251.46;USD;Pay
11436;3073;Bank_006;Inflation;782043.37;GBP;Rec
11437;3032;Bank_004;Discounting;260037.36;USD;Pay
11438;8129;Bank_018;Discounting;-812881.19;EUR;Rec
11439;6677;Bank_012;Discounting;-527050.18;USD;Pay
11440;4697;Bank_011;Inflation;243961.58;GBP;Pay
11441;5920;Bank_015;Discounting;703162.8;EUR;Pay
11442;5376;Bank_019;Discounting;524722.43;EUR;Pay
11443;5423;Bank_019;Inflation;264240.24;GBP;Pay
11444;7170;Bank_019;Discounting;501088.33;USD;Rec
11445;8867;Bank_009;Discounting;755956.76;EUR;Pay
11446;8776;Bank_015;Inflation;-644231.88;GBP;Pay
11447;6191;Bank_005;Discounting;-861384.45;USD;Rec
11448;8856;Bank_005;Discounting;734023.21;USD;Pay
11449;6738;Bank_001;Inflation;-888544.03;GBP;Rec
11450;4215;Bank_013;Inflation;-116992.15;GBP;Pay
11451;1752;Bank_006;Discounting;737918.21;USD;Pay
11452;1677;Bank_010;Discounting;438601.22;USD;Pay
11453;7985;Bank_017;Discounting;-499319.47;GBP;Rec
11454;5869;Bank_007;Inflation;797335.4;GBP;Rec
11455;1943;Bank_007;Discounting;245908.09;USD;Pay
11456;7376;Bank_010;Discounting;-559059.04;EUR;Pay
11457;1078;Bank_020;Discounting;853170.77;USD;Pay
11458;2209;Bank_002;Discounting;-831573.98;GBP;Rec
11459;8610;Bank_006;Inflation;171616.79;GBP;Rec
11460;3370;Bank_018;Inflation;924425.82;GBP;Pay
11461;7794;Bank_004;Discounting;346839.46;EUR;Pay
11462;6694;Bank_018;Discounting;-338170.47;EUR;Pay
11463;2196;Bank_016;Inflation;991987.3;GBP;Rec
11464;1028;Bank_003;Discounting;-177745.44;USD;Pay
11465;3024;Bank_011;Discounting;931219.66;USD;Pay
11466;1754;Bank_002;Inflation;716277.85;GBP;Rec
11467;8399;Bank_003;Discounting;484044.9;USD;Rec
11468;2460;Bank_003;Discounting;798047.97;USD;Rec
11469;8766;Bank_001;Discounting;894305.87;EUR;Pay
11470;4071;Bank_012;Discounting;815522.49;EUR;Pay
11471;3553;Bank_020;Discounting;582621.43;GBP;Rec
11472;3349;Bank_005;Discounting;904520.16;EUR;Pay
11473;9802;Bank_017;Discounting;929857.2;USD;Rec
11474;7566;Bank_014;Discounting;920733.55;EUR;Pay
11475;9222;Bank_011;Inflation;402727.12;GBP;Pay
11476;3786;Bank_002;Discounting;-316650.85;GBP;Pay
11477;3739;Bank_013;Discounting;427412.52;EUR;Pay
11478;5133;Bank_020;Discounting;6440.83;USD;Pay
11479;3975;Bank_006;Discounting;638468.42;EUR;Pay
11480;1818;Bank_005;Discounting;226232.48;EUR;Pay
11481;1920;Bank_019;Inflation;-854203.1;GBP;Rec
11482;8957;Bank_007;Discounting;607386.9;EUR;Pay
11483;3434;Bank_020;Inflation;470052.3;GBP;Pay
11484;7343;Bank_018;Discounting;-164031.83;USD;Rec
11485;9044;Bank_010;Inflation;835089.79;GBP;Pay
11486;1727;Bank_016;Discounting;-796216.49;GBP;Rec
11487;7614;Bank_018;Discounting;-287865.4;EUR;Rec
11488;2009;Bank_015;Discounting;-451671.92;EUR;Pay
11489;4401;Bank_018;Discounting;733191.38;EUR;Rec
11490;4161;Bank_005;Discounting;-678279.41;GBP;Rec
11491;6660;Bank_014;Discounting;629250.11;GBP;Pay
11492;9592;Bank_011;Discounting;71377.94;EUR;Rec
11493;6906;Bank_007;Discounting;-19375.02;EUR;Rec
11494;7944;Bank_007;Discounting;-333400.28;USD;Pay
11495;8799;Bank_005;Discounting;114881.93;USD;Rec
11496;5439;Bank_011;Inflation;-658923.9;GBP;Rec
11497;5317;Bank_017;Discounting;88217.25;GBP;Rec
11498;2447;Bank_012;Discounting;931035.84;GBP;Pay
11499;8151;Bank_017;Discounting;-84470.77;EUR;Rec
11500;2672;Bank_006;Inflation;-427820.16;GBP;Rec
11501;8734;Bank_001;Discounting;834153.56;EUR;Rec
11502;9428;Bank_014;Discounting;-632871.77;USD;Rec
11503;1766;Bank_010;Discounting;-13939.75;EUR;Rec
11504;4513;Bank_016;Discounting;952979.32;EUR;Pay
11505;3072;Bank_020;Discounting;-460515.07;USD;Rec
11506;9328;Bank_003;Discounting;56136.16;USD;Rec
11507;6021;Bank_003;Discounting;604547.39;GBP;Pay
11508;6085;Bank_019;Discounting;-248057.56;GBP;Pay
11509;3510;Bank_018;Inflation;-963941.98;GBP;Rec
11510;9405;Bank_018;Discounting;698928.86;USD;Pay
11511;5938;Bank_002;Discounting;-763987.95;GBP;Rec
11512;4345;Bank_018;Discounting;-192748.21;USD;Rec
11513;4554;Bank_011;Inflation;-653207.87;GBP;Rec
11514;8095;Bank_011;Discounting;491256.67;GBP;Pay
11515;6330;Bank_016;Discounting;-690427.93;USD;Pay
11516;7123;Bank_018;Discounting;-490672.47;GBP;Pay
11517;9712;Bank_019;Discounting;-715637.25;GBP;Pay
11518;8111;Bank_019;Discounting;-261217.67;EUR;Rec
11519;8262;Bank_002;Discounting;-979979.18;USD;Rec
11520;5491;Bank_004;Discounting;-362365.35;EUR;Rec
11521;9598;Bank_017;Inflation;-220967.95;GBP;Rec
11522;6072;Bank_014;Discounting;-820355.74;USD;Pay
11523;8450;Bank_018;Discounting;285613.18;EUR;Rec
11524;2313;Bank_008;Discounting;277345.27;GBP;Pay
11525;4095;Bank_001;Discounting;-812734.21;USD;Rec
11526;2386;Bank_008;Discounting;840080.11;GBP;Pay
11527;8637;Bank_010;Discounting;853331.11;GBP;Rec
11528;4793;Bank_014;Discounting;-897551.41;USD;Rec
11529;9809;Bank_013;Discounting;-512943.32;EUR;Rec
11530;7404;Bank_001;Discounting;-693174.24;EUR;Rec
11531;4174;Bank_015;Discounting;561145.45;USD;Pay
11532;4078;Bank_008;Discounting;-788389.95;GBP;Rec
11533;5581;Bank_004;Discounting;-290137.6;USD;Rec
11534;7552;Bank_007;Discounting;-992080.11;USD;Rec
11535;7035;Bank_019;Discounting;-218612.93;GBP;Rec
11536;2724;Bank_007;Discounting;88252.0;USD;Rec
11537;3105;Bank_009;Discounting;-666425.33;GBP;Rec
11538;1233;Bank_020;Discounting;113677.39;USD;Rec
11539;4110;Bank_015;Inflation;-199340.26;GBP;Rec
11540;8314;Bank_015;Discounting;765646.33;USD;Pay
11541;6917;Bank_003;Discounting;-75921.31;EUR;Pay
11542;6551;Bank_002;Discounting;-805246.54;USD;Rec
11543;1378;Bank_002;Discounting;-868747.82;EUR;Pay
11544;1224;Bank_010;Discounting;305456.25;USD;Rec
11545;6988;Bank_001;Inflation;82407.53;GBP;Rec
11546;1748;Bank_019;Discounting;-232105.98;GBP;Pay
11547;9701;Bank_008;Discounting;-135767.53;EUR;Pay
11548;8777;Bank_009;Inflation;903404.81;GBP;Pay
11549;2777;Bank_003;Discounting;404313.53;USD;Pay
11550;2325;Bank_011;Discounting;555818.81;GBP;Pay
11551;5133;Bank_008;Discounting;-247619.06;USD;Pay
11552;2831;Bank_002;Discounting;-276463.38;GBP;Rec
11553;4758;Bank_014;Discounting;-367090.85;USD;Rec
11554;2824;Bank_017;Discounting;154373.35;EUR;Pay
11555;6316;Bank_010;Discounting;415506.42;USD;Rec
11556;1064;Bank_020;Discounting;-837052.2;EUR;Pay
11557;1968;Bank_017;Discounting;365198.56;EUR;Pay
11558;9073;Bank_017;Discounting;434362.89;EUR;Pay
11559;5725;Bank_004;Inflation;-811205.05;GBP;Pay
11560;1823;Bank_008;Discounting;524889.04;EUR;Rec
11561;8420;Bank_012;Inflation;301943.49;GBP;Pay
11562;4306;Bank_004;Discounting;960010.93;GBP;Rec
11563;4641;Bank_007;Discounting;138460.42;GBP;Rec
11564;5335;Bank_008;Discounting;839269.82;EUR;Pay
11565;6494;Bank_004;Discounting;812038.14;EUR;Rec
11566;7273;Bank_013;Inflation;164289.61;GBP;Pay
11567;4994;Bank_015;Discounting;-879782.89;GBP;Rec
11568;2736;Bank_008;Discounting;51540.67;USD;Pay
11569;2014;Bank_013;Inflation;-892605.84;GBP;Pay
11570;1667;Bank_011;Discounting;-506687.11;EUR;Pay
11571;5070;Bank_007;Discounting;114503.67;USD;Rec
11572;4620;Bank_018;Discounting;297470.28;USD;Rec
11573;2075;Bank_001;Discounting;981285.47;USD;Pay
11574;9047;Bank_014;Discounting;-340939.17;USD;Pay
11575;8574;Bank_010;Discounting;97559.72;EUR;Pay
11576;9445;Bank_018;Discounting;777198.56;EUR;Rec
11577;9071;Bank_006;Discounting;-401503.16;USD;Pay
11578;7755;Bank_012;Discounting;-601686.2;GBP;Pay
11579;5009;Bank_016;Discounting;523868.75;EUR;Pay
11580;1223;Bank_006;Discounting;-69444.94;USD;Rec
11581;1225;Bank_006;Discounting;-686194.75;USD;Pay
11582;9401;Bank_016;Discounting;-14207.43;EUR;Rec
11583;3803;Bank_011;Discounting;-18379.4;USD;Rec
11584;9795;Bank_006;Discounting;-242651.58;GBP;Rec
11585;4385;Bank_016;Discounting;427304.15;USD;Rec
11586;3835;Bank_019;Discounting;-711993.55;USD;Pay
11587;9353;Bank_011;Discounting;-138024.25;USD;Rec
11588;2963;Bank_002;Discounting;-810638.02;USD;Pay
11589;4061;Bank_014;Discounting;442448.93;GBP;Rec
11590;9101;Bank_020;Discounting;-469542.95;USD;Pay
11591;5607;Bank_018;Discounting;-286782.17;EUR;Rec
11592;3362;Bank_017;Inflation;647792.76;GBP;Pay
11593;8013;Bank_006;Inflation;299904.2;GBP;Pay
11594;1356;Bank_017;Discounting;-746254.34;USD;Rec
11595;5418;Bank_018;Discounting;-188375.82;EUR;Pay
11596;5357;Bank_016;Discounting;-232781.92;USD;Rec
11597;5784;Bank_017;Discounting;411970.53;EUR;Rec
11598;3870;Bank_001;Discounting;-112597.11;EUR;Rec
11599;9728;Bank_007;Discounting;925915.99;GBP;Rec
11600;3374;Bank_001;Inflation;-980061.53;GBP;Rec
11601;9226;Bank_004;Discounting;709030.87;EUR;Pay
11602;7121;Bank_005;Inflation;748218.24;GBP;Rec
11603;6409;Bank_007;Discounting;-534196.32;GBP;Pay
11604;3956;Bank_002;Discounting;-688614.8;GBP;Pay
11605;1028;Bank_002;Discounting;352314.67;EUR;Rec
11606;7948;Bank_017;Discounting;470927.06;EUR;Rec
11607;6062;Bank_006;Discounting;109240.98;EUR;Pay
11608;4581;Bank_011;Discounting;-559124.23;USD;Pay
11609;1614;Bank_019;Discounting;776544.39;USD;Pay
11610;1358;Bank_002;Inflation;941109.34;GBP;Rec
11611;4896;Bank_005;Discounting;38043.39;EUR;Rec
11612;4808;Bank_001;Inflation;487205.04;GBP;Rec
11613;5234;Bank_001;Discounting;-32572.34;EUR;Pay
11614;9128;Bank_020;Discounting;426028.58;GBP;Rec
11615;1604;Bank_004;Discounting;-519696.81;EUR;Rec
11616;1597;Bank_002;Discounting;-620134.47;GBP;Rec
11617;6780;Bank_013;Discounting;-317701.35;USD;Pay
11618;1665;Bank_007;Discounting;-661155.2;EUR;Rec
11619;9340;Bank_014;Discounting;-879983.61;USD;Rec
11620;5508;Bank_008;Discounting;883811.17;GBP;Pay
11621;2102;Bank_010;Discounting;-179392.56;USD;Rec
11622;8258;Bank_013;Discounting;-617875.72;EUR;Pay
11623;7554;Bank_014;Discounting;708799.03;GBP;Pay
11624;5798;Bank_014;Discounting;163177.68;EUR;Pay
11625;4412;Bank_020;Discounting;-50557.75;GBP;Pay
11626;2353;Bank_011;Discounting;873140.44;USD;Rec
11627;3934;Bank_013;Discounting;345651.78;EUR;Rec
11628;9625;Bank_009;Discounting;-154594.86;EUR;Pay
11629;3098;Bank_016;Discounting;303736.19;USD;Pay
11630;4264;Bank_014;Discounting;-857778.58;USD;Rec
11631;4241;Bank_018;Discounting;635576.86;GBP;Pay
11632;6920;Bank_013;Discounting;278749.6;USD;Pay
11633;6783;Bank_009;Discounting;-829195.03;GBP;Pay
11634;7843;Bank_002;Discounting;588269.12;USD;Pay
11635;2079;Bank_011;Inflation;448772.71;GBP;Pay
11636;8982;Bank_018;Discounting;-603993.94;USD;Pay
11637;9791;Bank_002;Discounting;-497615.99;USD;Pay
11638;3653;Bank_010;Discounting;119434.87;EUR;Pay
11639;5864;Bank_019;Discounting;492904.26;USD;Pay
11640;5566;Bank_004;Inflation;-210897.74;GBP;Rec
11641;2309;Bank_001;Discounting;-507303.51;USD;Rec
11642;9215;Bank_013;Discounting;748950.21;EUR;Rec
11643;1421;Bank_014;Discounting;504691.41;EUR;Pay
11644;2834;Bank_005;Discounting;-198235.73;EUR;Rec
11645;2308;Bank_011;Inflation;580262.75;GBP;Rec
11646;5811;Bank_015;Discounting;-432243.64;USD;Rec
11647;2439;Bank_019;Discounting;220086.69;EUR;Rec
11648;1105;Bank_002;Discounting;-950280.97;EUR;Rec
11649;1966;Bank_020;Inflation;-81307.98;GBP;Pay
11650;4632;Bank_001;Discounting;90166.83;EUR;Rec
11651;7499;Bank_008;Discounting;-3602.56;EUR;Rec
11652;3047;Bank_018;Discounting;-974844.38;USD;Pay
11653;9837;Bank_019;Discounting;-538530.82;USD;Pay
11654;7596;Bank_016;Discounting;-848945.83;EUR;Pay
11655;8378;Bank_005;Discounting;150140.84;EUR;Pay
11656;3261;Bank_008;Discounting;923087.45;EUR;Pay
11657;1238;Bank_020;Discounting;866910.21;USD;Pay
11658;2667;Bank_005;Discounting;-644240.41;EUR;Pay
11659;9023;Bank_002;Discounting;-773513.1;EUR;Rec
11660;3587;Bank_003;Discounting;-45780.36;EUR;Pay
11661;1832;Bank_010;Discounting;-851850.19;EUR;Pay
11662;1440;Bank_005;Discounting;115758.37;EUR;Rec
11663;7696;Bank_007;Discounting;-648840.44;GBP;Rec
11664;4262;Bank_009;Discounting;196375.0;EUR;Pay
11665;3747;Bank_006;Discounting;945044.99;EUR;Pay
11666;4133;Bank_014;Discounting;-471400.49;EUR;Pay
11667;8727;Bank_004;Discounting;-670538.21;USD;Rec
11668;1818;Bank_008;Discounting;-969954.92;USD;Rec
11669;6641;Bank_010;Discounting;-36199.67;GBP;Rec
11670;8232;Bank_015;Discounting;749494.15;EUR;Rec
11671;7523;Bank_014;Discounting;-179414.39;EUR;Rec
11672;9974;Bank_017;Inflation;-624148.08;GBP;Pay
11673;3956;Bank_014;Inflation;-269544.15;GBP;Rec
11674;7460;Bank_017;Inflation;648535.97;GBP;Pay
11675;7458;Bank_018;Discounting;-895855.19;EUR;Rec
11676;2936;Bank_011;Discounting;-738237.72;EUR;Rec
11677;4203;Bank_004;Discounting;719005.95;USD;Rec
11678;8382;Bank_012;Discounting;950489.07;USD;Rec
11679;4349;Bank_006;Discounting;-880149.69;USD;Rec
11680;1583;Bank_016;Discounting;-224750.75;USD;Pay
11681;8083;Bank_008;Discounting;-273354.86;USD;Rec
11682;6285;Bank_011;Discounting;936044.34;EUR;Pay
11683;1788;Bank_018;Discounting;-757689.08;EUR;Rec
11684;6273;Bank_009;Discounting;674901.79;USD;Pay
11685;7902;Bank_004;Discounting;-197494.83;EUR;Pay
11686;7745;Bank_015;Discounting;562581.29;GBP;Pay
11687;2861;Bank_011;Discounting;819173.39;USD;Pay
11688;6247;Bank_007;Discounting;818011.18;USD;Rec
11689;7302;Bank_010;Discounting;-393271.44;EUR;Rec
11690;7668;Bank_002;Discounting;-695419.51;USD;Rec
11691;8586;Bank_009;Discounting;240002.67;EUR;Pay
11692;7837;Bank_002;Inflation;-614320.78;GBP;Pay
11693;4167;Bank_008;Discounting;-940418.99;USD;Rec
11694;3024;Bank_010;Discounting;708910.17;GBP;Rec
11695;8086;Bank_011;Discounting;-787442.98;USD;Rec
11696;3511;Bank_003;Discounting;-78834.9;USD;Pay
11697;6404;Bank_018;Inflation;-33195.53;GBP;Rec
11698;4175;Bank_010;Discounting;58781.24;USD;Rec
11699;9444;Bank_019;Discounting;530541.05;GBP;Pay
11700;5323;Bank_017;Discounting;-245642.42;USD;Pay
11701;2885;Bank_012;Discounting;-598870.68;EUR;Rec
11702;3338;Bank_015;Discounting;510120.83;USD;Pay
11703;8171;Bank_012;Discounting;624359.17;USD;Pay
11704;9627;Bank_020;Discounting;-193922.48;GBP;Pay
11705;1076;Bank_016;Discounting;308155.11;USD;Rec
11706;7694;Bank_019;Discounting;-901300.87;GBP;Pay
11707;1244;Bank_002;Discounting;-379931.95;USD;Rec
11708;8737;Bank_009;Discounting;346016.33;EUR;Rec
11709;8251;Bank_015;Discounting;764470.16;EUR;Pay
11710;2469;Bank_013;Discounting;946733.13;USD;Pay
11711;9847;Bank_002;Discounting;816730.52;EUR;Rec
11712;8923;Bank_003;Discounting;775083.82;EUR;Rec
11713;8631;Bank_017;Discounting;17883.56;GBP;Rec
11714;8413;Bank_001;Discounting;866155.31;USD;Pay
11715;5945;Bank_014;Discounting;700858.98;USD;Pay
11716;6582;Bank_007;Inflation;203373.22;GBP;Rec
11717;1941;Bank_012;Discounting;-241988.33;GBP;Pay
11718;9853;Bank_020;Discounting;-294617.76;EUR;Rec
11719;6985;Bank_005;Discounting;609665.63;GBP;Pay
11720;6295;Bank_013;Discounting;-302477.51;EUR;Pay
11721;6221;Bank_014;Discounting;334073.71;USD;Pay
11722;7722;Bank_010;Discounting;243014.62;EUR;Pay
11723;1730;Bank_011;Discounting;533536.71;EUR;Pay
11724;5366;Bank_003;Discounting;-517511.33;GBP;Pay
11725;7265;Bank_009;Inflation;418254.38;GBP;Rec
11726;3810;Bank_016;Discounting;-842927.51;EUR;Pay
11727;6938;Bank_020;Discounting;480035.6;EUR;Rec
11728;6310;Bank_019;Discounting;207606.16;EUR;Pay
11729;9812;Bank_015;Inflation;233769.51;GBP;Rec
11730;5759;Bank_004;Discounting;-431423.42;GBP;Rec
11731;5243;Bank_009;Discounting;726860.03;EUR;Rec
11732;9593;Bank_012;Discounting;327249.44;EUR;Pay
11733;9459;Bank_011;Discounting;865542.56;EUR;Rec
11734;8522;Bank_020;Discounting;-589625.71;EUR;Rec
11735;9808;Bank_003;Discounting;-19101.81;GBP;Pay
11736;7287;Bank_001;Discounting;111824.03;USD;Rec
11737;2721;Bank_016;Discounting;354187.57;GBP;Rec
11738;5365;Bank_015;Discounting;-223802.53;GBP;Pay
11739;2306;Bank_010;Discounting;-973181.09;GBP;Pay
11740;1909;Bank_010;Discounting;-883449.4;EUR;Pay
11741;5670;Bank_001;Discounting;476591.02;EUR;Rec
11742;2695;Bank_020;Inflation;-404642.48;GBP;Pay
11743;2426;Bank_013;Inflation;-380305.77;GBP;Pay
11744;8464;Bank_009;Discounting;-913659.42;EUR;Pay
11745;2789;Bank_018;Discounting;779497.98;GBP;Rec
11746;5299;Bank_014;Inflation;-476657.27;GBP;Rec
11747;6150;Bank_007;Discounting;-510509.84;USD;Pay
11748;4567;Bank_007;Discounting;836570.07;USD;Pay
11749;6873;Bank_011;Inflation;575353.68;GBP;Pay
11750;7475;Bank_004;Discounting;385145.6;GBP;Pay
11751;9283;Bank_013;Discounting;68072.23;EUR;Rec
11752;5537;Bank_001;Discounting;-42596.56;USD;Pay
11753;6105;Bank_011;Discounting;823182.46;USD;Pay
11754;7981;Bank_007;Inflation;477078.08;GBP;Rec
11755;1364;Bank_009;Discounting;-747433.05;GBP;Pay
11756;9160;Bank_020;Discounting;247919.02;USD;Rec
11757;1773;Bank_013;Discounting;-387608.16;EUR;Pay
11758;6202;Bank_001;Inflation;640938.03;GBP;Pay
11759;7802;Bank_011;Discounting;461856.07;USD;Pay
11760;8012;Bank_020;Discounting;-178134.19;USD;Rec
11761;1603;Bank_019;Discounting;-896067.8;EUR;Rec
11762;4770;Bank_006;Discounting;-448143.4;USD;Rec
11763;6372;Bank_013;Discounting;-243304.84;GBP;Rec
11764;2754;Bank_019;Discounting;983372.28;USD;Pay
11765;6392;Bank_004;Discounting;-370389.88;EUR;Pay
11766;5803;Bank_010;Discounting;-57267.03;EUR;Pay
11767;4160;Bank_017;Discounting;829052.31;USD;Rec
11768;3586;Bank_018;Discounting;-647176.18;USD;Pay
11769;1870;Bank_003;Discounting;-550881.06;GBP;Rec
11770;9462;Bank_008;Discounting;468619.98;USD;Rec
11771;6769;Bank_006;Discounting;867974.84;USD;Pay
11772;5893;Bank_005;Discounting;520623.3;GBP;Pay
11773;2785;Bank_007;Discounting;744322.3;USD;Pay
11774;1295;Bank_006;Discounting;223311.35;USD;Pay
11775;5298;Bank_005;Discounting;875409.23;EUR;Pay
11776;1986;Bank_015;Discounting;-510568.81;EUR;Pay
11777;1906;Bank_013;Discounting;-489635.54;USD;Rec
11778;8939;Bank_017;Discounting;-153283.95;USD;Rec
11779;4081;Bank_009;Inflation;-53130.13;GBP;Pay
11780;3933;Bank_014;Discounting;-131902.26;USD;Pay
11781;2559;Bank_014;Inflation;390821.34;GBP;Rec
11782;9282;Bank_007;Inflation;-661750.27;GBP;Pay
11783;5611;Bank_001;Inflation;807906.13;GBP;Rec
11784;9378;Bank_017;Inflation;849953.9;GBP;Rec
11785;8432;Bank_011;Discounting;339906.98;GBP;Rec
11786;5300;Bank_005;Inflation;-104092.61;GBP;Pay
11787;9831;Bank_015;Discounting;-747693.81;USD;Pay
11788;3335;Bank_002;Inflation;-856536.52;GBP;Rec
11789;4988;Bank_013;Discounting;212027.66;EUR;Pay
11790;1037;Bank_013;Discounting;54991.89;GBP;Rec
11791;2832;Bank_017;Discounting;109651.59;EUR;Pay
11792;7411;Bank_005;Discounting;-871494.55;USD;Pay
11793;1256;Bank_010;Discounting;-682959.53;USD;Pay
11794;3460;Bank_018;Discounting;-741927.18;USD;Pay
11795;5515;Bank_017;Discounting;-856038.36;EUR;Rec
11796;5529;Bank_003;Inflation;578581.31;GBP;Pay
11797;8345;Bank_005;Discounting;53189.89;USD;Rec
11798;5943;Bank_011;Inflation;337009.8;GBP;Rec
11799;4775;Bank_016;Discounting;-114528.14;USD;Rec
11800;1712;Bank_012;Discounting;-35287.58;EUR;Rec
11801;4644;Bank_015;Discounting;-612421.74;USD;Pay
11802;3108;Bank_012;Discounting;-569512.36;USD;Pay
11803;5332;Bank_003;Discounting;-295382.23;EUR;Pay
11804;8939;Bank_020;Discounting;-714691.3;GBP;Pay
11805;2845;Bank_017;Discounting;-464451.37;EUR;Pay
11806;2509;Bank_011;Discounting;291518.58;GBP;Pay
11807;8714;Bank_004;Discounting;-848012.99;EUR;Rec
11808;5242;Bank_017;Discounting;-605787.92;EUR;Rec
11809;4641;Bank_001;Inflation;-39730.12;GBP;Pay
11810;2189;Bank_009;Discounting;-621844.69;EUR;Pay
11811;2025;Bank_010;Inflation;-403324.51;GBP;Rec
11812;3022;Bank_003;Discounting;-498025.59;USD;Rec
11813;5102;Bank_009;Inflation;-650426.57;GBP;Pay
11814;6969;Bank_002;Discounting;-349163.44;USD;Rec
11815;4872;Bank_014;Inflation;-152383.63;GBP;Pay
11816;5092;Bank_016;Discounting;73156.38;USD;Rec
11817;3666;Bank_016;Discounting;-963238.02;GBP;Pay
11818;4888;Bank_009;Discounting;381230.62;USD;Pay
11819;5118;Bank_005;Discounting;339222.51;GBP;Rec
11820;5311;Bank_017;Inflation;-106622.56;GBP;Rec
11821;4019;Bank_001;Discounting;-29488.79;EUR;Pay
11822;5019;Bank_003;Discounting;-828179.22;EUR;Pay
11823;1777;Bank_008;Inflation;-219247.11;GBP;Pay
11824;2074;Bank_004;Inflation;-380736.38;GBP;Pay
11825;7327;Bank_018;Discounting;-633189.3;EUR;Pay
11826;3233;Bank_012;Discounting;40912.18;EUR;Pay
11827;7610;Bank_001;Discounting;278525.77;EUR;Pay
11828;5483;Bank_017;Discounting;289513.45;USD;Rec
11829;5482;Bank_009;Discounting;667148.22;GBP;Rec
11830;6241;Bank_003;Discounting;-5518.3;USD;Rec
11831;3588;Bank_015;Discounting;-190588.25;GBP;Rec
11832;4218;Bank_014;Discounting;-265444.6;EUR;Rec
11833;8034;Bank_014;Discounting;736952.3;EUR;Pay
11834;5150;Bank_019;Discounting;-331713.96;USD;Pay
11835;7468;Bank_006;Discounting;25499.8;GBP;Rec
11836;1864;Bank_013;Discounting;-974469.15;USD;Rec
11837;2502;Bank_013;Inflation;-891576.51;GBP;Pay
11838;4483;Bank_019;Inflation;-500750.59;GBP;Pay
11839;4041;Bank_001;Discounting;198555.04;EUR;Rec
11840;9123;Bank_007;Discounting;-326304.6;GBP;Rec
11841;7429;Bank_018;Discounting;7239.88;EUR;Pay
11842;7107;Bank_008;Inflation;665787.19;GBP;Rec
11843;6024;Bank_005;Discounting;-549520.2;USD;Rec
11844;3819;Bank_007;Discounting;213378.65;USD;Rec
11845;9480;Bank_008;Discounting;-954862.83;EUR;Pay
11846;2406;Bank_018;Discounting;-429511.32;USD;Pay
11847;5928;Bank_010;Discounting;-350782.4;EUR;Pay
11848;7249;Bank_019;Discounting;578758.65;USD;Rec
11849;6873;Bank_009;Discounting;-481101.66;EUR;Rec
11850;3686;Bank_019;Discounting;-702733.57;EUR;Pay
11851;5512;Bank_007;Discounting;-212636.23;USD;Pay
11852;7616;Bank_001;Discounting;181832.19;USD;Pay
11853;4561;Bank_009;Discounting;-906630.36;USD;Pay
11854;5184;Bank_006;Discounting;407873.33;USD;Rec
11855;6969;Bank_004;Discounting;-489535.13;EUR;Pay
11856;1632;Bank_001;Inflation;57168.4;GBP;Pay
11857;6591;Bank_014;Inflation;-300829.61;GBP;Pay
11858;2054;Bank_012;Inflation;-889686.82;GBP;Rec
11859;5261;Bank_002;Inflation;244633.27;GBP;Rec
11860;1544;Bank_010;Discounting;161593.66;USD;Rec
11861;7780;Bank_011;Discounting;343558.54;GBP;Rec
11862;3708;Bank_009;Discounting;411318.67;EUR;Pay
11863;5088;Bank_013;Discounting;43724.59;USD;Pay
11864;5299;Bank_006;Discounting;-904322.37;EUR;Pay
11865;8759;Bank_018;Discounting;773884.22;EUR;Rec
11866;2461;Bank_008;Discounting;469701.04;GBP;Rec
11867;5775;Bank_019;Discounting;160457.06;USD;Rec
11868;6664;Bank_015;Discounting;340507.95;USD;Pay
11869;7142;Bank_016;Discounting;-577583.48;GBP;Rec
11870;3484;Bank_016;Discounting;-205626.23;EUR;Rec
11871;9186;Bank_016;Discounting;-898806.29;EUR;Rec
11872;8743;Bank_013;Discounting;-685528.67;EUR;Rec
11873;7176;Bank_018;Discounting;-187780.04;EUR;Pay
11874;7182;Bank_004;Discounting;54639.36;EUR;Pay
11875;4629;Bank_003;Discounting;765563.4;EUR;Rec
11876;6873;Bank_013;Discounting;114013.61;EUR;Pay
11877;3520;Bank_013;Discounting;-288451.83;EUR;Rec
11878;4683;Bank_017;Discounting;183615.82;EUR;Rec
11879;9055;Bank_018;Discounting;-853508.79;EUR;Pay
11880;2868;Bank_008;Discounting;-620294.68;GBP;Pay
11881;7092;Bank_009;Discounting;452378.97;GBP;Rec
11882;8678;Bank_005;Discounting;-366803.88;EUR;Pay
11883;7034;Bank_016;Discounting;671566.14;EUR;Rec
11884;7476;Bank_013;Discounting;765672.98;EUR;Pay
11885;1209;Bank_004;Discounting;498630.71;USD;Rec
11886;2284;Bank_013;Discounting;859011.41;EUR;Pay
11887;3787;Bank_003;Discounting;-812685.09;GBP;Rec
11888;1358;Bank_018;Discounting;241637.61;GBP;Pay
11889;2831;Bank_001;Discounting;476702.55;EUR;Rec
11890;6266;Bank_003;Discounting;356245.0;GBP;Pay
11891;5722;Bank_013;Discounting;-312040.73;USD;Rec
11892;2100;Bank_001;Discounting;-932908.26;EUR;Pay
11893;4670;Bank_014;Discounting;108362.51;GBP;Rec
11894;5995;Bank_019;Discounting;-933146.93;GBP;Pay
11895;1502;Bank_014;Discounting;-855247.21;USD;Rec
11896;2050;Bank_006;Discounting;-148213.69;USD;Rec
11897;4916;Bank_019;Discounting;861665.73;USD;Rec
11898;4367;Bank_016;Discounting;-720558.87;EUR;Rec
11899;3634;Bank_017;Discounting;612991.89;GBP;Pay
11900;6955;Bank_011;Discounting;-316860.73;EUR;Rec
11901;6876;Bank_019;Discounting;207510.29;USD;Rec
11902;2079;Bank_019;Discounting;-110488.2;USD;Pay
11903;5979;Bank_012;Discounting;842838.67;EUR;Rec
11904;1419;Bank_012;Discounting;-743623.85;EUR;Rec
11905;2340;Bank_014;Discounting;763434.61;USD;Pay
11906;6189;Bank_018;Inflation;154343.25;GBP;Rec
11907;1187;Bank_007;Discounting;-434918.27;EUR;Rec
11908;9494;Bank_001;Discounting;847486.26;EUR;Rec
11909;6794;Bank_010;Discounting;499198.88;GBP;Pay
11910;1684;Bank_013;Discounting;264944.4;USD;Rec
11911;1227;Bank_012;Discounting;-21567.5;GBP;Rec
11912;2234;Bank_014;Discounting;-951218.01;USD;Pay
11913;1768;Bank_019;Discounting;909280.32;EUR;Rec
11914;4305;Bank_003;Discounting;-998566.28;GBP;Rec
11915;9261;Bank_006;Inflation;-626843.0;GBP;Pay
11916;1480;Bank_016;Discounting;972699.85;GBP;Rec
11917;3892;Bank_015;Discounting;981425.12;EUR;Pay
11918;6467;Bank_018;Inflation;-553819.96;GBP;Pay
11919;5080;Bank_019;Discounting;-80995.47;USD;Pay
11920;2892;Bank_002;Discounting;811887.94;EUR;Pay
11921;3015;Bank_018;Discounting;-176295.43;EUR;Rec
11922;1565;Bank_003;Discounting;888189.57;USD;Rec
11923;5412;Bank_012;Discounting;-809886.93;EUR;Rec
11924;7739;Bank_018;Inflation;753120.98;GBP;Rec
11925;8342;Bank_001;Inflation;383727.82;GBP;Pay
11926;6520;Bank_014;Discounting;-526864.15;EUR;Rec
11927;6644;Bank_003;Inflation;641471.68;GBP;Rec
11928;4967;Bank_019;Discounting;-933353.6;USD;Rec
11929;4037;Bank_010;Discounting;580519.81;EUR;Pay
11930;8634;Bank_011;Discounting;141983.14;EUR;Rec
11931;1889;Bank_016;Discounting;149678.08;USD;Pay
11932;1731;Bank_012;Discounting;-308342.86;USD;Rec
11933;8624;Bank_007;Discounting;552973.76;USD;Rec
11934;4718;Bank_009;Inflation;742529.37;GBP;Pay
11935;8388;Bank_018;Discounting;-222735.42;USD;Rec
11936;3949;Bank_006;Discounting;-812356.26;USD;Pay
11937;2115;Bank_003;Inflation;463746.51;GBP;Pay
11938;8313;Bank_015;Discounting;142427.82;EUR;Rec
11939;9090;Bank_003;Discounting;-33976.29;EUR;Rec
11940;4430;Bank_006;Discounting;-484608.7;EUR;Rec
11941;4891;Bank_003;Discounting;-557704.78;USD;Pay
11942;3102;Bank_013;Discounting;984184.37;GBP;Rec
11943;9015;Bank_015;Inflation;464882.92;GBP;Rec
11944;2550;Bank_001;Discounting;-510400.25;GBP;Pay
11945;1537;Bank_013;Inflation;-783845.01;GBP;Pay
11946;7539;Bank_020;Discounting;-478667.23;GBP;Pay
11947;2690;Bank_015;Discounting;643602.92;EUR;Rec
11948;7852;Bank_013;Discounting;-756221.58;GBP;Rec
11949;1444;Bank_006;Inflation;-272971.09;GBP;Rec
11950;5008;Bank_017;Discounting;808762.27;EUR;Pay
11951;7828;Bank_012;Discounting;863825.47;USD;Rec
11952;2793;Bank_004;Inflation;206027.73;GBP;Pay
11953;9741;Bank_003;Discounting;827530.01;USD;Pay
11954;5190;Bank_007;Discounting;-922816.88;USD;Pay
11955;7854;Bank_004;Discounting;-742042.18;EUR;Rec
11956;5931;Bank_012;Discounting;-450208.68;EUR;Pay
11957;5765;Bank_019;Discounting;965304.82;USD;Pay
11958;4186;Bank_003;Discounting;829715.61;GBP;Rec
11959;1560;Bank_009;Discounting;463410.55;EUR;Pay
11960;8630;Bank_005;Discounting;376586.0;EUR;Pay
11961;1007;Bank_020;Discounting;567905.04;USD;Pay
11962;7204;Bank_008;Discounting;309551.5;EUR;Pay
11963;8637;Bank_012;Inflation;-766391.78;GBP;Rec
11964;3529;Bank_003;Discounting;816875.1;GBP;Rec
11965;5760;Bank_018;Discounting;-808491.6;USD;Pay
11966;5087;Bank_020;Discounting;387019.67;EUR;Rec
11967;1922;Bank_002;Discounting;-103658.31;EUR;Rec
11968;4724;Bank_004;Inflation;-196916.52;GBP;Rec
11969;6319;Bank_002;Discounting;-455994.85;USD;Pay
11970;5587;Bank_010;Discounting;683617.42;USD;Pay
11971;7172;Bank_009;Inflation;652434.75;GBP;Rec
11972;9252;Bank_008;Discounting;-293045.05;GBP;Rec
11973;7609;Bank_019;Discounting;-781441.11;USD;Pay
11974;1958;Bank_014;Inflation;710218.84;GBP;Rec
11975;3970;Bank_012;Discounting;-463447.96;GBP;Pay
11976;4185;Bank_015;Discounting;-798494.31;GBP;Rec
11977;6154;Bank_001;Discounting;-774406.16;GBP;Rec
11978;2055;Bank_012;Inflation;-204730.03;GBP;Pay
11979;6957;Bank_008;Discounting;-344457.59;EUR;Pay
11980;2830;Bank_004;Discounting;-660483.0;USD;Pay
11981;4044;Bank_009;Discounting;-523829.57;USD;Pay
11982;1144;Bank_020;Discounting;-128821.68;USD;Pay
11983;6024;Bank_002;Discounting;666542.56;EUR;Pay
11984;5053;Bank_002;Discounting;862051.99;GBP;Rec
11985;2750;Bank_017;Discounting;-788972.71;EUR;Rec
11986;6938;Bank_001;Inflation;-895908.32;GBP;Pay
11987;5853;Bank_013;Discounting;952156.66;USD;Pay
11988;7474;Bank_003;Discounting;496467.43;USD;Pay
11989;8102;Bank_001;Inflation;525985.87;GBP;Rec
11990;8512;Bank_008;Inflation;208761.44;GBP;Rec
11991;5408;Bank_004;Discounting;540823.57;USD;Rec
11992;3575;Bank_011;Discounting;-34543.23;USD;Pay
11993;1065;Bank_007;Discounting;653614.23;EUR;Rec
11994;8989;Bank_016;Discounting;257810.29;USD;Pay
11995;5419;Bank_013;Discounting;734709.28;GBP;Rec
11996;4378;Bank_002;Discounting;217143.19;EUR;Rec
11997;5541;Bank_005;Discounting;-378845.97;USD;Pay
11998;1264;Bank_010;Discounting;407056.68;USD;Pay
11999;3354;Bank_010;Discounting;901882.7;USD;Rec
12000;6497;Bank_006;Inflation;562513.91;GBP;Pay
12001;7065;Bank_004;Inflation;590145.76;GBP;Rec
12002;5677;Bank_011;Discounting;144109.28;USD;Rec
12003;2249;Bank_017;Discounting;-247376.37;EUR;Pay
12004;9245;Bank_019;Discounting;973393.59;USD;Pay
12005;7976;Bank_004;Discounting;-27216.74;USD;Rec
12006;1822;Bank_006;Discounting;-603938.11;EUR;Rec
12007;1340;Bank_015;Discounting;-996375.93;GBP;Rec
12008;2291;Bank_001;Discounting;-330363.31;GBP;Pay
12009;3939;Bank_010;Inflation;-210019.46;GBP;Rec
12010;8972;Bank_018;Discounting;-244406.35;USD;Rec
12011;3775;Bank_013;Discounting;154399.49;EUR;Rec
12012;4850;Bank_006;Discounting;873898.51;GBP;Pay
12013;6644;Bank_010;Discounting;-489825.56;EUR;Rec
12014;2471;Bank_001;Inflation;749878.81;GBP;Pay
12015;8991;Bank_016;Discounting;115620.25;EUR;Pay
12016;9592;Bank_016;Discounting;377290.1;USD;Rec
12017;5846;Bank_012;Discounting;857458.74;EUR;Rec
12018;2973;Bank_002;Discounting;-316268.8;GBP;Pay
12019;8641;Bank_003;Discounting;950901.05;EUR;Rec
12020;5858;Bank_006;Discounting;53518.58;GBP;Rec
12021;7908;Bank_005;Discounting;-901694.74;USD;Rec
12022;2250;Bank_017;Discounting;320773.68;USD;Rec
12023;3956;Bank_015;Discounting;-567728.38;EUR;Pay
12024;9676;Bank_003;Inflation;581699.36;GBP;Pay
12025;4483;Bank_018;Discounting;-505589.76;USD;Rec
12026;2151;Bank_012;Discounting;-972101.96;GBP;Rec
12027;3507;Bank_020;Discounting;631331.08;EUR;Rec
12028;4955;Bank_014;Discounting;177872.05;GBP;Pay
12029;8011;Bank_016;Discounting;-932700.55;USD;Pay
12030;1784;Bank_009;Discounting;-641407.53;EUR;Pay
12031;8127;Bank_009;Discounting;-341243.87;GBP;Rec
12032;1625;Bank_019;Inflation;806602.25;GBP;Pay
12033;8692;Bank_012;Inflation;-126090.28;GBP;Pay
12034;9867;Bank_005;Discounting;672768.47;EUR;Pay
12035;9060;Bank_008;Discounting;-584458.74;USD;Rec
12036;6932;Bank_007;Discounting;27407.73;USD;Pay
12037;7485;Bank_015;Discounting;172416.33;EUR;Rec
12038;1661;Bank_006;Inflation;-163101.01;GBP;Pay
12039;7850;Bank_010;Inflation;-941658.66;GBP;Rec
12040;3169;Bank_003;Discounting;-656252.59;GBP;Pay
12041;1574;Bank_020;Inflation;-317811.37;GBP;Pay
12042;3980;Bank_019;Discounting;408518.15;EUR;Rec
12043;9084;Bank_004;Inflation;-645757.08;GBP;Pay
12044;8565;Bank_013;Discounting;-203199.07;USD;Rec
12045;2283;Bank_008;Inflation;215918.7;GBP;Pay
12046;1815;Bank_012;Discounting;-946646.47;EUR;Pay
12047;5825;Bank_001;Discounting;462442.22;GBP;Rec
12048;5513;Bank_012;Discounting;924605.97;EUR;Rec
12049;8283;Bank_009;Discounting;525142.23;USD;Rec
12050;3962;Bank_011;Discounting;-59053.36;EUR;Pay
12051;9762;Bank_016;Discounting;34241.78;USD;Pay
12052;1347;Bank_006;Discounting;725942.05;EUR;Rec
12053;9774;Bank_019;Discounting;-125932.55;EUR;Pay
12054;3845;Bank_015;Discounting;-62362.08;USD;Pay
12055;3274;Bank_007;Discounting;-658645.13;GBP;Rec
12056;6974;Bank_012;Discounting;124756.76;EUR;Rec
12057;4093;Bank_012;Discounting;-59256.87;EUR;Pay
12058;3285;Bank_007;Discounting;939113.75;EUR;Rec
12059;2618;Bank_004;Inflation;408208.72;GBP;Pay
12060;8063;Bank_016;Discounting;-365998.06;GBP;Pay
12061;3422;Bank_013;Discounting;-287266.72;EUR;Rec
12062;9860;Bank_020;Discounting;-152138.93;USD;Pay
12063;9721;Bank_012;Discounting;-103029.54;USD;Pay
12064;1754;Bank_012;Discounting;522550.91;GBP;Pay
12065;3649;Bank_020;Inflation;141366.35;GBP;Rec
12066;4279;Bank_009;Discounting;-53654.7;GBP;Rec
12067;1607;Bank_015;Discounting;566633.78;USD;Pay
12068;2074;Bank_005;Discounting;743014.43;EUR;Rec
12069;4838;Bank_011;Discounting;-467508.6;EUR;Rec
12070;7103;Bank_014;Discounting;-332370.18;EUR;Pay
12071;6594;Bank_020;Inflation;494631.65;GBP;Pay
12072;4688;Bank_010;Discounting;378218.16;EUR;Rec
12073;6037;Bank_014;Discounting;571333.2;USD;Pay
12074;7278;Bank_015;Discounting;461368.19;EUR;Pay
12075;2480;Bank_015;Discounting;-236039.91;EUR;Rec
12076;4680;Bank_016;Discounting;371206.13;EUR;Pay
12077;3599;Bank_017;Discounting;277452.36;USD;Pay
12078;3292;Bank_007;Discounting;-410137.73;GBP;Pay
12079;5406;Bank_001;Discounting;-112800.6;USD;Rec
12080;8980;Bank_008;Inflation;-829599.04;GBP;Pay
12081;4065;Bank_007;Inflation;-19991.5;GBP;Pay
12082;4067;Bank_009;Discounting;-928835.71;GBP;Rec
12083;6988;Bank_007;Discounting;-536834.02;EUR;Pay
12084;4659;Bank_004;Discounting;797233.08;EUR;Rec
12085;1756;Bank_001;Discounting;-146908.6;USD;Rec
12086;1258;Bank_012;Discounting;-438728.84;GBP;Pay
12087;4017;Bank_006;Discounting;192365.34;EUR;Pay
12088;4196;Bank_017;Discounting;303359.59;EUR;Pay
12089;3999;Bank_007;Discounting;-361366.24;USD;Pay
12090;6679;Bank_018;Discounting;692387.73;GBP;Rec
12091;1573;Bank_005;Discounting;74833.88;USD;Pay
12092;7127;Bank_008;Discounting;562712.44;EUR;Pay
12093;3196;Bank_008;Discounting;-810184.18;EUR;Pay
12094;7050;Bank_017;Discounting;82670.77;GBP;Pay
12095;5526;Bank_014;Discounting;468217.16;EUR;Rec
12096;7852;Bank_006;Discounting;318311.09;USD;Rec
12097;8971;Bank_006;Discounting;-223757.09;GBP;Rec
12098;4823;Bank_015;Discounting;-285060.71;EUR;Pay
12099;8444;Bank_015;Discounting;359103.67;USD;Rec
12100;4598;Bank_010;Discounting;-486016.53;GBP;Rec
12101;9500;Bank_020;Discounting;367686.06;GBP;Pay
12102;8018;Bank_011;Inflation;-24354.33;GBP;Pay
12103;7875;Bank_016;Discounting;-650582.82;EUR;Rec
12104;2278;Bank_002;Discounting;998632.54;USD;Pay
12105;7900;Bank_018;Discounting;-876913.93;EUR;Pay
12106;8496;Bank_004;Discounting;-59351.9;GBP;Pay
12107;9598;Bank_002;Discounting;26154.44;EUR;Pay
12108;6806;Bank_003;Discounting;473610.21;GBP;Rec
12109;6790;Bank_013;Discounting;855034.03;GBP;Pay
12110;6493;Bank_001;Inflation;-5821.38;GBP;Pay
12111;6913;Bank_010;Discounting;261272.38;EUR;Rec
12112;5200;Bank_010;Discounting;-341389.37;EUR;Pay
12113;2793;Bank_019;Discounting;900759.5;USD;Rec
12114;7170;Bank_015;Discounting;-795551.66;USD;Pay
12115;5155;Bank_011;Discounting;696835.45;EUR;Pay
12116;3611;Bank_002;Discounting;724669.83;EUR;Pay
12117;6063;Bank_019;Discounting;-519830.6;USD;Pay
12118;8644;Bank_001;Discounting;956888.78;USD;Rec
12119;5898;Bank_011;Inflation;9749.63;GBP;Pay
12120;1110;Bank_013;Discounting;-469930.16;EUR;Rec
12121;9289;Bank_005;Inflation;-184521.57;GBP;Pay
12122;3196;Bank_011;Inflation;-901.68;GBP;Rec
12123;2816;Bank_004;Inflation;906648.53;GBP;Rec
12124;7849;Bank_003;Discounting;-928775.7;GBP;Rec
12125;9179;Bank_019;Discounting;-973846.93;USD;Rec
12126;6660;Bank_015;Inflation;621460.93;GBP;Pay
12127;2563;Bank_010;Discounting;-571647.49;GBP;Rec
12128;6604;Bank_020;Discounting;974428.91;EUR;Pay
12129;1910;Bank_017;Discounting;170971.88;USD;Rec
12130;8701;Bank_005;Discounting;-143961.3;GBP;Rec
12131;3343;Bank_001;Discounting;-413688.12;USD;Pay
12132;4536;Bank_003;Inflation;-57654.88;GBP;Rec
12133;1976;Bank_009;Discounting;-354042.53;USD;Rec
12134;1107;Bank_005;Discounting;727093.06;EUR;Pay
12135;7229;Bank_011;Discounting;12166.19;EUR;Rec
12136;1559;Bank_003;Discounting;690451.12;USD;Pay
12137;1043;Bank_005;Discounting;-373498.52;EUR;Rec
12138;1916;Bank_002;Discounting;885205.4;GBP;Rec
12139;1818;Bank_017;Discounting;-150641.98;USD;Rec
12140;1602;Bank_008;Discounting;20494.2;USD;Rec
12141;2811;Bank_008;Discounting;-38659.78;EUR;Pay
12142;6249;Bank_011;Discounting;-424893.09;EUR;Pay
12143;1802;Bank_014;Discounting;-892134.83;USD;Pay
12144;9651;Bank_020;Discounting;863129.96;GBP;Pay
12145;6633;Bank_012;Discounting;-497139.7;EUR;Rec
12146;9823;Bank_016;Inflation;342736.02;GBP;Pay
12147;4955;Bank_011;Discounting;583922.03;USD;Pay
12148;2620;Bank_014;Discounting;815232.77;EUR;Pay
12149;7630;Bank_012;Discounting;-321670.93;GBP;Rec
12150;9776;Bank_014;Discounting;-297512.34;USD;Rec
12151;2245;Bank_020;Discounting;317710.81;USD;Pay
12152;1814;Bank_008;Inflation;464475.83;GBP;Pay
12153;3356;Bank_003;Discounting;929245.71;USD;Pay
12154;8013;Bank_020;Discounting;13540.08;USD;Rec
12155;2536;Bank_019;Discounting;-706182.18;USD;Rec
12156;5717;Bank_008;Discounting;535721.85;USD;Rec
12157;4879;Bank_002;Discounting;-196096.15;EUR;Pay
12158;1288;Bank_001;Discounting;-285516.06;EUR;Pay
12159;2183;Bank_016;Discounting;254634.16;GBP;Pay
12160;7213;Bank_016;Inflation;-396330.68;GBP;Rec
12161;8370;Bank_013;Discounting;683861.35;EUR;Rec
12162;5791;Bank_006;Discounting;887130.43;USD;Rec
12163;6055;Bank_013;Discounting;840393.97;EUR;Rec
12164;8795;Bank_013;Discounting;-516144.54;USD;Rec
12165;2919;Bank_004;Discounting;866226.44;USD;Pay
12166;7929;Bank_010;Discounting;-59407.55;EUR;Pay
12167;6302;Bank_017;Discounting;-36325.49;EUR;Rec
12168;7189;Bank_008;Discounting;215915.41;GBP;Pay
12169;5840;Bank_007;Inflation;722017.64;GBP;Rec
12170;4957;Bank_014;Discounting;-164001.57;GBP;Rec
12171;9194;Bank_018;Discounting;-551483.23;GBP;Pay
12172;2137;Bank_005;Inflation;-774991.73;GBP;Pay
12173;6434;Bank_015;Discounting;-252867.43;USD;Pay
12174;8820;Bank_014;Discounting;-114171.8;EUR;Pay
12175;3063;Bank_012;Discounting;449741.71;USD;Rec
12176;3667;Bank_015;Discounting;-650699.87;USD;Rec
12177;9759;Bank_012;Discounting;5686.12;GBP;Rec
12178;6718;Bank_012;Discounting;825168.44;EUR;Rec
12179;2786;Bank_004;Discounting;62971.85;USD;Pay
12180;9269;Bank_008;Discounting;972828.04;EUR;Rec
12181;5861;Bank_017;Discounting;658363.56;EUR;Pay
12182;4312;Bank_013;Inflation;724208.15;GBP;Rec
12183;4898;Bank_005;Discounting;4549.73;EUR;Rec
12184;1938;Bank_017;Discounting;184881.51;USD;Pay
12185;8128;Bank_011;Discounting;454208.9;EUR;Rec
12186;7021;Bank_006;Discounting;593895.51;USD;Rec
12187;9711;Bank_008;Discounting;511582.49;EUR;Rec
12188;6347;Bank_003;Discounting;620250.86;USD;Rec
12189;7227;Bank_001;Discounting;-659739.35;USD;Pay
12190;3913;Bank_007;Discounting;750241.98;USD;Pay
12191;6289;Bank_005;Discounting;706345.96;USD;Rec
12192;9955;Bank_015;Discounting;309132.38;GBP;Pay
12193;3160;Bank_009;Inflation;-148873.27;GBP;Rec
12194;7486;Bank_017;Discounting;-450041.62;EUR;Pay
12195;9093;Bank_020;Discounting;387690.77;EUR;Pay
12196;7395;Bank_013;Inflation;-475184.35;GBP;Rec
12197;7344;Bank_016;Discounting;223808.17;USD;Pay
12198;3939;Bank_014;Inflation;635969.54;GBP;Rec
12199;8074;Bank_001;Discounting;359621.78;EUR;Pay
12200;7998;Bank_016;Discounting;-669259.15;GBP;Rec
12201;9976;Bank_008;Discounting;863888.28;EUR;Rec
12202;2614;Bank_012;Discounting;-127903.4;EUR;Pay
12203;4653;Bank_017;Discounting;156459.57;EUR;Pay
12204;6733;Bank_014;Discounting;318891.32;EUR;Pay
12205;5364;Bank_014;Discounting;233633.77;GBP;Rec
12206;3397;Bank_014;Inflation;-454884.5;GBP;Pay
12207;8730;Bank_004;Discounting;-236083.96;GBP;Rec
12208;3243;Bank_006;Discounting;-749843.55;USD;Pay
12209;1947;Bank_019;Discounting;-91458.55;EUR;Pay
12210;4535;Bank_017;Discounting;268183.89;USD;Pay
12211;8069;Bank_008;Discounting;-150338.53;EUR;Rec
12212;1171;Bank_009;Inflation;34865.12;GBP;Rec
12213;9667;Bank_004;Discounting;855122.7;USD;Rec
12214;1815;Bank_011;Discounting;-369983.45;USD;Rec
12215;9272;Bank_018;Discounting;-559780.34;USD;Pay
12216;5694;Bank_003;Discounting;623626.21;GBP;Pay
12217;3523;Bank_016;Inflation;-447762.74;GBP;Rec
12218;1619;Bank_015;Discounting;773179.19;GBP;Pay
12219;6594;Bank_005;Discounting;-260002.23;GBP;Rec
12220;2291;Bank_015;Discounting;410979.1;GBP;Pay
12221;3655;Bank_013;Discounting;509880.4;USD;Pay
12222;1825;Bank_013;Discounting;-201919.1;EUR;Pay
12223;1443;Bank_019;Discounting;-134053.9;EUR;Rec
12224;6396;Bank_010;Discounting;-97821.43;GBP;Pay
12225;8224;Bank_004;Discounting;45387.55;USD;Rec
12226;4881;Bank_006;Discounting;-710578.73;USD;Rec
12227;4648;Bank_006;Discounting;434807.11;EUR;Pay
12228;1246;Bank_018;Discounting;80058.38;EUR;Rec
12229;4010;Bank_016;Discounting;-48689.94;EUR;Pay
12230;7205;Bank_012;Inflation;101226.6;GBP;Pay
12231;8470;Bank_002;Discounting;-143772.86;EUR;Rec
12232;7060;Bank_001;Discounting;438356.05;USD;Pay
12233;6487;Bank_020;Discounting;70241.02;EUR;Pay
12234;9621;Bank_020;Discounting;173463.05;USD;Rec
12235;6273;Bank_018;Discounting;234708.5;EUR;Pay
12236;3249;Bank_010;Discounting;22935.08;EUR;Rec
12237;9167;Bank_009;Discounting;668270.48;EUR;Pay
12238;8142;Bank_017;Discounting;268658.71;USD;Rec
12239;7931;Bank_001;Discounting;-747728.43;EUR;Rec
12240;8849;Bank_015;Discounting;318980.12;EUR;Pay
12241;5370;Bank_014;Discounting;-6900.37;EUR;Rec
12242;6161;Bank_017;Inflation;-458073.58;GBP;Pay
12243;5916;Bank_004;Discounting;-939413.55;GBP;Rec
12244;6181;Bank_011;Discounting;202719.21;EUR;Pay
12245;1910;Bank_019;Discounting;-904400.58;EUR;Rec
12246;1872;Bank_017;Discounting;441786.44;USD;Pay
12247;5722;Bank_013;Discounting;907841.61;EUR;Pay
12248;7655;Bank_015;Inflation;619577.06;GBP;Rec
12249;4723;Bank_020;Discounting;-173593.24;GBP;Rec
12250;1142;Bank_007;Discounting;-47323.41;USD;Rec
12251;1642;Bank_017;Discounting;2239.4;EUR;Rec
12252;8549;Bank_019;Inflation;817835.49;GBP;Rec
12253;7632;Bank_001;Discounting;-195258.92;EUR;Rec
12254;2482;Bank_016;Discounting;-97153.99;USD;Rec
12255;3215;Bank_013;Discounting;178534.68;USD;Rec
12256;9736;Bank_013;Discounting;854732.82;USD;Pay
12257;3827;Bank_011;Discounting;-232102.21;USD;Rec
12258;2832;Bank_010;Inflation;855868.4;GBP;Pay
12259;5802;Bank_010;Inflation;250292.18;GBP;Rec
12260;5959;Bank_012;Discounting;682089.97;USD;Pay
12261;7702;Bank_014;Discounting;-21606.96;USD;Pay
12262;6229;Bank_005;Discounting;-384689.83;EUR;Rec
12263;8803;Bank_015;Discounting;614383.94;EUR;Pay
12264;8257;Bank_020;Discounting;979039.92;USD;Pay
12265;3419;Bank_015;Inflation;266566.96;GBP;Pay
12266;6008;Bank_019;Discounting;914627.23;GBP;Rec
12267;6645;Bank_018;Discounting;43768.92;USD;Rec
12268;3430;Bank_016;Discounting;621032.97;GBP;Rec
12269;3179;Bank_004;Discounting;993345.22;EUR;Pay
12270;9015;Bank_004;Discounting;443023.56;USD;Pay
12271;4081;Bank_009;Discounting;218607.44;EUR;Rec
12272;8422;Bank_004;Discounting;938075.25;USD;Pay
12273;1465;Bank_001;Discounting;897409.84;EUR;Rec
12274;5536;Bank_005;Discounting;602833.62;EUR;Rec
12275;1303;Bank_012;Discounting;582394.32;EUR;Rec
12276;9340;Bank_008;Discounting;-722080.19;EUR;Rec
12277;3369;Bank_012;Discounting;-205515.74;USD;Pay
12278;5675;Bank_005;Discounting;416648.1;USD;Rec
12279;5905;Bank_020;Discounting;610035.39;EUR;Pay
12280;2360;Bank_008;Discounting;-500247.58;GBP;Pay
12281;4925;Bank_016;Discounting;-142549.72;USD;Pay
12282;2242;Bank_017;Discounting;-583950.87;USD;Pay
12283;5071;Bank_015;Inflation;812782.96;GBP;Pay
12284;1184;Bank_005;Discounting;265354.07;EUR;Pay
12285;4188;Bank_006;Discounting;-78060.82;USD;Rec
12286;7787;Bank_009;Inflation;996842.47;GBP;Rec
12287;2152;Bank_016;Discounting;-304524.33;GBP;Rec
12288;9062;Bank_001;Discounting;410725.38;USD;Rec
12289;7984;Bank_012;Discounting;470046.4;USD;Rec
12290;8078;Bank_019;Discounting;418594.27;EUR;Rec
12291;7907;Bank_019;Discounting;618065.4;USD;Pay
12292;3612;Bank_010;Inflation;-899870.95;GBP;Rec
12293;3567;Bank_015;Discounting;390637.9;USD;Rec
12294;6229;Bank_018;Discounting;-941047.3;EUR;Rec
12295;5210;Bank_009;Discounting;229282.24;GBP;Pay
12296;1070;Bank_020;Inflation;-468051.87;GBP;Rec
12297;6769;Bank_018;Discounting;160076.98;GBP;Pay
12298;9888;Bank_007;Discounting;-981494.96;EUR;Rec
12299;4587;Bank_016;Discounting;-411993.22;GBP;Rec
12300;1702;Bank_017;Discounting;-185652.52;GBP;Rec
12301;2149;Bank_017;Discounting;-602342.94;EUR;Rec
12302;1309;Bank_020;Discounting;-779211.53;EUR;Pay
12303;7412;Bank_003;Discounting;-716895.78;USD;Rec
12304;5908;Bank_007;Discounting;98166.45;EUR;Rec
12305;7412;Bank_016;Discounting;657334.29;USD;Rec
12306;3769;Bank_007;Discounting;-418714.06;GBP;Pay
12307;3415;Bank_013;Discounting;392875.59;USD;Pay
12308;1763;Bank_016;Discounting;-791035.21;USD;Rec
12309;7989;Bank_016;Inflation;-971446.04;GBP;Rec
12310;7324;Bank_014;Discounting;775124.92;EUR;Rec
12311;4285;Bank_016;Inflation;-854905.97;GBP;Rec
12312;8433;Bank_017;Discounting;-848296.89;EUR;Pay
12313;8641;Bank_004;Discounting;-25967.92;EUR;Rec
12314;9712;Bank_019;Discounting;-435205.78;EUR;Rec
12315;2558;Bank_016;Discounting;379792.01;USD;Pay
12316;3016;Bank_006;Discounting;957712.03;GBP;Rec
12317;2088;Bank_009;Discounting;377535.03;USD;Pay
12318;8106;Bank_010;Discounting;505963.23;EUR;Pay
12319;4414;Bank_015;Discounting;-627366.45;EUR;Rec
12320;6415;Bank_004;Inflation;420849.43;GBP;Rec
12321;6420;Bank_006;Discounting;167779.65;GBP;Rec
12322;6989;Bank_002;Inflation;-570529.75;GBP;Pay
12323;8140;Bank_018;Discounting;960828.72;USD;Rec
12324;4280;Bank_005;Discounting;-641109.52;USD;Rec
12325;8601;Bank_001;Discounting;-679381.92;USD;Pay
12326;5862;Bank_018;Discounting;-562519.35;GBP;Pay
12327;9713;Bank_016;Discounting;-565104.73;USD;Pay
12328;3675;Bank_010;Discounting;932199.75;EUR;Rec
12329;4007;Bank_013;Discounting;-285033.79;USD;Pay
12330;4030;Bank_020;Discounting;689418.33;EUR;Pay
12331;4360;Bank_019;Inflation;548954.84;GBP;Pay
12332;5674;Bank_019;Inflation;-61879.32;GBP;Pay
12333;9379;Bank_005;Inflation;-98185.32;GBP;Pay
12334;9722;Bank_015;Discounting;-324108.86;EUR;Pay
12335;8089;Bank_002;Discounting;285063.67;EUR;Pay
12336;2491;Bank_010;Discounting;173640.89;EUR;Rec
12337;1590;Bank_020;Discounting;-502367.37;EUR;Pay
12338;6981;Bank_012;Discounting;-121578.98;USD;Pay
12339;2379;Bank_008;Discounting;-377249.12;EUR;Pay
12340;2546;Bank_002;Discounting;374744.73;EUR;Pay
12341;2385;Bank_018;Inflation;-898292.06;GBP;Pay
12342;3233;Bank_016;Discounting;-710969.55;USD;Pay
12343;9140;Bank_018;Discounting;-862994.41;USD;Rec
12344;5122;Bank_004;Discounting;582008.15;USD;Rec
12345;5169;Bank_002;Discounting;453727.13;USD;Rec
12346;1236;Bank_014;Discounting;-871189.77;USD;Rec
12347;3423;Bank_011;Discounting;-961654.18;EUR;Rec
12348;3940;Bank_002;Discounting;547872.26;GBP;Pay
12349;7961;Bank_004;Inflation;-694851.55;GBP;Rec
12350;5103;Bank_017;Discounting;-191559.91;EUR;Rec
12351;4446;Bank_011;Inflation;720495.62;GBP;Pay
12352;9253;Bank_006;Discounting;842867.26;USD;Pay
12353;3653;Bank_015;Discounting;483206.04;GBP;Rec
12354;4759;Bank_017;Discounting;913141.71;GBP;Rec
12355;1063;Bank_005;Discounting;-410268.74;USD;Pay
12356;9649;Bank_003;Discounting;836516.34;EUR;Pay
12357;7055;Bank_018;Inflation;2094.76;GBP;Rec
12358;1961;Bank_012;Inflation;344525.88;GBP;Rec
12359;7007;Bank_003;Discounting;179668.79;EUR;Pay
12360;7196;Bank_005;Inflation;908803.02;GBP;Pay
12361;9142;Bank_015;Discounting;-608858.71;USD;Pay
12362;8161;Bank_003;Discounting;120482.93;USD;Rec
12363;2059;Bank_003;Discounting;-389111.55;EUR;Rec
12364;7349;Bank_010;Discounting;-561409.43;EUR;Rec
12365;7748;Bank_019;Discounting;371414.46;GBP;Rec
12366;1506;Bank_004;Discounting;26477.14;USD;Pay
12367;8962;Bank_007;Discounting;16623.39;USD;Pay
12368;1336;Bank_004;Discounting;639736.3;EUR;Rec
12369;9204;Bank_003;Discounting;-428949.86;USD;Rec
12370;1973;Bank_015;Inflation;-450419.47;GBP;Pay
12371;9738;Bank_014;Discounting;693101.55;GBP;Pay
12372;5098;Bank_019;Discounting;618069.1;GBP;Pay
12373;7560;Bank_007;Discounting;431271.1;EUR;Rec
12374;8562;Bank_014;Discounting;-994735.69;USD;Rec
12375;3057;Bank_014;Discounting;719331.1;USD;Rec
12376;9831;Bank_008;Discounting;-42012.13;USD;Pay
12377;6125;Bank_019;Discounting;436920.36;GBP;Rec
12378;4597;Bank_013;Discounting;428174.05;EUR;Rec
12379;1772;Bank_008;Discounting;932356.05;USD;Pay
12380;1999;Bank_006;Discounting;-60691.49;GBP;Pay
12381;9125;Bank_005;Discounting;209225.43;USD;Pay
12382;4754;Bank_005;Discounting;-209286.98;EUR;Pay
12383;6291;Bank_016;Inflation;584913.34;GBP;Rec
12384;5606;Bank_013;Discounting;682832.87;EUR;Pay
12385;6361;Bank_004;Discounting;559152.9;USD;Pay
12386;7594;Bank_004;Discounting;-504987.74;USD;Rec
12387;5925;Bank_001;Discounting;280060.78;EUR;Rec
12388;8092;Bank_009;Discounting;941708.4;GBP;Pay
12389;8720;Bank_015;Discounting;-570886.96;USD;Pay
12390;3181;Bank_020;Inflation;532051.8;GBP;Pay
12391;3337;Bank_019;Inflation;75046.2;GBP;Pay
12392;2126;Bank_004;Discounting;-214428.71;EUR;Pay
12393;1825;Bank_020;Discounting;84717.9;EUR;Pay
12394;8059;Bank_009;Discounting;-933895.61;EUR;Pay
12395;7792;Bank_020;Discounting;-970077.6;EUR;Rec
12396;4628;Bank_009;Discounting;146298.5;USD;Rec
12397;5096;Bank_005;Inflation;-526148.16;GBP;Pay
12398;3269;Bank_004;Discounting;-389293.57;USD;Rec
12399;4273;Bank_003;Inflation;187501.5;GBP;Pay
12400;2521;Bank_011;Discounting;322764.16;EUR;Rec
12401;1721;Bank_008;Inflation;755609.6;GBP;Rec
12402;6190;Bank_012;Discounting;3425.63;EUR;Pay
12403;2251;Bank_015;Discounting;725725.15;EUR;Rec
12404;9437;Bank_016;Discounting;583280.14;GBP;Pay
12405;8041;Bank_015;Discounting;207264.2;GBP;Rec
12406;9052;Bank_004;Discounting;780037.8;USD;Pay
12407;2526;Bank_009;Discounting;622030.75;USD;Rec
12408;3098;Bank_015;Discounting;-411920.58;USD;Rec
12409;1500;Bank_012;Discounting;695943.39;EUR;Pay
12410;6759;Bank_019;Discounting;-913087.51;EUR;Rec
12411;7997;Bank_012;Discounting;899173.54;GBP;Rec
12412;8053;Bank_002;Discounting;-690116.43;GBP;Pay
12413;5964;Bank_001;Discounting;612033.01;EUR;Rec
12414;7525;Bank_007;Discounting;-144353.09;EUR;Pay
12415;4404;Bank_013;Inflation;33673.54;GBP;Rec
12416;4154;Bank_006;Discounting;-476750.39;USD;Rec
12417;1214;Bank_011;Discounting;109613.52;EUR;Rec
12418;9656;Bank_008;Discounting;-269097.03;USD;Rec
12419;3372;Bank_016;Discounting;782565.33;GBP;Rec
12420;9102;Bank_016;Discounting;-599298.3;GBP;Rec
12421;5506;Bank_018;Discounting;146553.38;EUR;Rec
12422;6659;Bank_009;Discounting;-953778.66;EUR;Pay
12423;7605;Bank_019;Discounting;834697.8;EUR;Rec
12424;1997;Bank_003;Discounting;-999518.25;USD;Pay
12425;2679;Bank_020;Inflation;-806095.75;GBP;Pay
12426;7813;Bank_002;Discounting;895673.8;USD;Rec
12427;5090;Bank_015;Discounting;-444334.2;USD;Rec
12428;8008;Bank_003;Discounting;373772.16;USD;Pay
12429;8727;Bank_004;Discounting;963158.06;EUR;Pay
12430;2745;Bank_015;Discounting;239795.9;USD;Rec
12431;9271;Bank_007;Discounting;877171.19;EUR;Rec
12432;2884;Bank_020;Discounting;-817292.27;EUR;Rec
12433;9503;Bank_004;Discounting;22872.81;USD;Rec
12434;5481;Bank_015;Discounting;60526.45;USD;Rec
12435;8017;Bank_020;Inflation;513409.82;GBP;Rec
12436;5004;Bank_009;Inflation;141379.32;GBP;Pay
12437;8813;Bank_010;Discounting;-16418.73;USD;Rec
12438;4700;Bank_013;Discounting;-644855.99;USD;Pay
12439;3673;Bank_011;Discounting;663196.59;USD;Pay
12440;3062;Bank_007;Discounting;685900.78;EUR;Pay
12441;5130;Bank_002;Discounting;901223.55;EUR;Rec
12442;9662;Bank_019;Inflation;819647.28;GBP;Rec
12443;5242;Bank_016;Discounting;-413220.65;GBP;Rec
12444;6375;Bank_014;Discounting;-349734.14;GBP;Pay
12445;5124;Bank_006;Discounting;-705174.43;EUR;Pay
12446;9120;Bank_018;Discounting;-499507.35;EUR;Pay
12447;1863;Bank_004;Discounting;828889.36;USD;Pay
12448;3682;Bank_019;Discounting;878670.03;GBP;Rec
12449;8723;Bank_004;Discounting;407016.29;EUR;Pay
12450;6386;Bank_011;Discounting;-519746.76;USD;Rec
12451;1020;Bank_014;Discounting;-645913.41;USD;Rec
12452;6767;Bank_007;Discounting;-695704.23;GBP;Rec
12453;9552;Bank_013;Discounting;-595445.64;GBP;Rec
12454;3015;Bank_017;Inflation;790212.45;GBP;Rec
12455;9772;Bank_001;Discounting;-800538.06;USD;Pay
12456;3236;Bank_017;Discounting;-400814.69;EUR;Pay
12457;2886;Bank_008;Inflation;-535732.17;GBP;Pay
12458;4490;Bank_007;Discounting;619826.24;GBP;Rec
12459;7611;Bank_019;Discounting;-180304.65;EUR;Pay
12460;6271;Bank_004;Discounting;-104752.25;USD;Rec
12461;6025;Bank_019;Discounting;-483683.66;EUR;Pay
12462;4835;Bank_018;Discounting;307659.93;GBP;Pay
12463;8635;Bank_013;Discounting;788109.21;USD;Pay
12464;8332;Bank_006;Discounting;965889.84;USD;Rec
12465;3486;Bank_007;Discounting;156577.23;USD;Pay
12466;5014;Bank_001;Discounting;-957655.27;USD;Rec
12467;1974;Bank_015;Inflation;224622.58;GBP;Rec
12468;8248;Bank_018;Discounting;300501.44;GBP;Rec
12469;9115;Bank_012;Discounting;655824.12;EUR;Pay
12470;2120;Bank_010;Discounting;-517586.45;GBP;Pay
12471;3896;Bank_018;Inflation;962831.44;GBP;Rec
12472;2725;Bank_020;Discounting;-477599.66;USD;Pay
12473;2128;Bank_003;Discounting;-75019.58;GBP;Rec
12474;4730;Bank_015;Inflation;-494862.88;GBP;Pay
12475;4312;Bank_018;Discounting;-811579.27;USD;Pay
12476;6595;Bank_002;Discounting;781333.35;EUR;Rec
12477;1362;Bank_015;Discounting;-13929.76;EUR;Rec
12478;2485;Bank_006;Discounting;-130396.93;EUR;Rec
12479;7079;Bank_009;Discounting;-921096.09;GBP;Rec
12480;7403;Bank_020;Discounting;-869600.47;USD;Rec
12481;1985;Bank_013;Discounting;849245.64;USD;Rec
12482;6291;Bank_013;Discounting;559637.35;EUR;Rec
12483;6051;Bank_018;Discounting;690163.28;GBP;Rec
12484;2806;Bank_006;Discounting;-541766.77;EUR;Rec
12485;8055;Bank_003;Discounting;667833.2;EUR;Pay
12486;1559;Bank_017;Inflation;-3698.56;GBP;Pay
12487;8381;Bank_002;Discounting;-48758.77;GBP;Pay
12488;6838;Bank_019;Discounting;525305.12;EUR;Pay
12489;6497;Bank_011;Discounting;-107426.66;USD;Rec
12490;7601;Bank_012;Discounting;782110.39;EUR;Pay
12491;7182;Bank_004;Discounting;749403.97;GBP;Pay
12492;7238;Bank_009;Discounting;-956704.19;EUR;Rec
12493;1064;Bank_004;Discounting;-828497.9;USD;Rec
12494;6674;Bank_020;Discounting;525306.98;EUR;Pay
12495;4606;Bank_019;Discounting;195858.85;USD;Pay
12496;2395;Bank_019;Discounting;-680740.13;USD;Rec
12497;8336;Bank_008;Discounting;456705.67;GBP;Rec
12498;5348;Bank_020;Inflation;361857.07;GBP;Pay
12499;6196;Bank_006;Discounting;-667376.6;EUR;Pay
12500;5636;Bank_018;Inflation;450192.04;GBP;Pay
12501;5087;Bank_013;Discounting;91216.93;USD;Pay
12502;9172;Bank_001;Discounting;178266.81;EUR;Pay
12503;7266;Bank_003;Discounting;161239.52;USD;Rec
12504;5860;Bank_018;Discounting;-450855.37;EUR;Pay
12505;9619;Bank_010;Discounting;-48946.96;EUR;Pay
12506;5754;Bank_006;Discounting;-740475.53;EUR;Pay
12507;2225;Bank_005;Discounting;-960197.03;GBP;Pay
12508;2620;Bank_001;Discounting;-194220.84;EUR;Rec
12509;3433;Bank_014;Discounting;-457874.02;GBP;Pay
12510;6644;Bank_007;Discounting;884668.99;EUR;Pay
12511;8493;Bank_020;Discounting;842645.93;GBP;Rec
12512;4833;Bank_012;Discounting;-231611.63;USD;Rec
12513;5537;Bank_005;Discounting;-917563.91;EUR;Pay
12514;7618;Bank_020;Discounting;207453.44;EUR;Rec
12515;9539;Bank_016;Discounting;-250537.95;USD;Rec
12516;2351;Bank_005;Discounting;911035.41;USD;Pay
12517;3646;Bank_011;Discounting;-366807.3;GBP;Rec
12518;8947;Bank_002;Discounting;565024.02;EUR;Pay
12519;2424;Bank_006;Inflation;612164.33;GBP;Pay
12520;6058;Bank_006;Discounting;426923.9;USD;Rec
12521;9702;Bank_013;Discounting;952826.44;USD;Rec
12522;2520;Bank_016;Discounting;418544.02;EUR;Pay
12523;7935;Bank_002;Discounting;580332.77;EUR;Pay
12524;3613;Bank_017;Discounting;-155042.5;USD;Rec
12525;2381;Bank_007;Discounting;624912.35;USD;Rec
12526;4534;Bank_020;Discounting;424126.84;EUR;Rec
12527;5748;Bank_002;Inflation;572734.77;GBP;Pay
12528;8181;Bank_006;Inflation;-746911.08;GBP;Rec
12529;7749;Bank_009;Discounting;409591.67;USD;Pay
12530;8664;Bank_002;Discounting;-983936.27;USD;Rec
12531;5382;Bank_002;Discounting;-430651.22;EUR;Pay
12532;6069;Bank_008;Discounting;-365291.83;EUR;Rec
12533;2125;Bank_008;Discounting;267558.08;USD;Rec
12534;3525;Bank_019;Inflation;-233839.44;GBP;Pay
12535;7221;Bank_006;Discounting;-307649.85;USD;Pay
12536;9803;Bank_006;Discounting;941200.14;EUR;Rec
12537;1005;Bank_009;Inflation;995027.49;GBP;Pay
12538;3606;Bank_003;Discounting;26138.85;USD;Rec
12539;5491;Bank_002;Discounting;416047.57;EUR;Pay
12540;8381;Bank_009;Discounting;-611694.61;GBP;Pay
12541;3685;Bank_012;Discounting;83373.65;GBP;Pay
12542;6521;Bank_008;Discounting;-333921.53;USD;Rec
12543;1791;Bank_008;Discounting;-442572.57;EUR;Rec
12544;5599;Bank_019;Inflation;-209189.98;GBP;Pay
12545;4793;Bank_011;Discounting;-692051.74;USD;Rec
12546;5270;Bank_007;Discounting;-855155.37;EUR;Pay
12547;4811;Bank_004;Discounting;-234414.34;EUR;Rec
12548;6142;Bank_015;Discounting;-450527.5;GBP;Rec
12549;3978;Bank_004;Discounting;-589456.65;USD;Rec
12550;8933;Bank_006;Discounting;493452.87;EUR;Rec
12551;7211;Bank_004;Inflation;283550.81;GBP;Pay
12552;9970;Bank_002;Discounting;466920.54;USD;Rec
12553;5899;Bank_007;Discounting;862118.06;EUR;Rec
12554;2285;Bank_002;Discounting;-489179.16;USD;Pay
12555;4022;Bank_018;Discounting;761096.68;GBP;Pay
12556;2757;Bank_010;Discounting;-496423.09;USD;Rec
12557;4484;Bank_006;Discounting;47986.33;EUR;Pay
12558;1932;Bank_014;Discounting;-966385.44;EUR;Pay
12559;1565;Bank_003;Discounting;-641761.43;GBP;Rec
12560;9722;Bank_002;Discounting;246294.73;USD;Rec
12561;1301;Bank_019;Discounting;-76459.27;USD;Pay
12562;8248;Bank_019;Inflation;469416.01;GBP;Rec
12563;1434;Bank_007;Discounting;-510420.96;EUR;Pay
12564;6725;Bank_017;Inflation;671819.16;GBP;Rec
12565;7347;Bank_010;Discounting;-717667.93;EUR;Rec
12566;7194;Bank_020;Discounting;200280.97;EUR;Rec
12567;4546;Bank_015;Discounting;494348.34;USD;Rec
12568;4221;Bank_008;Inflation;-925492.24;GBP;Pay
12569;2592;Bank_009;Inflation;533114.59;GBP;Pay
12570;2590;Bank_016;Discounting;-756825.3;GBP;Rec
12571;2561;Bank_017;Discounting;560518.66;GBP;Pay
12572;2600;Bank_005;Discounting;722572.67;EUR;Rec
12573;1793;Bank_008;Discounting;747119.2;GBP;Rec
12574;6322;Bank_018;Inflation;-857986.44;GBP;Pay
12575;6413;Bank_008;Inflation;-395232.79;GBP;Rec
12576;8188;Bank_017;Discounting;919145.18;EUR;Pay
12577;6285;Bank_012;Inflation;-658279.6;GBP;Rec
12578;7856;Bank_001;Discounting;317572.24;USD;Pay
12579;3070;Bank_009;Discounting;-681433.93;USD;Pay
12580;6491;Bank_019;Discounting;166772.46;USD;Pay
12581;2379;Bank_012;Inflation;716582.67;GBP;Pay
12582;6267;Bank_008;Inflation;881892.39;GBP;Pay
12583;1981;Bank_013;Discounting;49633.5;EUR;Pay
12584;3126;Bank_013;Discounting;-496908.89;USD;Rec
12585;4322;Bank_006;Discounting;-550249.82;USD;Rec
12586;3861;Bank_011;Discounting;-745255.93;USD;Rec
12587;7227;Bank_001;Discounting;-980278.54;GBP;Rec
12588;4123;Bank_013;Discounting;-677907.57;EUR;Rec
12589;5962;Bank_015;Inflation;126188.56;GBP;Rec
12590;2976;Bank_009;Discounting;400376.52;USD;Pay
12591;5381;Bank_020;Discounting;-52160.48;USD;Rec
12592;7060;Bank_010;Discounting;322607.92;USD;Pay
12593;6452;Bank_018;Inflation;-165304.16;GBP;Rec
12594;8501;Bank_015;Discounting;332385.92;USD;Rec
12595;4090;Bank_009;Discounting;-220901.67;EUR;Pay
12596;2843;Bank_004;Discounting;-4849.71;USD;Pay
12597;9455;Bank_016;Inflation;-393260.11;GBP;Pay
12598;2877;Bank_012;Discounting;110165.2;USD;Rec
12599;1100;Bank_016;Discounting;-271945.06;EUR;Rec
12600;6467;Bank_009;Discounting;434527.05;USD;Pay
12601;4491;Bank_015;Inflation;788605.79;GBP;Pay
12602;4783;Bank_016;Discounting;-418416.11;USD;Rec
12603;9981;Bank_009;Inflation;967285.06;GBP;Pay
12604;2018;Bank_002;Inflation;688852.67;GBP;Pay
12605;1774;Bank_005;Inflation;-135765.65;GBP;Rec
12606;5329;Bank_014;Discounting;-904064.88;USD;Rec
12607;3765;Bank_002;Discounting;-721624.39;EUR;Pay
12608;2711;Bank_010;Discounting;-173053.47;USD;Pay
12609;7086;Bank_016;Discounting;455419.04;EUR;Pay
12610;4667;Bank_007;Discounting;-125751.45;GBP;Rec
12611;2107;Bank_012;Discounting;195591.67;GBP;Rec
12612;2082;Bank_013;Inflation;849267.36;GBP;Rec
12613;4951;Bank_002;Discounting;-857586.56;USD;Rec
12614;2681;Bank_010;Discounting;-550722.45;USD;Rec
12615;9806;Bank_012;Inflation;-258578.69;GBP;Rec
12616;1473;Bank_004;Discounting;-668501.97;USD;Pay
12617;2734;Bank_016;Discounting;665550.06;USD;Pay
12618;6281;Bank_003;Discounting;-767638.45;EUR;Rec
12619;7118;Bank_009;Discounting;524143.31;USD;Rec
12620;3615;Bank_014;Discounting;900361.42;USD;Rec
12621;2774;Bank_015;Discounting;-341845.17;USD;Rec
12622;4260;Bank_020;Discounting;387515.84;USD;Rec
12623;9636;Bank_008;Discounting;961813.12;EUR;Pay
12624;3630;Bank_009;Discounting;513105.32;EUR;Rec
12625;6930;Bank_018;Discounting;-580136.34;EUR;Pay
12626;4722;Bank_020;Discounting;-212111.47;GBP;Pay
12627;4034;Bank_020;Discounting;504245.68;EUR;Rec
12628;5407;Bank_008;Inflation;663776.13;GBP;Rec
12629;8535;Bank_009;Discounting;-477014.19;EUR;Pay
12630;5297;Bank_010;Discounting;-691848.54;EUR;Rec
12631;5893;Bank_014;Discounting;419790.87;GBP;Pay
12632;5308;Bank_009;Discounting;590574.09;EUR;Pay
12633;2990;Bank_017;Discounting;-292902.29;EUR;Pay
12634;6761;Bank_016;Discounting;-132606.13;USD;Pay
12635;9802;Bank_016;Discounting;-398084.57;USD;Pay
12636;5367;Bank_020;Discounting;-595064.92;EUR;Rec
12637;5001;Bank_003;Discounting;-278504.51;EUR;Pay
12638;3517;Bank_010;Discounting;-535468.55;USD;Rec
12639;8061;Bank_009;Discounting;638667.5;EUR;Rec
12640;4712;Bank_010;Discounting;-183025.22;EUR;Rec
12641;6734;Bank_014;Discounting;289587.2;EUR;Pay
12642;3996;Bank_006;Discounting;972633.68;GBP;Rec
12643;6643;Bank_019;Discounting;191853.62;USD;Pay
12644;7026;Bank_003;Discounting;411239.61;GBP;Rec
12645;5703;Bank_003;Discounting;-596600.07;GBP;Pay
12646;3835;Bank_010;Discounting;-889564.75;USD;Rec
12647;9131;Bank_020;Discounting;394922.53;USD;Pay
12648;8013;Bank_004;Discounting;-631501.05;EUR;Pay
12649;2140;Bank_019;Discounting;-756754.22;USD;Pay
12650;3562;Bank_005;Discounting;13382.4;EUR;Rec
12651;7541;Bank_009;Inflation;-203580.07;GBP;Pay
12652;1435;Bank_008;Discounting;-57263.78;USD;Rec
12653;2650;Bank_005;Discounting;710628.93;USD;Rec
12654;6894;Bank_007;Discounting;875654.41;USD;Rec
12655;6901;Bank_018;Discounting;714655.65;EUR;Pay
12656;3791;Bank_005;Discounting;-790724.39;EUR;Pay
12657;9053;Bank_004;Inflation;-177489.62;GBP;Pay
12658;8696;Bank_012;Discounting;13002.4;EUR;Rec
12659;9401;Bank_019;Discounting;291519.14;USD;Pay
12660;3105;Bank_018;Discounting;-438233.45;GBP;Pay
12661;3569;Bank_005;Discounting;-100549.18;EUR;Pay
12662;2067;Bank_003;Discounting;864323.44;USD;Rec
12663;7642;Bank_018;Discounting;-225417.65;EUR;Pay
12664;9143;Bank_020;Discounting;-889032.12;GBP;Rec
12665;6856;Bank_002;Discounting;-486204.39;EUR;Rec
12666;5076;Bank_002;Discounting;-278423.2;USD;Pay
12667;3795;Bank_001;Discounting;-10763.97;EUR;Pay
12668;2810;Bank_007;Discounting;28766.49;EUR;Pay
12669;7953;Bank_020;Discounting;-176435.95;USD;Rec
12670;1619;Bank_008;Discounting;-692762.89;EUR;Pay
12671;4596;Bank_014;Discounting;-492174.15;EUR;Pay
12672;8282;Bank_012;Discounting;-9656.82;USD;Rec
12673;2073;Bank_012;Discounting;433595.43;USD;Pay
12674;4055;Bank_013;Discounting;668947.49;EUR;Rec
12675;7373;Bank_003;Discounting;-935963.89;GBP;Rec
12676;3471;Bank_007;Discounting;182860.32;USD;Pay
12677;4177;Bank_004;Discounting;-514397.0;EUR;Rec
12678;2544;Bank_011;Discounting;-321012.17;GBP;Rec
12679;8874;Bank_011;Discounting;858232.71;USD;Pay
12680;6450;Bank_020;Discounting;891662.34;EUR;Pay
12681;6760;Bank_005;Discounting;114131.87;USD;Rec
12682;6347;Bank_002;Discounting;47344.8;USD;Pay
12683;8443;Bank_002;Inflation;-242300.78;GBP;Pay
12684;4761;Bank_006;Inflation;-719005.37;GBP;Rec
12685;7992;Bank_011;Inflation;845362.87;GBP;Pay
12686;8289;Bank_014;Inflation;-84150.84;GBP;Rec
12687;6539;Bank_006;Discounting;122239.48;USD;Pay
12688;5939;Bank_008;Inflation;740110.39;GBP;Pay
12689;5722;Bank_008;Discounting;-39466.15;EUR;Pay
12690;6855;Bank_008;Discounting;35690.62;GBP;Pay
12691;8813;Bank_019;Discounting;93044.92;EUR;Rec
12692;3686;Bank_011;Discounting;739380.4;GBP;Rec
12693;1061;Bank_003;Discounting;-815805.14;USD;Pay
12694;7321;Bank_015;Discounting;848155.61;GBP;Rec
12695;7643;Bank_010;Discounting;790792.54;EUR;Pay
12696;7787;Bank_020;Discounting;412425.97;EUR;Rec
12697;7196;Bank_002;Discounting;-61667.9;EUR;Pay
12698;1197;Bank_007;Discounting;-618102.28;GBP;Rec
12699;7866;Bank_013;Discounting;-828741.54;USD;Rec
12700;1332;Bank_014;Discounting;-490746.27;USD;Rec
12701;7106;Bank_006;Inflation;-481549.03;GBP;Rec
12702;6308;Bank_009;Discounting;426056.4;USD;Pay
12703;7820;Bank_001;Discounting;-663229.4;USD;Pay
12704;8008;Bank_018;Discounting;78696.41;EUR;Pay
12705;6892;Bank_018;Inflation;-101313.89;GBP;Rec
12706;6600;Bank_008;Discounting;435291.17;EUR;Rec
12707;3398;Bank_007;Discounting;722498.77;EUR;Rec
12708;4342;Bank_005;Inflation;-901746.21;GBP;Rec
12709;1148;Bank_006;Discounting;104064.75;USD;Pay
12710;2300;Bank_004;Inflation;-112569.46;GBP;Rec
12711;7670;Bank_020;Discounting;95623.17;USD;Rec
12712;7854;Bank_013;Inflation;-688162.13;GBP;Pay
12713;4767;Bank_009;Discounting;-120052.47;EUR;Pay
12714;5468;Bank_008;Discounting;-99219.85;GBP;Rec
12715;7247;Bank_017;Discounting;589104.59;EUR;Pay
12716;4324;Bank_014;Discounting;-58910.63;USD;Pay
12717;5055;Bank_020;Discounting;-977905.71;USD;Rec
12718;4139;Bank_014;Discounting;-275642.48;USD;Pay
12719;6637;Bank_003;Discounting;268154.12;GBP;Pay
12720;2865;Bank_018;Discounting;283240.0;EUR;Rec
12721;6408;Bank_004;Inflation;139023.74;GBP;Pay
12722;5759;Bank_012;Discounting;871091.08;EUR;Rec
12723;6228;Bank_005;Discounting;-263459.35;EUR;Pay
12724;4604;Bank_019;Discounting;444922.62;EUR;Pay
12725;2099;Bank_014;Discounting;551309.27;USD;Pay
12726;2354;Bank_003;Discounting;880243.79;USD;Rec
12727;9382;Bank_020;Discounting;-488030.09;EUR;Rec
12728;9031;Bank_010;Inflation;883948.86;GBP;Rec
12729;9816;Bank_014;Discounting;341520.04;EUR;Pay
12730;9737;Bank_009;Discounting;708535.39;GBP;Rec
12731;5244;Bank_016;Discounting;-168678.0;GBP;Rec
12732;8983;Bank_015;Discounting;513767.22;EUR;Pay
12733;1753;Bank_013;Discounting;-495609.68;EUR;Rec
12734;7926;Bank_014;Inflation;-341808.24;GBP;Rec
12735;9277;Bank_014;Discounting;-870201.57;GBP;Pay
12736;9191;Bank_015;Discounting;-578921.71;EUR;Rec
12737;4081;Bank_014;Discounting;109025.11;USD;Rec
12738;5362;Bank_016;Discounting;-938426.86;EUR;Pay
12739;2438;Bank_009;Discounting;167666.55;EUR;Pay
12740;4079;Bank_008;Inflation;334489.66;GBP;Pay
12741;1085;Bank_009;Discounting;668755.73;USD;Rec
12742;7447;Bank_004;Discounting;-743540.11;EUR;Rec
12743;7190;Bank_004;Discounting;567276.6;EUR;Pay
12744;6143;Bank_015;Discounting;241930.19;USD;Rec
12745;5381;Bank_001;Discounting;803306.77;USD;Rec
12746;4781;Bank_016;Discounting;-638807.58;USD;Pay
12747;2361;Bank_002;Inflation;673187.56;GBP;Pay
12748;7256;Bank_017;Discounting;-141162.43;EUR;Rec
12749;6378;Bank_017;Discounting;-796132.39;EUR;Rec
12750;3390;Bank_006;Inflation;405254.21;GBP;Rec
12751;1402;Bank_006;Discounting;-119711.59;EUR;Pay
12752;9368;Bank_001;Discounting;116784.23;GBP;Pay
12753;5402;Bank_015;Discounting;-74480.12;EUR;Pay
12754;9405;Bank_018;Discounting;4025.25;GBP;Rec
12755;6768;Bank_019;Discounting;-365255.33;GBP;Pay
12756;9820;Bank_014;Discounting;107547.91;USD;Rec
12757;5340;Bank_017;Discounting;904902.53;GBP;Pay
12758;2024;Bank_008;Discounting;-453837.1;EUR;Rec
12759;5587;Bank_015;Discounting;-352298.23;GBP;Rec
12760;4613;Bank_007;Inflation;526121.21;GBP;Pay
12761;7598;Bank_016;Discounting;-399939.04;GBP;Pay
12762;5029;Bank_018;Discounting;-509379.0;USD;Rec
12763;8443;Bank_006;Discounting;-555417.89;EUR;Rec
12764;2593;Bank_007;Discounting;-119296.45;USD;Rec
12765;7997;Bank_019;Discounting;-364121.34;USD;Pay
12766;8399;Bank_011;Discounting;-491929.2;USD;Pay
12767;2790;Bank_009;Discounting;-382415.94;EUR;Pay
12768;8681;Bank_004;Discounting;-922208.38;USD;Rec
12769;6311;Bank_014;Discounting;890011.57;EUR;Rec
12770;1987;Bank_014;Discounting;-783679.3;EUR;Pay
12771;1868;Bank_016;Discounting;889670.91;USD;Pay
12772;6154;Bank_017;Discounting;279861.37;GBP;Pay
12773;2639;Bank_002;Discounting;-973537.44;EUR;Rec
12774;1703;Bank_005;Discounting;413745.69;EUR;Pay
12775;6362;Bank_003;Discounting;-863304.76;EUR;Rec
12776;8845;Bank_003;Discounting;377703.72;EUR;Rec
12777;9508;Bank_001;Discounting;131635.99;EUR;Rec
12778;8518;Bank_016;Discounting;-660226.65;USD;Rec
12779;7037;Bank_016;Discounting;903207.12;GBP;Rec
12780;4266;Bank_012;Discounting;-645377.49;USD;Pay
12781;7820;Bank_001;Discounting;928675.54;USD;Pay
12782;5686;Bank_019;Inflation;-733222.77;GBP;Rec
12783;1926;Bank_007;Inflation;-925638.53;GBP;Rec
12784;1233;Bank_018;Inflation;504944.03;GBP;Pay
12785;2634;Bank_015;Discounting;115801.56;USD;Pay
12786;6568;Bank_017;Discounting;865925.1;USD;Rec
12787;5901;Bank_010;Discounting;-133850.99;USD;Pay
12788;7192;Bank_014;Discounting;-66065.18;USD;Pay
12789;5177;Bank_012;Discounting;-373173.27;USD;Rec
12790;5885;Bank_019;Discounting;-300455.09;USD;Pay
12791;2496;Bank_004;Discounting;961686.74;USD;Pay
12792;1914;Bank_012;Discounting;981189.96;USD;Pay
12793;4069;Bank_020;Inflation;375968.04;GBP;Pay
12794;5476;Bank_013;Discounting;-94870.99;EUR;Pay
12795;9360;Bank_006;Discounting;180506.73;GBP;Rec
12796;6380;Bank_007;Discounting;11966.66;USD;Pay
12797;8123;Bank_010;Discounting;-166582.67;USD;Rec
12798;4607;Bank_014;Discounting;-168166.93;EUR;Pay
12799;7042;Bank_007;Discounting;189100.2;EUR;Pay
12800;4851;Bank_003;Inflation;-486373.04;GBP;Pay
12801;9499;Bank_006;Discounting;-269908.61;USD;Pay
12802;8868;Bank_004;Discounting;-49414.05;GBP;Rec
12803;8803;Bank_020;Discounting;-738778.48;EUR;Pay
12804;5312;Bank_001;Discounting;-8319.94;USD;Rec
12805;4475;Bank_005;Discounting;-401306.45;GBP;Rec
12806;5134;Bank_003;Discounting;108387.39;EUR;Rec
12807;8532;Bank_007;Discounting;-964591.11;EUR;Rec
12808;3481;Bank_010;Discounting;-200987.05;GBP;Pay
12809;4651;Bank_020;Discounting;810176.25;USD;Rec
12810;5830;Bank_001;Inflation;254276.79;GBP;Rec
12811;1648;Bank_017;Discounting;-475079.38;EUR;Pay
12812;2545;Bank_016;Discounting;-196739.58;USD;Rec
12813;7259;Bank_003;Discounting;-133847.79;EUR;Pay
12814;4788;Bank_010;Discounting;452212.14;EUR;Pay
12815;3661;Bank_013;Discounting;-164376.83;EUR;Pay
12816;7158;Bank_014;Discounting;84408.78;EUR;Pay
12817;8393;Bank_020;Inflation;522221.18;GBP;Rec
12818;9988;Bank_018;Discounting;-726752.91;EUR;Rec
12819;8400;Bank_012;Discounting;-20589.21;USD;Pay
12820;2425;Bank_014;Discounting;393986.47;USD;Rec
12821;5592;Bank_011;Discounting;87068.76;GBP;Rec
12822;8199;Bank_014;Discounting;-23118.39;USD;Pay
12823;2718;Bank_002;Discounting;-277097.83;USD;Rec
12824;6020;Bank_020;Discounting;-243696.77;USD;Rec
12825;1284;Bank_005;Discounting;371708.98;EUR;Rec
12826;5623;Bank_016;Inflation;140772.2;GBP;Rec
12827;2401;Bank_008;Inflation;111017.96;GBP;Rec
12828;4888;Bank_017;Discounting;-761198.72;USD;Rec
12829;2057;Bank_019;Discounting;812508.47;USD;Rec
12830;5849;Bank_007;Discounting;-756977.66;GBP;Rec
12831;8179;Bank_001;Discounting;18423.17;USD;Pay
12832;6458;Bank_004;Discounting;906355.08;USD;Rec
12833;7387;Bank_014;Discounting;-554502.46;GBP;Pay
12834;9830;Bank_020;Discounting;-325214.34;GBP;Pay
12835;9490;Bank_010;Inflation;-623706.15;GBP;Pay
12836;4118;Bank_014;Discounting;-112708.71;USD;Pay
12837;6367;Bank_019;Discounting;808665.7;GBP;Rec
12838;5857;Bank_018;Discounting;-388873.88;USD;Rec
12839;5251;Bank_007;Discounting;279107.65;GBP;Pay
12840;8662;Bank_020;Discounting;726108.79;USD;Pay
12841;6543;Bank_013;Discounting;-40917.75;USD;Rec
12842;6235;Bank_004;Inflation;-738530.52;GBP;Rec
12843;1325;Bank_016;Discounting;899910.02;GBP;Rec
12844;5378;Bank_013;Discounting;875506.03;GBP;Pay
12845;9990;Bank_003;Discounting;676825.46;USD;Pay
12846;3011;Bank_010;Discounting;939641.57;EUR;Rec
12847;7229;Bank_007;Discounting;-203184.64;USD;Rec
12848;4039;Bank_008;Discounting;-859930.75;EUR;Pay
12849;9102;Bank_014;Discounting;521116.23;EUR;Rec
12850;5383;Bank_001;Discounting;821503.63;USD;Rec
12851;5854;Bank_011;Discounting;-955015.34;USD;Pay
12852;7652;Bank_012;Discounting;536173.08;EUR;Rec
12853;6049;Bank_017;Discounting;644902.18;EUR;Rec
12854;8351;Bank_011;Discounting;-951643.91;USD;Rec
12855;5681;Bank_004;Discounting;-427627.51;EUR;Rec
12856;7473;Bank_019;Discounting;-852073.63;USD;Pay
12857;7017;Bank_004;Discounting;-891267.64;EUR;Rec
12858;6385;Bank_009;Inflation;76993.3;GBP;Rec
12859;5923;Bank_009;Discounting;-912810.16;USD;Pay
12860;9805;Bank_019;Discounting;-845936.0;EUR;Pay
12861;7064;Bank_013;Discounting;-534055.58;EUR;Pay
12862;6809;Bank_002;Discounting;-380861.3;USD;Rec
12863;8504;Bank_003;Discounting;-563461.03;USD;Rec
12864;6537;Bank_009;Discounting;-435542.81;USD;Rec
12865;3042;Bank_006;Discounting;458532.81;USD;Rec
12866;5797;Bank_012;Discounting;-653563.24;USD;Pay
12867;6924;Bank_012;Discounting;-477745.71;USD;Rec
12868;6267;Bank_011;Discounting;-736140.35;GBP;Rec
12869;4526;Bank_010;Discounting;-334458.91;GBP;Pay
12870;2932;Bank_004;Discounting;-249517.74;USD;Rec
12871;1289;Bank_004;Inflation;379128.82;GBP;Pay
12872;6962;Bank_013;Discounting;-848079.43;EUR;Pay
12873;2987;Bank_012;Discounting;729318.23;USD;Rec
12874;8490;Bank_020;Discounting;138865.37;USD;Rec
12875;6054;Bank_010;Discounting;-740059.13;EUR;Rec
12876;7099;Bank_018;Discounting;417158.25;EUR;Pay
12877;2139;Bank_013;Discounting;-355333.38;USD;Pay
12878;8890;Bank_017;Discounting;969875.74;EUR;Rec
12879;2191;Bank_017;Discounting;785084.73;EUR;Rec
12880;4046;Bank_016;Discounting;66676.23;GBP;Rec
12881;5908;Bank_004;Discounting;166200.57;EUR;Pay
12882;1712;Bank_001;Discounting;678243.21;USD;Rec
12883;4205;Bank_002;Discounting;388549.49;EUR;Rec
12884;7506;Bank_013;Inflation;-136566.23;GBP;Pay
12885;9783;Bank_003;Discounting;-895629.88;EUR;Rec
12886;7651;Bank_017;Inflation;-779289.89;GBP;Pay
12887;9685;Bank_002;Discounting;-387987.79;GBP;Rec
12888;4956;Bank_012;Discounting;123232.32;GBP;Rec
12889;4347;Bank_012;Discounting;741620.85;EUR;Pay
12890;4247;Bank_012;Discounting;692552.91;EUR;Pay
12891;6475;Bank_014;Discounting;-59502.03;GBP;Pay
12892;6931;Bank_015;Inflation;-734835.64;GBP;Rec
12893;8899;Bank_008;Inflation;791708.51;GBP;Rec
12894;1933;Bank_019;Inflation;-939615.97;GBP;Pay
12895;9261;Bank_007;Discounting;-131869.48;USD;Pay
12896;5787;Bank_008;Discounting;139409.26;GBP;Rec
12897;7356;Bank_020;Discounting;-139628.27;EUR;Rec
12898;7618;Bank_004;Discounting;611905.94;GBP;Pay
12899;7958;Bank_008;Discounting;754958.39;GBP;Rec
12900;5822;Bank_018;Discounting;998181.54;USD;Rec
12901;6798;Bank_007;Discounting;687304.51;GBP;Pay
12902;2688;Bank_008;Discounting;-130619.21;USD;Rec
12903;6966;Bank_016;Discounting;806002.17;GBP;Rec
12904;2890;Bank_006;Discounting;947053.1;USD;Pay
12905;3526;Bank_016;Discounting;515315.23;GBP;Rec
12906;7606;Bank_018;Discounting;63943.47;EUR;Rec
12907;5042;Bank_006;Discounting;252898.74;USD;Rec
12908;1256;Bank_002;Discounting;876924.11;USD;Rec
12909;7175;Bank_004;Inflation;402981.23;GBP;Pay
12910;9339;Bank_016;Discounting;-64274.53;GBP;Pay
12911;9107;Bank_012;Discounting;-146652.04;GBP;Pay
12912;3995;Bank_009;Discounting;-999684.51;EUR;Rec
12913;3568;Bank_001;Discounting;-404247.34;EUR;Rec
12914;4573;Bank_010;Discounting;349347.98;USD;Pay
12915;6582;Bank_003;Discounting;591398.07;EUR;Pay
12916;4220;Bank_013;Inflation;121423.48;GBP;Rec
12917;8430;Bank_011;Discounting;362345.1;GBP;Rec
12918;2769;Bank_007;Discounting;559924.4;GBP;Pay
12919;4044;Bank_014;Discounting;443728.48;EUR;Pay
12920;1740;Bank_016;Discounting;-739343.27;USD;Rec
12921;2210;Bank_005;Discounting;684499.17;GBP;Rec
12922;5965;Bank_004;Discounting;474630.55;USD;Rec
12923;7654;Bank_017;Discounting;713306.03;USD;Rec
12924;3358;Bank_018;Discounting;631166.28;GBP;Pay
12925;1518;Bank_013;Discounting;-628791.87;USD;Pay
12926;6475;Bank_010;Discounting;780797.58;EUR;Pay
12927;4865;Bank_012;Discounting;719055.41;GBP;Pay
12928;9083;Bank_007;Discounting;-803229.01;EUR;Rec
12929;4085;Bank_012;Discounting;986745.58;EUR;Rec
12930;8772;Bank_011;Discounting;688730.98;USD;Pay
12931;3562;Bank_004;Discounting;-824093.98;USD;Pay
12932;6918;Bank_002;Discounting;-725570.38;GBP;Pay
12933;6152;Bank_004;Discounting;-93970.5;GBP;Rec
12934;2374;Bank_012;Discounting;503597.89;EUR;Pay
12935;3928;Bank_018;Discounting;-225689.21;USD;Pay
12936;4715;Bank_019;Inflation;-197328.11;GBP;Pay
12937;1968;Bank_005;Discounting;-449919.48;EUR;Pay
12938;7006;Bank_008;Discounting;-785686.61;GBP;Rec
12939;2364;Bank_006;Discounting;549443.25;GBP;Pay
12940;3954;Bank_015;Discounting;-188224.49;USD;Pay
12941;1774;Bank_008;Discounting;972672.12;USD;Rec
12942;8197;Bank_020;Discounting;439978.46;GBP;Pay
12943;6465;Bank_003;Discounting;-142497.18;EUR;Pay
12944;2505;Bank_020;Discounting;958496.56;EUR;Pay
12945;4477;Bank_015;Discounting;748364.47;USD;Rec
12946;4839;Bank_011;Discounting;831183.97;EUR;Rec
12947;5389;Bank_008;Inflation;709833.92;GBP;Rec
12948;4051;Bank_011;Discounting;335347.9;USD;Pay
12949;2089;Bank_011;Discounting;-494809.81;USD;Pay
12950;7304;Bank_001;Discounting;-902355.92;GBP;Pay
12951;6146;Bank_012;Inflation;-582319.17;GBP;Rec
12952;6766;Bank_002;Discounting;688811.22;EUR;Pay
12953;5301;Bank_003;Discounting;461344.02;USD;Rec
12954;4408;Bank_016;Inflation;-680118.4;GBP;Pay
12955;3926;Bank_008;Discounting;300731.12;USD;Pay
12956;7966;Bank_014;Discounting;-547391.43;GBP;Rec
12957;1677;Bank_005;Discounting;293611.32;GBP;Rec
12958;5146;Bank_017;Discounting;-337211.72;USD;Pay
12959;1209;Bank_006;Inflation;-72438.81;GBP;Pay
12960;4966;Bank_019;Discounting;-191375.14;GBP;Pay
12961;5363;Bank_020;Discounting;-117508.25;USD;Rec
12962;2868;Bank_008;Discounting;172477.34;USD;Rec
12963;4344;Bank_018;Discounting;-422171.37;USD;Pay
12964;7098;Bank_001;Discounting;224299.64;EUR;Pay
12965;3021;Bank_006;Inflation;698141.75;GBP;Pay
12966;6969;Bank_019;Discounting;-320208.36;EUR;Pay
12967;8203;Bank_018;Discounting;-774261.16;USD;Pay
12968;9129;Bank_019;Inflation;517863.9;GBP;Rec
12969;6106;Bank_010;Discounting;-777895.11;EUR;Rec
12970;9291;Bank_007;Discounting;791166.38;USD;Pay
12971;3737;Bank_013;Discounting;505860.13;USD;Rec
12972;3953;Bank_014;Discounting;755277.74;USD;Pay
12973;5682;Bank_006;Discounting;-691471.46;EUR;Rec
12974;7609;Bank_003;Discounting;978148.93;USD;Pay
12975;6783;Bank_002;Discounting;-364478.99;USD;Rec
12976;2248;Bank_006;Inflation;-928789.55;GBP;Pay
12977;7444;Bank_001;Discounting;-798235.94;USD;Pay
12978;8017;Bank_010;Discounting;-649650.27;USD;Rec
12979;8616;Bank_003;Discounting;-943470.6;EUR;Pay
12980;9775;Bank_017;Discounting;380413.33;EUR;Rec
12981;2767;Bank_007;Discounting;606518.14;GBP;Pay
12982;7337;Bank_007;Inflation;-692051.3;GBP;Rec
12983;6489;Bank_001;Inflation;-537648.23;GBP;Pay
12984;1060;Bank_004;Discounting;721710.06;EUR;Rec
12985;7276;Bank_020;Discounting;-275414.0;EUR;Rec
12986;1037;Bank_007;Inflation;975965.29;GBP;Rec
12987;1473;Bank_013;Discounting;26788.02;GBP;Rec
12988;8296;Bank_008;Discounting;780628.91;GBP;Rec
12989;3674;Bank_005;Discounting;428243.05;EUR;Pay
12990;3076;Bank_001;Discounting;-132431.2;GBP;Rec
12991;8494;Bank_006;Discounting;177589.06;EUR;Rec
12992;4787;Bank_004;Discounting;611369.58;USD;Rec
12993;1932;Bank_013;Discounting;-369021.59;USD;Pay
12994;5852;Bank_008;Discounting;723630.35;EUR;Pay
12995;4646;Bank_019;Discounting;-470465.65;EUR;Pay
12996;7658;Bank_019;Discounting;-16574.85;GBP;Rec
12997;9313;Bank_015;Discounting;99816.77;USD;Pay
12998;3749;Bank_015;Discounting;-608321.52;EUR;Rec
12999;4773;Bank_003;Discounting;-68762.61;EUR;Pay
13000;6616;Bank_008;Discounting;-457462.83;EUR;Pay
13001;6003;Bank_019;Discounting;-864894.23;EUR;Rec
13002;9330;Bank_004;Discounting;796458.39;USD;Rec
13003;6648;Bank_002;Discounting;-894054.19;USD;Pay
13004;2549;Bank_016;Discounting;-818829.28;EUR;Pay
13005;6246;Bank_006;Discounting;233448.23;EUR;Pay
13006;2906;Bank_008;Discounting;557106.05;GBP;Pay
13007;5710;Bank_013;Discounting;387367.63;USD;Rec
13008;9469;Bank_014;Inflation;980475.77;GBP;Pay
13009;6620;Bank_015;Discounting;-800473.99;USD;Pay
13010;9284;Bank_012;Discounting;-662792.68;EUR;Pay
13011;6441;Bank_017;Discounting;-664756.06;USD;Rec
13012;2416;Bank_020;Inflation;-218499.3;GBP;Pay
13013;3118;Bank_009;Discounting;292861.16;GBP;Rec
13014;4969;Bank_015;Inflation;-164287.63;GBP;Rec
13015;8915;Bank_004;Discounting;-415109.08;USD;Rec
13016;1098;Bank_017;Inflation;249465.7;GBP;Rec
13017;8263;Bank_010;Discounting;963754.59;USD;Pay
13018;9464;Bank_018;Inflation;-234167.19;GBP;Pay
13019;5911;Bank_015;Inflation;820822.18;GBP;Pay
13020;2946;Bank_020;Discounting;-655207.71;EUR;Rec
13021;4449;Bank_008;Discounting;759596.11;USD;Rec
13022;5221;Bank_005;Discounting;-201209.3;GBP;Pay
13023;3121;Bank_005;Inflation;-136594.04;GBP;Pay
13024;4038;Bank_002;Discounting;282921.7;USD;Rec
13025;2607;Bank_004;Discounting;-774785.7;USD;Pay
13026;4665;Bank_001;Inflation;913127.86;GBP;Rec
13027;4462;Bank_019;Discounting;-182372.22;EUR;Pay
13028;9417;Bank_007;Discounting;319463.06;GBP;Pay
13029;2234;Bank_001;Discounting;-66001.16;EUR;Pay
13030;2952;Bank_005;Discounting;-611892.24;EUR;Rec
13031;5234;Bank_001;Discounting;-345616.79;GBP;Rec
13032;9734;Bank_020;Discounting;-33502.61;USD;Pay
13033;6257;Bank_009;Discounting;-136605.11;USD;Rec
13034;3555;Bank_020;Inflation;-5237.71;GBP;Pay
13035;7369;Bank_001;Discounting;-436892.27;EUR;Pay
13036;2242;Bank_005;Discounting;-259992.92;EUR;Pay
13037;8160;Bank_020;Discounting;249832.52;GBP;Rec
13038;3025;Bank_015;Discounting;-87789.2;USD;Rec
13039;9752;Bank_001;Discounting;757601.92;EUR;Rec
13040;6959;Bank_001;Discounting;881434.16;USD;Pay
13041;3758;Bank_012;Discounting;-992567.8;GBP;Rec
13042;3829;Bank_002;Discounting;56116.84;EUR;Pay
13043;7458;Bank_018;Discounting;-620426.45;USD;Rec
13044;8058;Bank_019;Discounting;370945.17;USD;Pay
13045;3086;Bank_005;Inflation;-572076.54;GBP;Pay
13046;1062;Bank_012;Discounting;-797749.62;USD;Pay
13047;1751;Bank_001;Discounting;-266665.64;EUR;Rec
13048;2540;Bank_006;Discounting;-82463.42;EUR;Rec
13049;8648;Bank_011;Discounting;773061.34;GBP;Rec
13050;4800;Bank_015;Inflation;-336619.5;GBP;Pay
13051;9433;Bank_006;Discounting;-741238.14;EUR;Rec
13052;3256;Bank_016;Discounting;153346.64;EUR;Rec
13053;9558;Bank_012;Discounting;-160506.05;EUR;Pay
13054;4603;Bank_002;Inflation;135071.57;GBP;Rec
13055;8345;Bank_020;Discounting;-62840.39;USD;Pay
13056;2154;Bank_015;Discounting;980219.57;GBP;Pay
13057;7485;Bank_003;Discounting;-510382.08;USD;Pay
13058;4403;Bank_020;Inflation;360426.74;GBP;Pay
13059;7940;Bank_018;Discounting;92092.15;EUR;Pay
13060;4194;Bank_015;Discounting;-90179.71;USD;Rec
13061;6350;Bank_018;Discounting;-84329.47;USD;Rec
13062;2858;Bank_002;Discounting;163561.22;GBP;Rec
13063;9833;Bank_019;Discounting;-812072.41;USD;Rec
13064;2299;Bank_018;Discounting;253250.19;EUR;Rec
13065;4051;Bank_011;Discounting;-387883.09;GBP;Rec
13066;3372;Bank_002;Discounting;964965.3;USD;Rec
13067;8082;Bank_006;Discounting;727914.06;EUR;Rec
13068;1370;Bank_005;Discounting;32679.64;EUR;Pay
13069;8142;Bank_011;Discounting;-63831.88;USD;Pay
13070;5145;Bank_004;Discounting;-316580.63;EUR;Rec
13071;6970;Bank_005;Inflation;656999.42;GBP;Pay
13072;7262;Bank_015;Discounting;-338266.21;USD;Pay
13073;4624;Bank_013;Discounting;-373188.88;USD;Pay
13074;1684;Bank_008;Discounting;-901029.97;GBP;Pay
13075;7828;Bank_005;Discounting;251800.47;USD;Rec
13076;6893;Bank_005;Discounting;-387237.93;EUR;Pay
13077;8902;Bank_020;Inflation;-731085.92;GBP;Rec
13078;2918;Bank_020;Inflation;269979.32;GBP;Rec
13079;4048;Bank_011;Discounting;557202.72;GBP;Rec
13080;2468;Bank_001;Inflation;333733.27;GBP;Pay
13081;1285;Bank_005;Discounting;-738272.95;EUR;Pay
13082;2466;Bank_017;Discounting;-676453.29;GBP;Rec
13083;5426;Bank_013;Discounting;143693.2;EUR;Pay
13084;7322;Bank_005;Discounting;513187.87;EUR;Pay
13085;2203;Bank_003;Discounting;-582944.92;GBP;Rec
13086;2292;Bank_011;Discounting;-20711.58;EUR;Rec
13087;7590;Bank_018;Discounting;-937085.61;USD;Rec
13088;9239;Bank_016;Inflation;299052.26;GBP;Rec
13089;5722;Bank_003;Discounting;-223145.56;USD;Rec
13090;3089;Bank_009;Discounting;791040.24;GBP;Pay
13091;5885;Bank_020;Discounting;-930035.02;GBP;Pay
13092;2543;Bank_010;Discounting;44046.84;EUR;Pay
13093;5116;Bank_007;Discounting;470828.05;EUR;Rec
13094;9089;Bank_009;Inflation;-806846.84;GBP;Rec
13095;3046;Bank_009;Discounting;198583.16;USD;Pay
13096;1722;Bank_008;Discounting;125591.07;USD;Pay
13097;9275;Bank_004;Discounting;-569338.94;GBP;Rec
13098;5318;Bank_007;Discounting;135677.49;EUR;Pay
13099;9961;Bank_004;Discounting;-309206.68;EUR;Rec
13100;2300;Bank_018;Discounting;386790.01;USD;Pay
13101;6279;Bank_012;Discounting;-429801.0;EUR;Pay
13102;2184;Bank_020;Discounting;689880.08;GBP;Rec
13103;9172;Bank_010;Inflation;-467543.43;GBP;Rec
13104;5077;Bank_007;Discounting;70761.91;EUR;Rec
13105;6269;Bank_020;Discounting;724598.43;USD;Pay
13106;9220;Bank_010;Discounting;-856384.91;EUR;Pay
13107;6885;Bank_002;Inflation;526616.15;GBP;Rec
13108;2785;Bank_014;Discounting;495553.28;EUR;Pay
13109;3630;Bank_015;Discounting;42541.61;EUR;Rec
13110;4861;Bank_014;Inflation;183057.59;GBP;Rec
13111;8899;Bank_010;Discounting;627967.95;USD;Rec
13112;5323;Bank_009;Discounting;671898.22;GBP;Rec
13113;1569;Bank_019;Inflation;-482222.52;GBP;Pay
13114;5000;Bank_010;Discounting;583929.98;USD;Rec
13115;8210;Bank_018;Discounting;-86039.28;GBP;Rec
13116;5671;Bank_006;Discounting;323781.11;GBP;Rec
13117;1414;Bank_010;Discounting;556986.2;USD;Pay
13118;4356;Bank_017;Inflation;674579.72;GBP;Rec
13119;6672;Bank_005;Discounting;14730.94;EUR;Pay
13120;9898;Bank_018;Discounting;-345480.11;EUR;Rec
13121;9535;Bank_011;Inflation;369873.5;GBP;Pay
13122;2345;Bank_019;Discounting;177287.34;USD;Pay
13123;1930;Bank_005;Inflation;-940400.47;GBP;Pay
13124;4360;Bank_017;Discounting;-502928.0;EUR;Rec
13125;2223;Bank_008;Discounting;-648768.93;USD;Pay
13126;5992;Bank_015;Discounting;658826.99;GBP;Pay
13127;7818;Bank_005;Discounting;674015.59;EUR;Rec
13128;7451;Bank_014;Discounting;-573306.85;USD;Pay
13129;3407;Bank_001;Discounting;241118.39;EUR;Rec
13130;5828;Bank_005;Discounting;523349.81;EUR;Rec
13131;2874;Bank_012;Discounting;-401871.38;EUR;Pay
13132;8082;Bank_007;Discounting;226078.51;EUR;Pay
13133;5117;Bank_006;Discounting;-612733.15;USD;Pay
13134;5758;Bank_015;Discounting;-999762.71;EUR;Rec
13135;6012;Bank_001;Discounting;390078.75;GBP;Pay
13136;1594;Bank_018;Discounting;953862.83;USD;Rec
13137;6748;Bank_005;Discounting;904841.39;GBP;Pay
13138;9066;Bank_001;Discounting;488443.35;EUR;Pay
13139;3233;Bank_006;Discounting;193325.81;GBP;Rec
13140;1615;Bank_013;Discounting;-404425.85;USD;Pay
13141;3339;Bank_005;Discounting;-247700.43;USD;Pay
13142;1378;Bank_010;Discounting;102062.71;USD;Rec
13143;7800;Bank_014;Discounting;-608602.92;EUR;Pay
13144;1305;Bank_020;Discounting;-778502.98;USD;Rec
13145;6270;Bank_012;Discounting;-253390.02;EUR;Pay
13146;2630;Bank_012;Discounting;376220.8;GBP;Rec
13147;6691;Bank_010;Discounting;783735.97;EUR;Pay
13148;9899;Bank_015;Inflation;-443015.99;GBP;Rec
13149;9350;Bank_018;Discounting;604836.57;USD;Pay
13150;2542;Bank_017;Discounting;-321846.3;GBP;Pay
13151;2381;Bank_015;Inflation;-63869.08;GBP;Pay
13152;4574;Bank_018;Discounting;919686.85;USD;Pay
13153;8476;Bank_019;Inflation;557977.01;GBP;Rec
13154;9468;Bank_011;Discounting;657212.27;EUR;Pay
13155;2120;Bank_001;Discounting;916697.17;USD;Rec
13156;2908;Bank_001;Discounting;-394541.25;EUR;Pay
13157;7991;Bank_004;Discounting;105951.17;USD;Rec
13158;7171;Bank_009;Discounting;-832096.68;USD;Pay
13159;8454;Bank_002;Discounting;-800227.36;USD;Pay
13160;6577;Bank_018;Inflation;-25969.22;GBP;Rec
13161;7387;Bank_018;Discounting;-209548.7;EUR;Rec
13162;1947;Bank_010;Discounting;-606798.41;EUR;Pay
13163;7861;Bank_015;Discounting;817221.48;USD;Rec
13164;6926;Bank_005;Discounting;581641.31;EUR;Rec
13165;9793;Bank_008;Discounting;105494.9;USD;Rec
13166;7639;Bank_010;Discounting;-512134.87;EUR;Rec
13167;8386;Bank_019;Inflation;12922.24;GBP;Rec
13168;5012;Bank_005;Discounting;878961.78;USD;Pay
13169;8190;Bank_012;Discounting;-976289.41;USD;Pay
13170;6776;Bank_014;Inflation;-323038.98;GBP;Pay
13171;8735;Bank_005;Discounting;-660234.25;USD;Rec
13172;2404;Bank_006;Discounting;594153.61;EUR;Pay
13173;3968;Bank_006;Discounting;658981.35;GBP;Rec
13174;6153;Bank_013;Discounting;-829262.44;EUR;Rec
13175;3787;Bank_006;Discounting;231687.79;USD;Rec
13176;8019;Bank_017;Inflation;-760119.63;GBP;Pay
13177;9598;Bank_020;Discounting;-95131.01;USD;Pay
13178;6412;Bank_018;Discounting;-525703.85;USD;Rec
13179;4262;Bank_003;Discounting;766772.97;USD;Pay
13180;3224;Bank_001;Discounting;736296.87;EUR;Rec
13181;6615;Bank_013;Discounting;-875101.29;USD;Rec
13182;3808;Bank_004;Inflation;842316.99;GBP;Pay
13183;5818;Bank_020;Discounting;841772.32;GBP;Rec
13184;4480;Bank_015;Discounting;889751.28;USD;Pay
13185;5174;Bank_020;Inflation;36815.09;GBP;Rec
13186;3045;Bank_014;Inflation;869823.59;GBP;Pay
13187;7162;Bank_010;Discounting;-913572.6;EUR;Rec
13188;9550;Bank_016;Discounting;895303.31;USD;Pay
13189;6495;Bank_016;Discounting;-678125.98;GBP;Pay
13190;1391;Bank_009;Discounting;693288.13;GBP;Rec
13191;5364;Bank_012;Discounting;277478.51;EUR;Pay
13192;5370;Bank_007;Discounting;-506967.35;USD;Pay
13193;2054;Bank_010;Discounting;119917.81;USD;Pay
13194;1275;Bank_018;Discounting;-919960.72;GBP;Rec
13195;9022;Bank_001;Discounting;-279869.01;GBP;Rec
13196;8077;Bank_007;Discounting;-915276.14;EUR;Pay
13197;9080;Bank_003;Discounting;452714.04;EUR;Rec
13198;4104;Bank_004;Inflation;951704.16;GBP;Pay
13199;4613;Bank_008;Discounting;289433.68;EUR;Rec
13200;2294;Bank_018;Discounting;317448.67;USD;Rec
13201;7068;Bank_008;Inflation;-719354.45;GBP;Pay
13202;5075;Bank_012;Discounting;-507811.73;GBP;Rec
13203;7932;Bank_009;Discounting;-668387.53;USD;Rec
13204;1460;Bank_004;Discounting;-533811.86;EUR;Rec
13205;5366;Bank_015;Discounting;-236848.16;USD;Pay
13206;5231;Bank_017;Discounting;-637874.2;EUR;Pay
13207;7587;Bank_018;Discounting;958267.84;EUR;Pay
13208;1361;Bank_003;Discounting;888975.76;USD;Rec
13209;5443;Bank_015;Discounting;647179.65;USD;Rec
13210;7274;Bank_018;Discounting;389934.92;EUR;Rec
13211;1944;Bank_014;Discounting;-660321.13;USD;Rec
13212;8099;Bank_003;Discounting;995300.68;EUR;Pay
13213;8084;Bank_008;Discounting;-295723.03;EUR;Pay
13214;8537;Bank_002;Discounting;548521.14;USD;Pay
13215;1543;Bank_010;Discounting;-963600.82;EUR;Pay
13216;3866;Bank_007;Discounting;-935870.96;EUR;Pay
13217;1348;Bank_003;Discounting;-41447.84;USD;Rec
13218;3185;Bank_013;Discounting;84891.61;EUR;Rec
13219;9086;Bank_003;Discounting;-913206.61;GBP;Pay
13220;3894;Bank_009;Inflation;-955306.42;GBP;Pay
13221;2681;Bank_015;Discounting;406681.91;USD;Rec
13222;9854;Bank_008;Discounting;-176080.64;USD;Rec
13223;2781;Bank_004;Discounting;-991436.48;USD;Pay
13224;8551;Bank_011;Discounting;906093.17;EUR;Rec
13225;2157;Bank_007;Discounting;-775454.48;USD;Pay
13226;8649;Bank_016;Discounting;-474371.45;EUR;Rec
13227;7315;Bank_005;Discounting;-834164.96;EUR;Pay
13228;4569;Bank_010;Discounting;-471945.81;USD;Rec
13229;4395;Bank_016;Discounting;516849.45;USD;Rec
13230;2586;Bank_017;Discounting;-897459.34;EUR;Rec
13231;9089;Bank_002;Discounting;123510.91;USD;Pay
13232;9906;Bank_013;Inflation;580565.47;GBP;Pay
13233;2845;Bank_005;Discounting;-405398.8;GBP;Pay
13234;9909;Bank_006;Discounting;145510.47;USD;Rec
13235;9103;Bank_013;Discounting;698273.27;EUR;Pay
13236;4669;Bank_017;Inflation;972974.14;GBP;Rec
13237;2933;Bank_011;Inflation;-854632.18;GBP;Pay
13238;7827;Bank_006;Discounting;-366985.9;EUR;Pay
13239;7369;Bank_017;Discounting;-287213.0;GBP;Pay
13240;2648;Bank_020;Discounting;649876.96;USD;Pay
13241;6171;Bank_011;Discounting;-829022.73;GBP;Rec
13242;8048;Bank_009;Discounting;-27299.77;USD;Rec
13243;1978;Bank_006;Discounting;-279243.76;USD;Pay
13244;6129;Bank_010;Discounting;-988240.86;USD;Rec
13245;3455;Bank_019;Discounting;140752.4;EUR;Rec
13246;5649;Bank_012;Discounting;700079.71;USD;Pay
13247;6428;Bank_002;Discounting;452943.09;USD;Rec
13248;4034;Bank_010;Discounting;293214.47;USD;Rec
13249;4484;Bank_004;Discounting;924556.12;USD;Rec
13250;5552;Bank_019;Discounting;-323072.5;USD;Rec
13251;6479;Bank_005;Inflation;265332.51;GBP;Pay
13252;1592;Bank_007;Discounting;-413042.85;GBP;Rec
13253;4598;Bank_006;Discounting;-742514.88;USD;Rec
13254;7407;Bank_014;Inflation;-631606.94;GBP;Pay
13255;4011;Bank_006;Discounting;-626445.39;GBP;Pay
13256;4337;Bank_012;Discounting;-135235.16;USD;Rec
13257;4025;Bank_009;Discounting;424375.96;GBP;Rec
13258;6578;Bank_010;Discounting;-713158.79;USD;Rec
13259;7013;Bank_006;Discounting;-248984.04;GBP;Pay
13260;3948;Bank_020;Discounting;913776.89;USD;Pay
13261;9983;Bank_015;Inflation;-110749.52;GBP;Pay
13262;6170;Bank_008;Discounting;-997332.72;GBP;Rec
13263;4897;Bank_009;Discounting;942437.58;EUR;Rec
13264;4446;Bank_016;Discounting;140206.58;USD;Pay
13265;2335;Bank_006;Discounting;670724.71;USD;Pay
13266;6294;Bank_014;Discounting;-71459.19;USD;Rec
13267;6091;Bank_016;Discounting;-544580.9;EUR;Rec
13268;4417;Bank_019;Discounting;-40736.09;USD;Pay
13269;3092;Bank_018;Discounting;-321942.9;EUR;Rec
13270;2112;Bank_004;Discounting;142877.3;USD;Pay
13271;9290;Bank_018;Discounting;-634610.37;USD;Rec
13272;2222;Bank_019;Discounting;-633167.41;USD;Pay
13273;9668;Bank_013;Discounting;-214499.63;EUR;Pay
13274;2220;Bank_002;Inflation;-889316.0;GBP;Pay
13275;6479;Bank_003;Discounting;-409436.06;EUR;Pay
13276;6168;Bank_016;Discounting;802378.24;USD;Rec
13277;7092;Bank_020;Discounting;-736949.55;EUR;Pay
13278;1765;Bank_020;Discounting;582059.75;EUR;Pay
13279;9036;Bank_013;Discounting;-935675.05;USD;Rec
13280;2663;Bank_013;Discounting;691962.58;EUR;Rec
13281;8143;Bank_016;Discounting;705459.93;EUR;Pay
13282;5609;Bank_009;Discounting;-84181.19;USD;Pay
13283;9168;Bank_017;Inflation;268906.28;GBP;Rec
13284;4376;Bank_002;Discounting;466409.61;USD;Rec
13285;5858;Bank_012;Discounting;744911.26;EUR;Pay
13286;5539;Bank_016;Discounting;311448.95;USD;Pay
13287;1449;Bank_002;Discounting;-537719.32;GBP;Pay
13288;8307;Bank_013;Inflation;540826.03;GBP;Pay
13289;8592;Bank_010;Discounting;219448.1;GBP;Pay
13290;1832;Bank_012;Discounting;298088.93;EUR;Rec
13291;1891;Bank_014;Discounting;-718376.28;EUR;Pay
13292;9453;Bank_005;Discounting;-844668.28;USD;Pay
13293;1324;Bank_009;Discounting;-429964.18;GBP;Pay
13294;4137;Bank_004;Inflation;593823.13;GBP;Pay
13295;5313;Bank_015;Discounting;120462.24;USD;Pay
13296;8911;Bank_015;Discounting;41244.93;EUR;Rec
13297;7496;Bank_013;Inflation;-409505.89;GBP;Rec
13298;5797;Bank_009;Discounting;459020.0;EUR;Pay
13299;4354;Bank_006;Discounting;517275.17;USD;Rec
13300;8014;Bank_018;Discounting;662871.24;USD;Pay
13301;2766;Bank_007;Discounting;-158635.53;GBP;Rec
13302;8749;Bank_011;Discounting;189646.2;EUR;Rec
13303;2570;Bank_005;Discounting;467740.17;USD;Pay
13304;6527;Bank_017;Discounting;-108758.62;USD;Rec
13305;6848;Bank_002;Discounting;191883.19;USD;Pay
13306;6272;Bank_007;Discounting;7163.55;USD;Rec
13307;4747;Bank_018;Discounting;729580.44;USD;Rec
13308;2607;Bank_016;Inflation;-812550.27;GBP;Rec
13309;9000;Bank_012;Discounting;-441129.66;USD;Pay
13310;1402;Bank_019;Discounting;-111654.83;EUR;Pay
13311;3993;Bank_009;Discounting;424497.78;EUR;Pay
13312;8371;Bank_006;Discounting;-258391.6;USD;Rec
13313;2151;Bank_003;Discounting;312826.27;USD;Rec
13314;9039;Bank_004;Discounting;859969.57;USD;Rec
13315;3977;Bank_007;Discounting;709272.41;USD;Rec
13316;1090;Bank_013;Discounting;-907293.46;EUR;Pay
13317;1097;Bank_008;Inflation;947603.71;GBP;Pay
13318;6443;Bank_016;Inflation;884858.22;GBP;Rec
13319;5518;Bank_004;Inflation;-435915.29;GBP;Rec
13320;2403;Bank_019;Discounting;-155344.24;USD;Pay
13321;9233;Bank_007;Discounting;729607.62;USD;Pay
13322;3154;Bank_015;Discounting;-474604.74;EUR;Rec
13323;9697;Bank_006;Discounting;-894653.34;USD;Rec
13324;1256;Bank_011;Discounting;105881.5;EUR;Rec
13325;3066;Bank_014;Inflation;-776933.32;GBP;Rec
13326;9273;Bank_001;Discounting;-894688.48;GBP;Rec
13327;6435;Bank_013;Inflation;29534.75;GBP;Rec
13328;9088;Bank_014;Discounting;112231.08;USD;Pay
13329;6830;Bank_017;Discounting;-88234.82;USD;Pay
13330;1659;Bank_006;Inflation;436696.65;GBP;Rec
13331;2586;Bank_011;Discounting;184886.37;GBP;Rec
13332;8975;Bank_003;Discounting;-199167.08;USD;Rec
13333;6527;Bank_015;Discounting;547850.11;USD;Rec
13334;6073;Bank_002;Discounting;888348.73;EUR;Rec
13335;6800;Bank_016;Discounting;817778.01;GBP;Pay
13336;5930;Bank_012;Discounting;758369.84;USD;Pay
13337;3728;Bank_020;Discounting;110018.17;USD;Rec
13338;1131;Bank_010;Inflation;140240.97;GBP;Pay
13339;4685;Bank_017;Discounting;-704090.52;GBP;Pay
13340;1286;Bank_003;Discounting;-381502.96;USD;Rec
13341;7586;Bank_016;Discounting;-347859.0;EUR;Pay
13342;9148;Bank_012;Discounting;653111.59;EUR;Rec
13343;1999;Bank_017;Discounting;-495180.83;EUR;Rec
13344;6352;Bank_017;Inflation;177446.18;GBP;Rec
13345;2853;Bank_008;Inflation;119573.71;GBP;Rec
13346;1862;Bank_016;Inflation;695848.32;GBP;Rec
13347;1527;Bank_010;Discounting;376569.34;GBP;Rec
13348;1846;Bank_006;Inflation;287884.61;GBP;Pay
13349;4323;Bank_002;Discounting;363593.62;GBP;Rec
13350;1027;Bank_016;Discounting;-431644.0;EUR;Rec
13351;7172;Bank_016;Discounting;545608.99;GBP;Pay
13352;7448;Bank_013;Discounting;-57526.63;USD;Rec
13353;8354;Bank_012;Discounting;-430182.75;USD;Rec
13354;2532;Bank_005;Discounting;995672.79;EUR;Rec
13355;6768;Bank_003;Discounting;596407.65;USD;Pay
13356;7229;Bank_014;Discounting;244626.59;USD;Rec
13357;9077;Bank_009;Inflation;882439.06;GBP;Rec
13358;6921;Bank_019;Discounting;578876.8;GBP;Rec
13359;7678;Bank_016;Inflation;726261.83;GBP;Rec
13360;5864;Bank_017;Discounting;-662861.71;USD;Pay
13361;1105;Bank_002;Inflation;618362.6;GBP;Pay
13362;5356;Bank_005;Inflation;-854032.52;GBP;Pay
13363;1906;Bank_011;Discounting;514952.32;USD;Pay
13364;9654;Bank_009;Inflation;-174015.88;GBP;Rec
13365;4309;Bank_015;Discounting;-377009.15;USD;Pay
13366;3106;Bank_006;Inflation;-371370.24;GBP;Pay
13367;2375;Bank_017;Discounting;-202124.46;EUR;Rec
13368;1479;Bank_005;Discounting;262578.62;USD;Rec
13369;1087;Bank_014;Discounting;-587416.37;GBP;Rec
13370;3348;Bank_004;Discounting;-672716.32;GBP;Pay
13371;2217;Bank_011;Discounting;-838260.51;USD;Pay
13372;1420;Bank_013;Discounting;-810135.98;EUR;Pay
13373;2449;Bank_006;Discounting;-738559.36;EUR;Rec
13374;1106;Bank_018;Discounting;352779.14;USD;Rec
13375;6376;Bank_011;Discounting;149511.38;USD;Rec
13376;6885;Bank_001;Inflation;-70745.86;GBP;Rec
13377;6244;Bank_001;Discounting;-716794.85;GBP;Pay
13378;6828;Bank_008;Discounting;415928.81;USD;Pay
13379;7668;Bank_017;Discounting;-486524.45;USD;Rec
13380;6914;Bank_011;Discounting;-188957.69;USD;Pay
13381;7687;Bank_020;Inflation;852291.49;GBP;Pay
13382;9425;Bank_018;Discounting;-475368.3;USD;Rec
13383;4044;Bank_001;Discounting;-896177.66;EUR;Pay
13384;5318;Bank_012;Discounting;987378.39;EUR;Rec
13385;3422;Bank_016;Discounting;929765.99;GBP;Rec
13386;8541;Bank_014;Discounting;189711.0;USD;Rec
13387;2486;Bank_012;Discounting;-745591.76;USD;Pay
13388;4749;Bank_010;Inflation;-151688.78;GBP;Rec
13389;1399;Bank_004;Discounting;305378.08;USD;Pay
13390;5910;Bank_004;Discounting;947496.43;EUR;Rec
13391;3395;Bank_015;Discounting;-714806.24;USD;Rec
13392;8285;Bank_004;Discounting;-726239.36;USD;Pay
13393;8216;Bank_001;Discounting;925951.88;USD;Pay
13394;9607;Bank_019;Discounting;-743729.92;EUR;Pay
13395;8921;Bank_007;Inflation;662024.12;GBP;Pay
13396;7191;Bank_019;Discounting;-720456.68;EUR;Pay
13397;2354;Bank_010;Discounting;201684.85;EUR;Pay
13398;9032;Bank_020;Discounting;751771.44;EUR;Rec
13399;7973;Bank_004;Discounting;506020.4;GBP;Pay
13400;6340;Bank_010;Inflation;339446.02;GBP;Pay
13401;5868;Bank_012;Inflation;138349.58;GBP;Pay
13402;1204;Bank_001;Discounting;55040.35;USD;Rec
13403;6740;Bank_020;Discounting;-308055.02;EUR;Pay
13404;9103;Bank_003;Inflation;309169.6;GBP;Rec
13405;5086;Bank_008;Discounting;837958.65;EUR;Rec
13406;8147;Bank_017;Discounting;-590749.05;USD;Pay
13407;9973;Bank_017;Discounting;448481.57;USD;Pay
13408;6839;Bank_001;Discounting;-754519.89;GBP;Pay
13409;6009;Bank_015;Discounting;-804591.79;EUR;Rec
13410;8876;Bank_008;Discounting;-927495.36;GBP;Rec
13411;7567;Bank_002;Inflation;164401.8;GBP;Pay
13412;1172;Bank_020;Discounting;49382.68;EUR;Pay
13413;5005;Bank_004;Discounting;-241752.18;EUR;Rec
13414;2694;Bank_016;Discounting;-313179.77;USD;Pay
13415;1142;Bank_018;Discounting;-168409.12;EUR;Rec
13416;2460;Bank_016;Inflation;663139.0;GBP;Pay
13417;1837;Bank_014;Discounting;788456.09;USD;Pay
13418;3369;Bank_006;Discounting;746012.62;EUR;Pay
13419;4171;Bank_016;Discounting;561991.96;EUR;Rec
13420;7372;Bank_002;Discounting;303729.9;GBP;Pay
13421;9465;Bank_014;Discounting;917934.69;EUR;Rec
13422;4633;Bank_007;Discounting;995392.44;EUR;Rec
13423;3866;Bank_001;Discounting;926405.28;EUR;Pay
13424;1637;Bank_009;Discounting;293194.57;GBP;Pay
13425;8257;Bank_008;Discounting;927906.85;EUR;Rec
13426;6938;Bank_006;Discounting;-946029.93;GBP;Pay
13427;8586;Bank_002;Inflation;579424.02;GBP;Rec
13428;1921;Bank_010;Discounting;-335653.08;USD;Pay
13429;4434;Bank_014;Inflation;-206498.15;GBP;Pay
13430;1724;Bank_016;Discounting;-241826.55;GBP;Rec
13431;1390;Bank_015;Discounting;-794382.88;USD;Pay
13432;9116;Bank_006;Inflation;-854887.25;GBP;Pay
13433;8769;Bank_010;Discounting;-821043.23;USD;Rec
13434;3609;Bank_008;Discounting;832541.67;USD;Pay
13435;1757;Bank_013;Discounting;963221.31;EUR;Rec
13436;7121;Bank_001;Discounting;-326300.01;EUR;Rec
13437;9174;Bank_009;Discounting;-961391.17;GBP;Rec
13438;5633;Bank_002;Discounting;-448154.89;USD;Rec
13439;9380;Bank_019;Inflation;-12188.01;GBP;Rec
13440;8597;Bank_017;Discounting;211306.54;USD;Pay
13441;3793;Bank_003;Discounting;-844964.58;EUR;Pay
13442;5925;Bank_016;Discounting;187874.89;EUR;Rec
13443;2325;Bank_010;Discounting;-101525.74;USD;Pay
13444;3985;Bank_009;Discounting;-324292.23;USD;Pay
13445;3796;Bank_006;Discounting;344812.59;EUR;Pay
13446;5231;Bank_005;Discounting;177383.44;EUR;Pay
13447;5373;Bank_005;Discounting;-69442.86;USD;Pay
13448;3392;Bank_017;Discounting;540978.72;USD;Pay
13449;1817;Bank_019;Discounting;760582.53;GBP;Rec
13450;1599;Bank_011;Discounting;597409.15;EUR;Pay
13451;8861;Bank_008;Discounting;728979.07;EUR;Rec
13452;9142;Bank_018;Discounting;-339575.33;EUR;Pay
13453;8378;Bank_018;Discounting;257271.09;USD;Rec
13454;5779;Bank_006;Discounting;-436798.78;EUR;Pay
13455;7544;Bank_001;Discounting;618476.14;EUR;Rec
13456;2488;Bank_018;Inflation;389215.22;GBP;Rec
13457;2802;Bank_012;Discounting;939874.42;EUR;Rec
13458;6896;Bank_002;Discounting;470231.65;USD;Pay
13459;8875;Bank_012;Discounting;449941.61;USD;Pay
13460;6462;Bank_005;Discounting;282894.33;USD;Pay
13461;4730;Bank_014;Discounting;-27909.85;EUR;Rec
13462;4491;Bank_006;Discounting;-353065.33;EUR;Rec
13463;1841;Bank_011;Discounting;-936930.74;EUR;Rec
13464;7558;Bank_016;Discounting;-287503.49;GBP;Pay
13465;4801;Bank_017;Discounting;-440024.9;GBP;Pay
13466;2744;Bank_017;Discounting;-503206.78;USD;Rec
13467;2633;Bank_013;Discounting;-369438.97;USD;Rec
13468;7735;Bank_006;Discounting;135652.18;USD;Rec
13469;5803;Bank_018;Discounting;-551149.56;USD;Rec
13470;5901;Bank_016;Discounting;945803.94;GBP;Pay
13471;1567;Bank_009;Discounting;-504883.21;GBP;Pay
13472;5310;Bank_004;Discounting;680985.02;USD;Pay
13473;4570;Bank_002;Discounting;-969170.08;USD;Pay
13474;4646;Bank_020;Discounting;365655.29;EUR;Rec
13475;3369;Bank_019;Discounting;-972836.82;EUR;Pay
13476;1687;Bank_005;Inflation;836736.63;GBP;Rec
13477;7891;Bank_015;Discounting;172728.28;EUR;Pay
13478;1439;Bank_007;Discounting;-811555.24;EUR;Pay
13479;8466;Bank_008;Discounting;-305666.32;USD;Pay
13480;4549;Bank_007;Discounting;-533933.89;GBP;Rec
13481;2900;Bank_020;Discounting;-159874.66;EUR;Rec
13482;2712;Bank_004;Discounting;-820577.25;GBP;Rec
13483;1749;Bank_013;Discounting;-63547.19;EUR;Rec
13484;5624;Bank_012;Discounting;623884.5;USD;Rec
13485;4917;Bank_012;Discounting;-467080.36;USD;Rec
13486;9882;Bank_013;Discounting;-896890.25;EUR;Rec
13487;4816;Bank_012;Discounting;-761799.88;GBP;Rec
13488;3451;Bank_011;Discounting;402995.8;EUR;Rec
13489;8675;Bank_017;Inflation;43631.4;GBP;Pay
13490;8864;Bank_019;Inflation;376334.24;GBP;Rec
13491;8450;Bank_009;Discounting;789428.21;GBP;Pay
13492;7792;Bank_019;Discounting;-701577.7;USD;Rec
13493;9378;Bank_008;Discounting;-67717.7;USD;Pay
13494;1654;Bank_012;Discounting;-511236.51;USD;Rec
13495;6319;Bank_007;Discounting;506472.83;USD;Pay
13496;6446;Bank_010;Discounting;-805491.57;EUR;Rec
13497;6177;Bank_012;Inflation;-422018.14;GBP;Pay
13498;1837;Bank_010;Discounting;-836062.44;USD;Rec
13499;7854;Bank_008;Discounting;81624.56;GBP;Rec
