TranNum;InsNum;Daily_PL;YTD_PNL;CCY
10000;8270;-34729.42;342564.1;GBP
10001;6734;-8963.44;346883.69;GBP
10002;9322;-7531.1;-478315.14;USD
10003;6051;-12512.7;110130.68;USD
10004;9666;-5244.52;-40657.03;USD
10005;1189;49831.59;44127.17;GBP
10006;4556;19693.98;220972.92;EUR
10007;9792;-49982.87;52460.98;USD
10008;3612;46305.63;250822.82;GBP
10009;1775;-15957.26;-135428.79;EUR
10010;8555;-19638.28;130208.27;USD
10011;8989;-40268.45;-209999.59;USD
10012;5297;-178.55;35217.07;GBP
10013;8629;10740.77;297224.99;USD
10014;8916;-33676.36;-274984.78;EUR
10015;5859;37231.28;331158.93;EUR
10016;1064;32157.07;-291384.22;EUR
10017;3695;-44174.33;23414.86;EUR
10018;6892;37004.28;-262483.12;USD
10019;9392;40420.03;-358467.5;EUR
10020;9996;-20190.38;-201711.76;USD
10021;9110;-34889.98;372778.17;EUR
10022;7938;-8741.01;-309342.55;GBP
10023;2484;-35275.58;-79085.9;GBP
10024;7019;-48271.16;-378943.91;GBP
10025;5636;-49630.19;-475614.53;GBP
10026;6915;49737.37;-51110.78;EUR
10027;3693;22892.48;237080.75;USD
10028;6592;38040.75;-396254.22;EUR
10029;6864;2567.25;-178280.64;USD
10030;5413;4848.23;-167880.47;GBP
10031;2998;-31634.21;172827.23;EUR
10032;7585;-46157.11;395385.53;USD
10033;8280;-35373.45;115144.23;EUR
10034;5737;25420.48;-427072.52;GBP
10035;7528;40329.46;-143822.81;USD
10036;6791;49672.64;-431218.08;GBP
10037;9958;21677.34;-339285.56;USD
10038;7287;-9730.74;-56787.53;GBP
10039;1659;-9384.52;-162426.93;GBP
10040;9338;26720.95;319889.53;GBP
10041;2959;-16438.58;-17355.09;EUR
10042;7616;-7824.2;93516.87;GBP
10043;1262;-34973.4;305684.94;USD
10044;3049;29701.27;90413.16;USD
10045;8158;24614.42;488505.17;GBP
10046;2154;42250.8;111448.95;USD
10047;2648;1140.14;34527.06;USD
10048;6592;-3338.55;-19774.02;EUR
10049;5433;23203.7;492121.63;GBP
10050;9352;-45468.57;-269811.88;USD
10051;7015;-28979.24;332856.18;EUR
10052;9050;-8027.61;25132.27;USD
10053;1225;-3084.77;353681.29;EUR
10054;6600;-28.02;167845.99;EUR
10055;5642;-48051.65;152454.44;EUR
10056;2069;-25904.83;366868.61;GBP
10057;3327;25155.42;-390713.1;USD
10058;1699;-39652.84;-207001.71;GBP
10059;7102;-37423.64;240327.9;GBP
10060;6854;48681.65;155256.73;USD
10061;5014;-25095.33;64272.39;GBP
10062;1784;30564.91;462207.44;GBP
10063;6596;-49492.83;23690.29;USD
10064;9716;-4678.57;-85507.27;GBP
10065;3368;383.77;-96493.98;GBP
10066;6919;-15598.45;-385192.24;USD
10067;7293;-15.44;321051.42;USD
10068;4854;-39526.77;238491.36;EUR
10069;6691;-23223.39;-118756.68;EUR
10070;1876;48808.47;175211.42;GBP
10071;8987;21911.23;102390.94;USD
10072;9311;-17763.65;175115.88;USD
10073;9308;-4273.17;332082.8;EUR
10074;1512;7105.72;271236.0;USD
10075;8404;34850.81;321119.64;EUR
10076;1580;-9789.27;-131243.42;GBP
10077;4506;36906.76;-356899.84;EUR
10078;6188;-22059.62;-378990.46;USD
10079;7617;-45790.87;115861.06;EUR
10080;6881;40078.05;-370583.99;EUR
10081;8390;29570.9;-120660.09;GBP
10082;5611;11813.89;263741.73;GBP
10083;7833;21007.96;-363296.05;EUR
10084;6732;-38461.42;424193.37;EUR
10085;2066;-42052.88;-281600.31;EUR
10086;9945;-6165.26;321011.1;EUR
10087;1417;10262.6;71183.38;GBP
10088;6745;19195.48;302158.54;EUR
10089;8164;-26747.75;-481098.62;USD
10090;3786;-37280.28;-334836.04;USD
10091;7806;-45997.7;247518.04;EUR
10092;3914;38492.47;210649.86;EUR
10093;1728;-31137.68;106444.8;GBP
10094;8400;2060.37;319963.44;EUR
10095;3782;44229.87;242934.85;USD
10096;8266;1253.86;11048.26;GBP
10097;2167;30778.69;-377485.65;EUR
10098;7541;-34668.62;-156487.26;GBP
10099;9010;24713.9;-434023.32;EUR
10100;8056;-15567.63;-181459.54;GBP
10101;7313;-1426.24;-36283.49;GBP
10102;7172;21440.52;125561.07;GBP
10103;2365;40277.0;-319343.57;GBP
10104;4141;-6791.91;-99904.39;GBP
10105;5186;-38748.15;-335172.37;GBP
10106;5268;-16336.94;234802.33;USD
10107;9647;-34983.88;-234681.59;EUR
10108;1504;17642.03;96654.03;EUR
10109;1133;-39560.61;443705.04;EUR
10110;5910;-35197.11;-438592.8;USD
10111;6348;-19574.66;-473532.45;GBP
10112;7190;-46927.62;78732.2;USD
10113;9053;39295.08;-97455.61;GBP
10114;2353;-19785.75;414627.25;EUR
10115;7819;-43853.87;-26687.42;USD
10116;5964;-24739.77;-118288.85;GBP
10117;6320;-8920.61;45137.62;EUR
10118;2581;-4674.9;488049.43;USD
10119;5804;-47448.88;257658.87;USD
10120;8418;-44900.47;-68929.7;GBP
10121;3193;-29815.32;445302.3;EUR
10122;4925;22249.04;-37152.84;EUR
10123;8266;45224.21;221294.62;GBP
10124;6989;45194.04;204574.87;GBP
10125;5809;-42228.92;116305.37;EUR
10126;6997;48034.97;-285817.9;EUR
10127;5544;29273.97;-315367.94;USD
10128;1249;-4776.28;-415336.28;USD
10129;5363;-15941.39;276226.48;EUR
10130;7544;-45473.2;-179803.36;USD
10131;7881;12975.23;448557.42;USD
10132;2331;-25464.82;-326849.99;EUR
10133;5637;-29632.94;-263191.26;EUR
10134;1137;13832.16;498667.85;EUR
10135;5164;2359.13;-228569.22;EUR
10136;4818;24695.98;-341748.36;GBP
10137;8830;-46998.58;105264.97;EUR
10138;1666;-28970.44;-100762.75;USD
10139;8570;-26886.34;418061.73;USD
10140;7677;-16201.14;-50926.51;EUR
10141;3393;-26515.7;-415148.99;USD
10142;8240;1255.66;368723.27;GBP
10143;7493;-14831.84;280968.6;EUR
10144;2276;-46738.77;-264491.35;GBP
10145;9717;-36850.47;-97117.6;GBP
10146;1364;39433.29;-126488.07;GBP
10147;6122;10332.36;398142.12;EUR
10148;7882;-14021.34;-134244.37;EUR
10149;9905;-41201.7;-150950.35;GBP
10150;5632;24615.99;344629.38;EUR
10151;1232;22275.05;-493074.65;GBP
10152;8943;-38302.32;230982.0;GBP
10153;3739;44239.67;195361.13;USD
10154;1876;-27389.67;-392441.64;EUR
10155;2733;37701.63;-400969.49;GBP
10156;4735;-34896.3;96692.72;GBP
10157;5324;-31000.29;-272406.64;GBP
10158;9195;-35774.14;444326.2;USD
10159;5289;-37507.48;431332.06;USD
10160;7469;-17380.3;321559.49;GBP
10161;5208;44999.76;19257.75;EUR
10162;2828;27017.21;-233989.53;EUR
10163;1009;-11703.58;52986.73;USD
10164;6287;35046.12;120738.04;EUR
10165;3832;-47790.12;-195215.43;GBP
10166;4490;36497.18;-259763.18;USD
10167;2908;-13207.18;-110385.28;USD
10168;3560;-34554.73;-150187.95;EUR
10169;7413;31742.07;349093.87;GBP
10170;3898;8089.75;178739.6;USD
10171;2065;3457.27;-455727.44;GBP
10172;8804;19668.49;496550.88;GBP
10173;3192;-27217.67;482151.2;GBP
10174;4687;49777.36;-358485.39;GBP
10175;2202;42613.52;175532.63;GBP
10176;9669;-3362.82;-155339.28;EUR
10177;1950;12980.16;342786.68;USD
10178;2865;-46589.76;35462.27;USD
10179;7371;15026.4;-474396.71;GBP
10180;3371;38907.76;451789.92;USD
10181;7898;11249.13;-382998.93;USD
10182;6779;43241.17;305007.1;USD
10183;7166;-47145.18;79157.63;GBP
10184;8783;-38546.27;-358933.6;EUR
10185;4531;-30749.01;-103811.51;EUR
10186;1126;37638.29;-468924.59;GBP
10187;5146;18921.1;464550.79;EUR
10188;2792;14123.34;315605.06;USD
10189;4030;40177.23;214797.8;GBP
10190;6031;15984.28;-482033.26;EUR
10191;4507;1888.91;-30774.21;USD
10192;1536;2270.56;-67519.61;USD
10193;9666;40655.75;389030.09;EUR
10194;5971;-37430.14;32892.8;USD
10195;6299;45955.9;98664.16;EUR
10196;5757;30166.84;-126639.98;USD
10197;5944;-12275.1;-174312.72;EUR
10198;6182;-47815.45;424851.61;EUR
10199;3482;-15035.83;-132912.04;GBP
10200;5524;25954.74;26893.12;GBP
10201;6490;-13795.78;383617.43;USD
10202;6797;32537.92;476801.57;EUR
10203;9038;14102.16;190096.61;USD
10204;7305;-17550.05;-400420.01;GBP
10205;4462;-39408.33;145940.46;EUR
10206;9519;-38672.84;406626.57;GBP
10207;4054;20386.87;-273793.26;GBP
10208;3538;-22078.83;209973.72;EUR
10209;1822;32411.99;339429.99;GBP
10210;3198;10102.72;-344768.01;EUR
10211;5177;31835.95;291643.53;GBP
10212;5841;33535.76;-342336.22;GBP
10213;1804;18435.77;460243.93;USD
10214;8083;-24393.84;216728.03;USD
10215;3679;-24108.26;-192903.59;EUR
10216;3573;-1473.19;394954.04;USD
10217;8368;-46133.82;489641.31;USD
10218;9996;27207.71;-140221.1;USD
10219;6475;-14583.98;-17018.76;USD
10220;8141;37547.85;-482082.66;EUR
10221;3074;4824.97;-443913.55;USD
10222;9646;-38439.93;190665.86;EUR
10223;3681;-26569.11;-458405.19;USD
10224;3866;-33576.27;-291361.92;USD
10225;6415;26978.2;124924.13;EUR
10226;2333;23512.4;-130177.72;GBP
10227;7212;-38686.72;305290.1;GBP
10228;8101;-35959.32;-117318.23;USD
10229;2524;-23772.18;-203465.15;EUR
10230;2639;10185.67;-335647.85;GBP
10231;2252;-5412.61;138688.39;GBP
10232;7667;36891.32;-128772.48;GBP
10233;6136;-18130.82;-132152.78;GBP
10234;2341;79.71;-186905.41;GBP
10235;2750;-24954.79;-124696.91;USD
10236;6387;27782.93;-247185.21;USD
10237;9238;34462.96;-214893.46;GBP
10238;8124;10307.69;470976.28;GBP
10239;9007;45179.29;-65367.0;GBP
10240;6085;-43248.42;402628.71;GBP
10241;1614;-37308.4;423549.23;GBP
10242;8980;23263.06;434239.12;EUR
10243;5278;16539.18;495112.68;GBP
10244;6468;-3299.83;-170378.49;EUR
10245;9502;-10668.8;-149711.07;USD
10246;4810;-9920.27;385202.11;EUR
10247;9436;9206.11;225697.92;GBP
10248;1920;-21212.67;489870.68;EUR
10249;3050;-21926.53;-340974.85;USD
10250;5388;27819.46;339075.33;EUR
10251;5494;-10620.47;41071.78;GBP
10252;5805;-8587.2;-206078.04;GBP
10253;2868;31337.7;257037.36;GBP
10254;8827;-1467.14;-44449.08;USD
10255;1824;-31983.63;137273.36;USD
10256;2796;42367.77;218843.89;EUR
10257;2913;627.05;-461341.49;GBP
10258;8312;43028.28;-191955.66;GBP
10259;1892;-20004.75;-30403.95;EUR
10260;2290;-7083.41;462349.5;GBP
10261;2218;-33499.25;189122.15;USD
10262;1954;-39323.68;-223102.42;GBP
10263;4972;22213.72;304043.43;USD
10264;4020;-3107.55;289345.11;EUR
10265;1317;43512.71;435787.43;GBP
10266;7183;-15752.55;-187860.16;EUR
10267;3383;22644.47;154094.5;EUR
10268;2704;-10773.49;-271326.7;EUR
10269;5286;11843.19;-69761.01;GBP
10270;3808;-36788.66;139248.75;GBP
10271;7506;19767.44;-135767.99;USD
10272;9780;33195.44;-426326.92;USD
10273;2136;-409.02;456334.47;GBP
10274;2007;-30953.69;-327675.76;USD
10275;2435;-12130.33;-231915.96;EUR
10276;8059;-27846.66;449843.06;GBP
10277;9073;-15515.22;-440161.93;USD
10278;3353;39978.17;-51753.95;GBP
10279;9954;23594.18;-132652.75;EUR
10280;8813;43516.9;-212199.74;GBP
10281;4356;16276.66;324344.92;GBP
10282;4342;-26206.72;301510.84;USD
10283;4093;29227.6;464223.6;GBP
10284;1988;42281.19;-111391.27;EUR
10285;2682;9054.38;425294.32;GBP
10286;1933;-49562.43;127350.14;EUR
10287;9984;-28463.65;238766.01;GBP
10288;2607;29646.97;212959.24;EUR
10289;9782;49607.8;-20742.37;GBP
10290;7059;6134.55;-91007.58;USD
10291;2875;47398.32;422756.35;USD
10292;6109;48663.68;484891.2;GBP
10293;5167;39545.68;430877.53;USD
10294;9357;-38011.88;-326471.96;EUR
10295;4496;38518.76;226800.46;USD
10296;7731;37498.87;270033.52;GBP
10297;3720;-36041.64;416565.7;USD
10298;7368;27122.85;70806.2;EUR
10299;8833;3236.16;73798.68;USD
10300;4041;-10958.31;303219.34;EUR
10301;7082;40901.75;-247084.98;USD
10302;1552;-46195.28;-297072.6;USD
10303;9442;25733.86;368401.05;USD
10304;1894;-15143.45;-347612.98;EUR
10305;8179;35853.41;-285357.14;EUR
10306;4638;-25812.58;-407387.41;EUR
10307;3356;41032.42;-173276.66;USD
10308;1661;-32815.86;453644.92;EUR
10309;9946;-16447.96;247485.85;EUR
10310;1352;-26960.44;226825.78;EUR
10311;1956;-26783.78;137739.98;USD
10312;2712;-5913.7;298717.79;EUR
10313;6631;23027.18;435485.62;GBP
10314;2394;-12337.77;254335.13;EUR
10315;3958;46884.35;-163690.97;USD
10316;1525;-20999.58;269050.79;GBP
10317;5648;-5447.86;-101348.24;GBP
10318;4814;4561.25;435530.74;GBP
10319;3113;-41614.98;-34314.14;EUR
10320;5555;-38985.9;383586.06;GBP
10321;4081;-36329.88;-410296.61;USD
10322;6897;46375.44;63342.84;EUR
10323;6895;32589.29;-29743.22;EUR
10324;7099;-6435.81;411609.76;GBP
10325;4568;48987.26;118531.88;GBP
10326;2274;41818.83;362718.61;USD
10327;1281;4400.99;441103.69;GBP
10328;6178;-28994.38;384845.07;EUR
10329;5585;-19064.36;-469484.45;USD
10330;1125;28708.76;430017.52;USD
10331;6342;-28321.75;34085.59;USD
10332;7294;24934.67;-168376.41;USD
10333;8175;-35308.16;-107753.9;EUR
10334;8519;-4342.99;242220.93;GBP
10335;6238;-30131.61;315112.19;USD
10336;8705;217.91;403890.52;EUR
10337;5440;6578.59;-53145.42;EUR
10338;4124;-21320.64;-393757.6;EUR
10339;5033;-12829.67;-86376.75;USD
10340;8848;6828.69;359851.16;EUR
10341;1488;-3618.5;-185715.48;USD
10342;2667;37325.86;233918.04;USD
10343;2000;-19297.03;-333054.3;GBP
10344;1454;-20897.26;-376362.38;USD
10345;3875;40341.63;111726.87;EUR
10346;8010;36351.25;320360.87;USD
10347;7228;-34676.44;-56998.73;USD
10348;2177;47206.34;-266205.7;USD
10349;9234;-44976.11;-153989.85;USD
10350;7570;1094.58;-444122.55;GBP
10351;6243;-7332.62;-246587.33;GBP
10352;1140;-28788.2;-236092.87;USD
10353;9564;-39460.13;-423352.14;GBP
10354;8311;9584.55;447830.72;USD
10355;7787;30474.01;333898.65;GBP
10356;8052;23508.16;455982.8;EUR
10357;6047;45055.05;278303.11;USD
10358;6291;21594.63;-194720.48;GBP
10359;8285;-40883.36;-407132.03;EUR
10360;6752;23626.11;-471626.14;EUR
10361;6699;31640.92;-133523.55;GBP
10362;4273;-30791.95;-92411.5;USD
10363;1482;20327.22;-224889.39;EUR
10364;9853;-32638.16;237884.28;GBP
10365;8327;38068.13;85544.8;EUR
10366;9632;2385.56;254875.45;GBP
10367;7780;23264.65;-493721.6;EUR
10368;3349;-21815.55;432012.99;USD
10369;7764;46020.22;10287.16;EUR
10370;1072;6009.0;-499343.48;GBP
10371;1707;17234.0;-287564.15;USD
10372;4610;-37208.81;-195315.87;USD
10373;3428;16489.22;-63666.63;USD
10374;3817;-15094.17;226807.71;GBP
10375;5211;31372.01;369202.47;USD
10376;4374;-5524.72;217827.92;USD
10377;4083;38521.34;408906.4;GBP
10378;8446;-787.86;-144673.44;USD
10379;9555;40018.61;-238569.53;USD
10380;7549;29684.74;408654.9;GBP
10381;3785;23971.88;179860.16;EUR
10382;3408;-44932.28;-296527.01;EUR
10383;6299;16656.96;285195.59;GBP
10384;5437;-43660.9;-480940.55;USD
10385;9785;-18848.74;144955.08;USD
10386;8629;1204.26;-491640.68;GBP
10387;8842;-34838.78;252200.85;USD
10388;6907;-20233.83;-382811.29;USD
10389;5259;-44913.66;350442.22;USD
10390;3530;-2833.4;3678.65;EUR
10391;3964;-43865.87;-11420.07;EUR
10392;8179;14577.32;-377201.35;USD
10393;6947;40251.57;283347.97;EUR
10394;6179;30188.51;36533.08;GBP
10395;7488;-16607.81;140452.22;GBP
10396;6175;-27462.99;-363115.28;GBP
10397;6448;3833.06;-21373.81;GBP
10398;9800;-34971.76;30403.87;GBP
10399;2382;4646.83;371514.78;USD
10400;8870;25921.01;-282434.34;GBP
10401;7140;31793.2;469014.16;GBP
10402;7548;21661.95;287003.16;EUR
10403;7007;-23357.02;491902.55;EUR
10404;9433;-32360.55;250860.07;EUR
10405;1671;-10478.07;-143130.93;GBP
10406;5798;-21484.08;-58939.2;GBP
10407;6827;29087.46;440972.58;USD
10408;4493;-8376.18;151671.64;USD
10409;1016;28822.41;-400263.83;EUR
10410;7172;46054.37;-288366.54;USD
10411;3279;41507.93;486602.85;USD
10412;3247;-39959.54;392747.27;EUR
10413;8340;14090.93;317926.74;EUR
10414;5940;-39090.23;334261.98;GBP
10415;9599;12603.43;10618.72;EUR
10416;1365;6003.27;244467.68;GBP
10417;9754;-20236.33;443477.24;EUR
10418;6439;-19236.34;377080.15;GBP
10419;8504;-48788.85;416480.07;EUR
10420;2827;35157.78;-375819.58;EUR
10421;5285;23692.29;-125884.92;EUR
10422;6607;-2022.17;-431406.76;EUR
10423;4983;-28742.62;453646.03;USD
10424;8569;-8204.95;-473969.65;GBP
10425;8128;1507.81;494699.13;USD
10426;1685;-16717.94;-358786.44;EUR
10427;6341;14355.34;419824.34;EUR
10428;8165;35914.94;156987.52;USD
10429;9789;-31585.25;284359.86;USD
10430;4537;32322.2;349547.78;EUR
10431;5082;-9605.87;-91141.06;USD
10432;2376;-34484.29;272686.76;USD
10433;6926;23722.62;-400250.29;EUR
10434;7279;-47986.58;451719.93;EUR
10435;1448;-48273.16;128598.66;GBP
10436;9033;-4635.85;277413.49;USD
10437;3159;-41227.13;182373.6;USD
10438;4083;11494.26;353594.18;USD
10439;8544;1854.51;228292.08;GBP
10440;8378;-6241.69;483978.53;GBP
10441;2929;5941.11;253539.17;EUR
10442;3023;-40706.49;-37244.07;USD
10443;2080;-43556.23;-378289.02;EUR
10444;4292;613.54;-147695.17;EUR
10445;7643;-4017.7;-3855.81;USD
10446;1593;-34024.98;-134168.58;GBP
10447;7354;36059.75;356610.98;USD
10448;1867;-938.3;249146.07;EUR
10449;7256;25355.27;-455893.24;GBP
10450;9667;11089.12;304526.57;EUR
10451;2283;9397.12;41552.8;GBP
10452;3125;3121.57;7949.18;EUR
10453;6624;27830.82;142432.27;USD
10454;7397;-28449.71;-66651.76;EUR
10455;7900;2862.53;-81049.14;GBP
10456;8999;-26241.85;-375259.28;EUR
10457;7404;-38268.77;-203712.1;USD
10458;8462;-9734.48;182877.64;EUR
10459;1685;48491.69;397355.94;EUR
10460;7868;31369.78;313736.07;USD
10461;1162;9606.5;-247240.32;USD
10462;3014;-2805.98;-357445.99;EUR
10463;6347;6643.06;-476999.28;USD
10464;1689;-31053.49;212294.72;GBP
10465;1671;-22310.76;-80037.76;GBP
10466;2449;33206.1;-455441.95;USD
10467;7164;-47726.6;-271012.85;GBP
10468;2938;18444.34;-263879.16;EUR
10469;7588;36369.84;-148151.8;USD
10470;7633;-21648.88;-267086.9;GBP
10471;1572;7397.04;356311.28;USD
10472;5624;-9393.77;-247483.01;USD
10473;2537;-7913.38;404789.75;USD
10474;4750;-16546.24;155747.91;GBP
10475;5666;-17026.05;174757.83;GBP
10476;3324;38101.07;98558.77;GBP
10477;6774;44744.2;101517.19;GBP
10478;1781;47487.59;223730.45;USD
10479;3113;15278.83;329833.26;EUR
10480;5869;-48890.72;-242750.54;GBP
10481;6546;-28390.94;-389101.93;GBP
10482;1007;43778.66;-368997.87;EUR
10483;6000;-23716.33;-164836.02;USD
10484;7971;12462.8;267464.24;USD
10485;1258;10467.6;248954.39;USD
10486;6110;-9787.58;495778.24;GBP
10487;7509;-32990.77;-100239.79;EUR
10488;8183;33218.3;-253239.8;EUR
10489;1669;25084.3;-135719.61;USD
10490;9438;-32240.37;-96659.54;GBP
10491;8833;28478.85;-388044.85;EUR
10492;1645;1610.16;241356.42;EUR
10493;3504;25157.2;-110413.29;GBP
10494;5079;-3356.16;356765.95;GBP
10495;7450;-29162.22;492592.47;USD
10496;7416;-8076.28;-224548.68;GBP
10497;9915;-49740.06;-374976.9;USD
10498;1155;25650.9;149230.84;USD
10499;7144;-25349.36;427003.12;GBP
10500;7659;33568.8;-230726.17;GBP
10501;1948;-16991.21;-315246.36;USD
10502;5646;14255.88;201137.42;EUR
10503;5741;-10411.89;237158.7;USD
10504;5596;49156.67;111948.21;GBP
10505;6626;14928.39;-126157.61;EUR
10506;5249;-48941.36;453921.37;USD
10507;8789;27234.47;195568.13;USD
10508;6075;-47018.94;259012.14;USD
10509;2531;17008.42;68906.12;USD
10510;3723;12360.07;418366.15;USD
10511;2762;-49330.96;-343027.84;USD
10512;9259;39475.72;-491789.33;EUR
10513;4198;40363.61;-470368.15;USD
10514;6154;27933.78;390923.21;USD
10515;1660;11252.73;141441.05;EUR
10516;8156;-44943.63;-289108.78;EUR
10517;5577;39947.18;323716.02;EUR
10518;7581;-44045.23;312985.11;GBP
10519;7748;-7651.55;60722.67;GBP
10520;4740;-39159.45;-101355.96;GBP
10521;1771;-6508.95;169488.35;GBP
10522;3007;15753.53;48874.48;GBP
10523;5005;-46855.4;-338498.94;EUR
10524;5875;-33973.08;387732.43;GBP
10525;8616;40170.97;306498.25;GBP
10526;2455;-32512.06;340151.62;EUR
10527;2325;-31240.56;54630.7;GBP
10528;5697;23387.64;-448438.99;EUR
10529;6482;9792.93;-248866.48;EUR
10530;1855;-214.35;-116097.74;GBP
10531;5492;18657.85;-10809.67;GBP
10532;4629;-19836.98;410358.74;GBP
10533;7132;45905.36;301907.65;EUR
10534;7246;8074.1;384400.49;EUR
10535;4741;10167.33;-351169.9;GBP
10536;7993;-48257.26;225914.57;USD
10537;1593;25248.54;425825.99;GBP
10538;4808;32423.75;139582.37;GBP
10539;6889;-30969.66;94050.48;USD
10540;5658;-6531.48;-267891.53;GBP
10541;2628;29912.91;-350444.11;USD
10542;5008;13033.92;110753.92;GBP
10543;2998;-19638.61;-70760.86;USD
10544;8064;-38342.83;-474467.08;EUR
10545;7563;-48698.12;-325677.41;GBP
10546;4259;36697.31;22608.74;GBP
10547;7990;-38288.4;405495.08;GBP
10548;2141;6888.88;-472114.47;EUR
10549;7583;26272.89;-26564.85;EUR
10550;3606;3286.32;113226.86;EUR
10551;3011;-40554.96;447740.19;GBP
10552;2829;-24460.75;121832.22;USD
10553;2054;35556.3;-168082.46;EUR
10554;4415;12755.3;488877.15;EUR
10555;8597;35179.92;279284.68;GBP
10556;3309;-6069.98;-48730.46;USD
10557;3172;-1446.01;190431.62;EUR
10558;1785;-35566.28;361028.02;EUR
10559;6619;-48192.1;-330006.86;USD
10560;3352;-1818.56;-247883.06;EUR
10561;1946;-13441.83;-167416.91;USD
10562;5857;-23103.53;-119723.64;USD
10563;9491;528.84;-23641.2;GBP
10564;7626;31192.24;-191854.94;USD
10565;7652;-21808.95;4448.79;USD
10566;7905;-45206.57;-388189.71;GBP
10567;9848;30308.8;-6290.54;USD
10568;4162;-43346.46;-59617.08;USD
10569;7538;-10173.56;-253865.52;EUR
10570;2960;-12789.68;-311644.6;USD
10571;5761;-5094.04;-91471.89;USD
10572;6347;10750.04;442104.22;EUR
10573;5494;-31453.75;-82559.07;EUR
10574;7068;6222.05;46991.24;USD
10575;7142;16134.06;-232069.62;GBP
10576;2863;13455.08;-298829.86;EUR
10577;4935;-37454.45;331645.0;GBP
10578;7980;-2626.01;-102722.67;USD
10579;3767;42851.46;209757.39;USD
10580;4906;17712.88;-305740.27;USD
10581;7337;-29074.18;-16898.64;GBP
10582;8901;15230.38;-104727.48;GBP
10583;5208;-43581.47;183028.93;USD
10584;4363;27375.13;444302.48;GBP
10585;9068;-9123.23;-241951.94;EUR
10586;4175;42580.8;215138.84;USD
10587;9605;-43601.37;80027.34;GBP
10588;1187;-47147.33;-273475.97;USD
10589;6242;-42904.71;-295108.62;USD
10590;8913;-1007.73;-201133.52;USD
10591;3555;-41198.74;-17939.69;GBP
10592;5727;20848.83;-446874.71;GBP
10593;6789;38240.25;153069.83;GBP
10594;1182;1944.15;-103683.14;USD
10595;7555;-10671.23;-164441.22;EUR
10596;7846;-38427.06;-420758.11;GBP
10597;7046;-19116.97;167064.04;USD
10598;8016;-21160.56;312264.95;GBP
10599;8161;-11970.94;131193.58;USD
10600;7056;-6808.66;-2173.51;EUR
10601;8818;-24983.94;13869.08;GBP
10602;5523;-38934.69;-113232.42;USD
10603;3224;-5169.9;203995.95;GBP
10604;9662;-9977.88;165436.01;GBP
10605;7318;-32538.39;-474773.95;EUR
10606;1522;594.75;-26129.22;GBP
10607;8122;16975.25;-186454.74;EUR
10608;6621;-47013.46;223569.6;EUR
10609;6777;44221.16;-105736.45;EUR
10610;3257;11112.78;44687.21;GBP
10611;5424;6600.15;367376.21;USD
10612;2772;23633.68;269786.41;GBP
10613;7469;-40996.25;-353292.53;EUR
10614;2461;16330.46;40457.79;EUR
10615;2548;27427.83;-406926.68;USD
10616;8982;6648.71;-13930.6;EUR
10617;4841;35468.69;-312851.03;USD
10618;9578;-15128.69;-349528.54;EUR
10619;8703;-4826.75;381405.81;USD
10620;4923;17033.35;244298.78;EUR
10621;7091;-40666.31;-47974.07;GBP
10622;5063;33867.04;337479.61;USD
10623;4709;48802.02;26040.83;GBP
10624;4718;-49792.86;399060.5;GBP
10625;7919;45619.67;427746.2;EUR
10626;9835;27191.13;-288085.05;EUR
10627;6345;-36094.29;200886.0;GBP
10628;6223;-35957.7;453315.66;EUR
10629;7683;-5417.22;-469184.94;GBP
10630;1025;-34940.64;-209518.82;EUR
10631;4764;20375.47;237292.32;GBP
10632;9682;-28697.48;148555.53;GBP
10633;8605;-46817.26;-397147.07;EUR
10634;8763;3501.07;203823.64;GBP
10635;2946;41436.73;-62247.52;EUR
10636;8557;-38004.69;428976.63;USD
10637;2932;-6256.23;-2526.9;USD
10638;1492;35442.95;85779.69;EUR
10639;5958;-19854.97;40780.44;EUR
10640;3743;12486.11;389799.89;EUR
10641;7102;-26516.55;59379.03;USD
10642;1619;42049.9;-454527.21;GBP
10643;9436;-30543.22;-153685.09;USD
10644;3409;17846.84;341847.27;GBP
10645;6158;-30082.92;-253295.52;USD
10646;3468;32328.54;-351656.49;EUR
10647;5009;-23882.31;232693.59;USD
10648;4638;-33384.12;328033.52;GBP
10649;5444;-948.34;-52427.92;EUR
10650;8432;-36474.48;179658.29;EUR
10651;5422;38400.1;192107.88;EUR
10652;4696;-18311.54;198798.67;USD
10653;9307;994.25;353730.44;GBP
10654;3161;-4035.29;-262697.35;USD
10655;4786;-39874.38;-218933.24;EUR
10656;2772;6353.99;-329957.47;EUR
10657;1660;-46023.89;-51156.95;USD
10658;1699;-15256.79;-79609.37;GBP
10659;8812;-4586.66;266070.47;GBP
10660;4180;46092.69;-237715.56;GBP
10661;5570;44239.89;-271624.38;GBP
10662;4607;25494.51;181346.05;GBP
10663;7614;-44777.78;224921.8;EUR
10664;5276;40112.27;430222.3;EUR
10665;6445;18519.34;286588.04;USD
10666;4156;-42845.81;-338747.35;GBP
10667;4109;-23752.03;31338.37;GBP
10668;2849;-11375.53;157135.04;USD
10669;1205;-5431.12;275022.24;GBP
10670;6141;21358.81;247281.4;GBP
10671;4273;32884.88;334222.41;USD
10672;4551;27955.24;-434073.42;EUR
10673;7579;12320.34;-480210.57;GBP
10674;3800;24375.9;-438942.26;EUR
10675;8361;48321.5;114078.21;GBP
10676;1406;-31800.19;-31720.49;USD
10677;1680;32667.7;-320002.04;USD
10678;3292;3677.55;-496419.23;GBP
10679;1174;28842.62;-305392.4;EUR
10680;4171;-11282.18;30243.7;EUR
10681;4490;-35513.85;426670.85;USD
10682;5796;-3119.39;-268216.44;GBP
10683;8032;23514.28;394213.43;GBP
10684;7426;41267.09;-68866.06;EUR
10685;9850;-14053.87;429257.42;GBP
10686;4731;-44716.18;250540.11;GBP
10687;1882;-32249.12;-34498.71;GBP
10688;8951;45369.23;81148.13;USD
10689;8291;2344.08;-438199.24;USD
10690;1139;-22265.95;-496948.9;EUR
10691;7989;37500.57;144854.68;GBP
10692;4951;-38197.23;-136527.31;USD
10693;3606;31141.53;-359696.8;EUR
10694;3438;-26973.47;41406.52;USD
10695;6941;-35505.34;-117293.66;USD
10696;7361;48212.77;43851.33;USD
10697;2988;20152.78;163281.05;EUR
10698;8162;-28828.4;346113.39;USD
10699;6633;-37794.98;421595.14;USD
10700;2518;-28392.81;454744.29;GBP
10701;4554;29796.35;-329016.76;USD
10702;2742;-33959.73;-415470.56;EUR
10703;5195;-25264.46;159106.76;EUR
10704;7409;2030.25;113350.79;USD
10705;2271;-46885.94;-420028.62;USD
10706;5396;19197.4;347908.34;EUR
10707;2920;-14057.82;-333517.59;EUR
10708;8071;-19164.45;-87970.03;USD
10709;2818;13013.59;-90526.58;GBP
10710;4676;39704.11;-98787.61;USD
10711;5138;-31862.65;-251655.39;USD
10712;9560;-3483.37;282462.67;GBP
10713;7136;36940.69;-314709.28;GBP
10714;9252;-49652.81;369408.81;USD
10715;2551;-27180.35;321662.74;GBP
10716;5370;5074.79;-95884.46;GBP
10717;2993;-35324.29;172037.09;GBP
10718;1690;31815.74;-38905.88;EUR
10719;8786;-5364.47;255279.1;EUR
10720;2873;11.86;285612.58;USD
10721;9933;-44588.36;357630.62;USD
10722;8697;-23792.94;-330805.38;USD
10723;8352;-46770.65;334073.1;USD
10724;5970;-43988.47;454430.42;GBP
10725;9312;6484.2;198683.18;USD
10726;1644;22531.04;-207315.51;EUR
10727;3668;30645.83;446240.68;GBP
10728;1195;-13014.89;335349.39;GBP
10729;9468;27203.98;89595.87;EUR
10730;3591;-13238.4;-84814.71;USD
10731;3854;-19239.15;-73729.52;EUR
10732;2029;48962.69;-136585.23;GBP
10733;1086;16550.98;-180393.57;GBP
10734;7968;-3335.23;-416226.0;GBP
10735;7815;26323.42;161024.45;GBP
10736;6520;-15251.5;24844.68;USD
10737;5757;37222.18;-455567.28;EUR
10738;8081;43021.65;-29200.4;USD
10739;9306;35965.54;361482.92;EUR
10740;3294;-44128.77;281594.57;GBP
10741;4453;23286.74;-456806.45;EUR
10742;4005;44053.79;134548.24;GBP
10743;6097;-33246.6;-376902.81;USD
10744;7901;6197.3;-441165.74;EUR
10745;6552;-33559.03;448452.21;USD
10746;6126;24474.09;113489.11;EUR
10747;7314;-29118.04;-281484.19;EUR
10748;4893;-5417.07;254054.27;EUR
10749;7773;-49607.04;-455724.73;USD
10750;6057;37011.16;314065.68;GBP
10751;5637;19468.12;-467.99;GBP
10752;4719;-35487.32;-397766.81;GBP
10753;4406;40537.63;-117478.16;EUR
10754;7476;19572.26;-43801.92;GBP
10755;1634;23092.89;-306691.12;GBP
10756;9397;-1543.21;-123133.65;GBP
10757;8739;-25494.63;97711.14;USD
10758;9026;3697.33;-4308.77;USD
10759;1670;9110.27;-357469.23;GBP
10760;6255;-12945.17;-175325.73;USD
10761;3854;26917.54;-464275.93;GBP
10762;9235;-21806.89;418294.31;EUR
10763;3972;-19964.94;-348100.52;GBP
10764;9995;25734.54;-452155.81;EUR
10765;3891;-7368.02;355357.76;EUR
10766;1615;45409.48;-250980.24;GBP
10767;7859;-20379.78;67251.1;GBP
10768;4801;-27344.84;-349255.93;GBP
10769;8485;-7401.85;-427751.92;USD
10770;5290;39422.0;-165803.38;USD
10771;7111;-16371.59;291373.11;GBP
10772;4046;-15845.16;260906.86;GBP
10773;4940;-31875.8;28988.34;EUR
10774;4748;26851.15;-50100.9;EUR
10775;3875;-42818.67;236902.35;USD
10776;9092;-594.35;-183583.88;EUR
10777;3378;49279.57;376072.23;EUR
10778;9490;-46217.75;93654.03;EUR
10779;7396;-14543.13;-462594.81;GBP
10780;3964;-48870.3;83757.78;GBP
10781;7644;-17986.93;203316.21;USD
10782;9305;-4557.87;266497.56;GBP
10783;8609;31306.52;157234.41;EUR
10784;1067;-8202.74;488477.25;USD
10785;8832;-19331.46;14579.33;GBP
10786;6741;2040.41;-71661.15;EUR
10787;6780;-37858.47;-146057.91;USD
10788;8845;-28481.03;399857.19;GBP
10789;7837;15537.51;-212185.82;GBP
10790;4716;6573.26;353207.52;GBP
10791;3505;43443.45;-424964.44;GBP
10792;1615;28690.85;466308.09;USD
10793;5749;-3275.42;495534.01;USD
10794;8226;45707.8;156891.35;USD
10795;3690;34761.14;-203436.88;USD
10796;4875;41746.37;91889.11;GBP
10797;8129;966.56;335661.76;GBP
10798;6866;38949.44;201249.07;EUR
10799;8382;-47496.37;97206.14;GBP
10800;1464;32165.59;45269.34;GBP
10801;4805;43485.86;397317.39;GBP
10802;4856;2967.63;-96169.21;EUR
10803;7065;-44492.35;132597.74;USD
10804;5145;-23403.53;168452.31;USD
10805;7628;29876.12;-91306.49;EUR
10806;9775;-48441.53;365253.43;GBP
10807;1191;4900.71;-185208.56;USD
10808;5134;13379.6;174394.13;EUR
10809;3148;-35253.33;146401.53;USD
10810;2879;-21331.3;303624.8;GBP
10811;8357;44151.06;-397332.63;USD
10812;7381;41735.78;403445.98;USD
10813;4318;-15709.24;-471164.48;GBP
10814;9417;16322.54;-155288.82;EUR
10815;6067;-30835.25;-391435.54;GBP
10816;7974;-30397.36;-262533.17;EUR
10817;8124;29582.55;283819.45;EUR
10818;4109;-558.58;53325.3;GBP
10819;8185;41781.65;408040.19;GBP
10820;3535;32867.38;-125726.2;EUR
10821;6074;-13344.76;387882.65;USD
10822;7139;42651.36;298454.65;EUR
10823;4262;25713.6;58164.01;EUR
10824;2666;-16166.51;-259367.43;USD
10825;7855;-35966.17;228201.79;EUR
10826;5482;27697.88;-141354.82;GBP
10827;8869;-49395.88;438596.28;GBP
10828;5820;-6291.07;474591.05;GBP
10829;3985;17735.96;-375986.5;EUR
10830;4968;-17304.78;157050.21;EUR
10831;7129;14925.28;-268014.57;USD
10832;2134;-32314.31;-223209.2;EUR
10833;2724;28689.2;-258130.2;USD
10834;4357;20178.07;369999.61;USD
10835;3828;-10837.77;-493005.96;USD
10836;7992;-35804.23;-188103.13;GBP
10837;4435;-31004.58;-210486.4;EUR
10838;2717;4404.2;-478918.9;GBP
10839;4871;-43571.85;355739.34;EUR
10840;6048;2231.97;435531.11;GBP
10841;4303;-49672.44;-499848.81;GBP
10842;7416;23959.66;-23747.28;USD
10843;9615;41379.83;286583.96;USD
10844;1191;396.27;-21476.0;EUR
10845;7999;31118.04;303706.37;GBP
10846;2874;-22305.52;174636.86;GBP
10847;2051;14320.23;356084.5;GBP
10848;7320;36857.96;-231719.36;USD
10849;4359;37974.25;424571.12;GBP
10850;6305;-39036.33;73746.16;GBP
10851;3863;-6353.63;-98015.3;GBP
10852;7513;20482.94;-370431.64;GBP
10853;1183;31994.58;-473400.57;GBP
10854;8678;7830.09;-274640.0;USD
10855;2096;16746.89;25431.89;USD
10856;6314;49975.22;362322.54;GBP
10857;7305;-16336.73;28482.43;GBP
10858;3230;-18218.79;228793.49;USD
10859;4970;-7758.69;-384562.24;USD
10860;3341;16080.39;-488934.95;USD
10861;8192;-20270.99;407143.07;EUR
10862;9662;-40582.57;4425.74;USD
10863;3773;29508.85;404502.12;GBP
10864;5440;5983.83;-346818.6;GBP
10865;3052;44085.74;249258.85;GBP
10866;2260;-10432.96;-223019.26;EUR
10867;8616;-45228.35;-308568.83;GBP
10868;7251;27767.71;-391372.37;USD
10869;7078;-37058.75;-304067.3;GBP
10870;7686;-10465.83;-310928.85;EUR
10871;3432;40430.35;-242344.65;GBP
10872;5500;41948.76;484943.02;USD
10873;7845;25480.34;-492562.94;EUR
10874;9848;-25997.99;-232666.59;USD
10875;7509;4275.46;-341606.3;EUR
10876;8962;-42278.48;-323642.26;GBP
10877;8984;-17264.8;-450790.03;GBP
10878;5485;-30463.58;-332480.03;USD
10879;6368;27235.93;-330426.0;EUR
10880;8566;29153.95;8182.15;GBP
10881;8504;25785.42;-49643.09;GBP
10882;2895;40105.52;-223481.32;GBP
10883;5895;26680.69;-336579.99;USD
10884;2956;38264.44;-471559.1;GBP
10885;9378;-4256.39;-78741.72;USD
10886;3284;12379.07;-59066.64;GBP
10887;4854;8897.87;361702.95;EUR
10888;4847;-35797.15;-255852.68;GBP
10889;8119;30281.99;-271936.02;USD
10890;6316;40565.4;40811.35;USD
10891;3710;-41813.57;-479339.73;USD
10892;3541;26290.46;356350.83;EUR
10893;6737;-26013.54;-259220.1;USD
10894;3671;45410.21;156187.14;GBP
10895;6054;-33238.59;-51413.06;EUR
10896;1725;41043.61;121174.2;USD
10897;3806;-9253.04;-348966.5;GBP
10898;8483;22600.18;-223637.11;USD
10899;2814;6591.07;100140.2;EUR
10900;3931;5544.95;-253507.21;GBP
10901;4561;20827.46;66050.01;USD
10902;2048;-9631.71;-447869.15;USD
10903;2620;-16873.62;-147552.49;GBP
10904;6695;29116.34;13447.07;EUR
10905;6450;43211.89;250729.87;GBP
10906;9378;3800.46;-331114.19;EUR
10907;9430;-27896.68;-339920.63;EUR
10908;7785;-5714.93;222524.88;GBP
10909;5670;25932.48;-403848.77;EUR
10910;1464;-408.92;-18559.39;EUR
10911;3843;-6111.33;-198784.0;EUR
10912;6901;-2419.19;16606.73;EUR
10913;7940;9969.62;-122634.83;GBP
10914;5713;44510.06;-161161.34;GBP
10915;5933;39505.09;301253.52;USD
10916;8108;-3472.93;-3687.62;EUR
10917;2909;36986.16;-7274.99;GBP
10918;7382;17937.96;309302.89;EUR
10919;2873;40788.12;-281835.84;GBP
10920;1277;47536.58;465333.57;USD
10921;5713;-20264.5;113728.12;GBP
10922;6308;-45308.2;-332172.66;EUR
10923;2907;8381.72;150106.24;USD
10924;6983;3460.3;204722.16;USD
10925;4178;29289.08;-331542.17;GBP
10926;9497;15961.72;62598.24;EUR
10927;8135;-38241.38;-271395.51;EUR
10928;7553;-8033.1;363758.44;USD
10929;8362;-28297.42;-317076.31;USD
10930;4009;22095.17;475792.94;USD
10931;8845;-5267.12;-149862.39;USD
10932;2015;-24605.94;-450259.14;USD
10933;2260;-32158.59;-406584.93;GBP
10934;6593;-589.84;478197.53;EUR
10935;9713;28740.24;101690.08;GBP
10936;2409;-1336.17;117181.99;EUR
10937;3172;-12397.34;-321614.71;EUR
10938;8825;8977.37;28103.29;USD
10939;6573;44453.67;149832.85;USD
10940;5535;27343.05;-407298.28;USD
10941;9671;26093.7;482848.84;GBP
10942;6874;15749.56;242083.7;GBP
10943;8148;47952.12;-108725.28;GBP
10944;6675;32417.85;-100307.47;USD
10945;8940;-7408.14;158241.88;GBP
10946;3253;-24358.08;492781.82;EUR
10947;9976;-17076.84;-377150.04;USD
10948;1935;-17744.59;355966.23;GBP
10949;1325;-18607.2;111355.61;EUR
10950;9832;43532.02;-240033.94;GBP
10951;5078;-36863.47;-403151.75;USD
10952;2581;-5963.18;-395713.3;GBP
10953;9320;-4619.16;362716.94;EUR
10954;3076;27748.38;81700.85;EUR
10955;6594;35042.25;-399729.95;EUR
10956;1242;10941.77;-384358.63;GBP
10957;7331;-1786.06;-36537.62;EUR
10958;5039;-23484.46;329854.64;USD
10959;1298;-27177.23;51894.25;EUR
10960;3799;-1773.87;-68347.79;GBP
10961;2802;-46645.79;196733.86;GBP
10962;4346;-48731.47;320547.2;USD
10963;6696;-23360.54;-379994.57;GBP
10964;1375;-8295.93;59360.55;GBP
10965;8833;-18963.73;-378215.23;GBP
10966;4892;-48167.27;203813.24;EUR
10967;4637;38643.58;-399478.95;GBP
10968;9557;-26936.62;-479770.84;USD
10969;9982;38506.62;-55261.45;GBP
10970;1920;42519.52;-31900.67;USD
10971;5443;36218.31;451756.43;USD
10972;5780;-16484.83;140711.06;EUR
10973;1506;16642.0;-478591.26;USD
10974;7360;-6177.08;355327.84;USD
10975;2192;44628.53;399220.87;EUR
10976;7106;47289.79;153041.86;EUR
10977;2539;-26720.06;75382.17;GBP
10978;8680;-7885.6;-241347.42;USD
10979;1919;27278.61;129198.73;USD
10980;6402;29010.42;-230509.33;USD
10981;9750;40388.45;-261286.26;EUR
10982;9111;10192.24;-443105.34;USD
10983;6185;4096.43;-401276.59;USD
10984;1692;-16778.51;360689.26;EUR
10985;3646;39352.73;267298.53;USD
10986;3645;-13229.62;78722.81;USD
10987;8928;-27602.1;178349.2;USD
10988;1861;-15259.7;-279001.4;USD
10989;2184;8497.04;-388197.81;EUR
10990;6606;18669.9;-312994.58;USD
10991;1421;5345.54;-107491.51;EUR
10992;5675;6624.47;-254038.13;EUR
10993;2473;-18961.07;-359678.91;USD
10994;6882;27696.56;-429887.98;USD
10995;9411;-12356.55;-50903.21;EUR
10996;7559;-30479.38;-115178.38;EUR
10997;2353;-8191.18;-275669.61;GBP
10998;6506;13925.57;-469145.99;EUR
10999;6515;-30243.53;124074.97;EUR
11000;7663;12752.74;-234737.4;GBP
11001;9022;18304.92;-30211.18;GBP
11002;7477;2724.67;-167389.64;EUR
11003;5321;48427.23;237387.23;EUR
11004;3313;-25157.01;-263436.72;USD
11005;5056;27417.35;-111989.08;EUR
11006;4917;-40848.8;-464400.09;EUR
11007;6649;-8604.4;-85291.96;USD
11008;2342;20685.67;74771.66;GBP
11009;8235;27012.01;-182247.76;USD
11010;6911;12425.15;385702.79;USD
11011;2141;-43071.29;208451.33;USD
11012;5270;21588.3;294030.29;EUR
11013;4510;-23095.27;-83479.11;GBP
11014;7893;-26029.17;-191418.11;EUR
11015;5658;46850.85;-54345.99;USD
11016;7219;34855.24;294879.85;GBP
11017;6296;-5547.4;492179.13;GBP
11018;2191;34078.05;-17304.94;EUR
11019;7453;-19029.43;-424705.45;GBP
11020;3887;-3520.01;-139990.1;GBP
11021;7040;21137.69;-480321.64;USD
11022;6014;33144.77;-83371.86;USD
11023;2940;-3026.74;-317209.82;GBP
11024;4159;43748.21;-101612.8;GBP
11025;3387;34272.48;-262546.54;EUR
11026;8966;-40334.3;135760.97;EUR
11027;7772;48441.65;146941.57;EUR
11028;9488;10871.31;-57769.28;EUR
11029;7060;-21619.87;-69166.74;USD
11030;9052;-35104.31;-238093.23;GBP
11031;8036;-1261.46;-355204.44;USD
11032;3476;29153.18;-488438.68;USD
11033;1220;-17840.66;16651.46;GBP
11034;6618;42894.78;73452.21;USD
11035;2871;-20509.6;-147809.31;GBP
11036;9236;-16084.1;-319630.62;USD
11037;7191;-35515.13;-19364.57;GBP
11038;7899;-22973.9;-408157.13;EUR
11039;1515;-28352.13;20726.07;EUR
11040;1271;-24310.68;-262257.82;EUR
11041;4332;12065.65;189416.37;USD
11042;3572;-25875.41;-27858.71;EUR
11043;5712;26456.68;189904.26;GBP
11044;2140;-43070.93;-139929.2;EUR
11045;5471;22327.57;-320562.51;EUR
11046;9264;-30407.28;130171.71;USD
11047;1790;-21624.9;-176249.57;GBP
11048;1178;2281.56;250580.62;GBP
11049;9979;-171.11;393426.88;EUR
11050;4084;-39335.92;254149.23;USD
11051;3933;4363.82;316686.51;EUR
11052;8099;-18359.67;-17898.55;GBP
11053;3263;32359.77;331781.38;GBP
11054;7326;-12400.95;322196.0;GBP
11055;2167;18239.84;-90570.48;GBP
11056;7738;46970.55;-469105.68;GBP
11057;7691;-11733.71;-193047.35;USD
11058;4197;43576.04;-400546.76;GBP
11059;8037;12802.44;216628.03;GBP
11060;7221;-31582.42;-350052.49;EUR
11061;8389;-45216.87;-341124.8;USD
11062;4968;30821.5;443956.17;USD
11063;4829;40142.22;-134695.2;GBP
11064;1463;22587.55;327043.67;GBP
11065;6417;31248.55;-437315.05;GBP
11066;6818;-28516.96;438944.93;EUR
11067;1371;23990.62;334352.4;GBP
11068;2391;1412.32;-106943.95;GBP
11069;5813;15122.37;-27143.28;GBP
11070;5657;-12623.79;-152124.44;GBP
11071;6068;-34209.3;29413.19;EUR
11072;2907;1984.66;90769.55;EUR
11073;8265;-38377.63;414923.0;GBP
11074;4775;24205.61;-369035.9;GBP
11075;5435;-42065.61;142920.67;USD
11076;8440;-15849.73;-180951.45;GBP
11077;7054;33999.11;-154856.8;USD
11078;7468;13218.2;37074.51;GBP
11079;7852;-23703.26;-168359.93;USD
11080;8509;44319.29;-168627.13;EUR
11081;8104;28400.34;361275.49;EUR
11082;2567;-42896.2;163105.5;USD
11083;8867;24926.06;-65978.32;USD
11084;5567;6932.51;-338194.14;USD
11085;1228;-18150.27;207666.96;EUR
11086;7801;10257.12;-363614.26;USD
11087;3118;48804.87;437789.12;GBP
11088;1192;-27588.27;375120.56;EUR
11089;2820;-23283.07;63739.13;GBP
11090;8602;28205.1;-155919.8;GBP
11091;1240;5514.74;-49646.39;GBP
11092;4768;26019.86;-21324.29;USD
11093;3173;6691.12;345557.7;USD
11094;8325;19864.55;27503.28;GBP
11095;5493;-3870.84;-373234.35;USD
11096;9082;-44363.35;452775.43;GBP
11097;7996;-31347.34;-223128.29;EUR
11098;9683;11094.85;327925.72;EUR
11099;1534;33314.2;329647.42;EUR
11100;8329;47808.8;-444296.95;USD
11101;5703;-10015.18;413587.75;USD
11102;2861;-3266.22;371296.62;EUR
11103;4129;-48234.35;4367.82;USD
11104;6398;42245.22;-238717.11;GBP
11105;8264;42965.83;-491522.71;EUR
11106;4140;-42107.25;-23175.38;USD
11107;9997;-39362.04;-274402.68;EUR
11108;3460;-20247.5;-18503.99;EUR
11109;8481;-10948.64;422147.64;GBP
11110;7413;38601.47;248070.89;USD
11111;4161;15930.83;-295658.94;EUR
11112;5078;10182.63;-352937.23;EUR
11113;1666;-4728.09;-38476.25;USD
11114;9321;18971.0;335126.73;GBP
11115;8382;-17949.77;-458818.72;USD
11116;5522;-45302.96;374824.29;EUR
11117;5704;-1367.41;-251987.42;EUR
11118;1888;-46771.33;28764.34;EUR
11119;3415;-36290.52;-82971.93;GBP
11120;1924;1607.77;-270799.67;EUR
11121;3148;-30116.32;-480191.93;EUR
11122;1156;8552.08;-299558.79;GBP
11123;5654;37822.84;103776.55;EUR
11124;8950;5641.43;4684.66;GBP
11125;1153;-28468.99;469410.44;EUR
11126;1786;46704.46;-178727.58;EUR
11127;9834;27621.62;-380753.93;GBP
11128;6427;28052.88;-213668.07;USD
11129;8011;-21086.55;7233.31;EUR
11130;7704;-10767.1;-382168.86;USD
11131;7031;9307.71;-286156.39;GBP
11132;3713;-5552.02;-268989.31;EUR
11133;1723;35758.52;-161978.32;EUR
11134;1397;38749.08;-173902.76;EUR
11135;7048;-32050.29;76634.64;USD
11136;8067;5513.78;118913.56;USD
11137;4276;-19786.04;-180031.08;USD
11138;7701;-26256.99;428400.97;USD
11139;3831;18295.57;256255.75;EUR
11140;6311;-30583.69;161578.29;USD
11141;6365;26266.43;-157543.89;GBP
11142;2797;-34230.74;197004.25;EUR
11143;9634;11114.36;75618.25;GBP
11144;1534;-31743.34;-237507.91;GBP
11145;5500;12488.45;113586.22;EUR
11146;2641;5472.28;268139.37;USD
11147;4723;31465.72;-223485.86;GBP
11148;7665;-34239.24;-298832.22;GBP
11149;4840;-21869.12;447748.57;USD
11150;6204;-36283.79;378761.49;EUR
11151;6200;-29662.25;-151554.29;USD
11152;4518;-37412.73;-396639.65;USD
11153;1739;-40485.7;-157241.09;EUR
11154;6645;2369.21;-299192.46;USD
11155;3283;43267.42;86418.78;GBP
11156;6413;38506.48;-351181.22;USD
11157;8557;-35650.55;346752.7;USD
11158;9084;6798.14;438586.8;EUR
11159;9992;-35310.31;-473982.02;EUR
11160;6935;41656.05;198837.11;USD
11161;9216;30716.8;-203985.99;USD
11162;2917;-49693.36;-17120.15;EUR
11163;8072;49000.94;407537.42;GBP
11164;5497;-42797.72;-312216.34;EUR
11165;9534;-18877.21;330400.46;GBP
11166;4235;32471.44;-314995.5;EUR
11167;7353;3308.01;1794.87;GBP
11168;4381;-8571.95;35920.46;USD
11169;5152;-20721.11;31549.17;USD
11170;6378;18560.82;-437496.72;USD
11171;2131;46730.59;-334696.4;EUR
11172;6092;-13970.13;-29372.64;USD
11173;8318;-45901.56;48361.84;EUR
11174;6636;36997.38;401018.16;EUR
11175;1654;-17380.84;58796.61;GBP
11176;9446;27679.74;-247154.29;EUR
11177;7154;2847.25;-133278.4;EUR
11178;6972;-12182.5;-405862.47;EUR
11179;3508;-9311.04;-339120.74;EUR
11180;7479;-19872.99;-169718.9;USD
11181;7496;-6940.01;416913.74;EUR
11182;5379;13099.71;474462.04;USD
11183;3665;9065.15;305490.04;USD
11184;9613;33415.15;239003.8;EUR
11185;2223;16991.5;-82085.01;GBP
11186;1654;6727.61;-306283.33;EUR
11187;5402;11824.66;14296.52;USD
11188;9167;30432.53;402543.62;GBP
11189;5196;-36720.54;190907.8;EUR
11190;5002;45004.63;417880.84;USD
11191;8422;33442.63;-451659.0;GBP
11192;7731;-24751.59;-351711.54;USD
11193;3911;42693.45;248889.82;GBP
11194;6289;3178.46;479400.24;EUR
11195;2173;-30528.12;141571.92;GBP
11196;3262;10938.1;-159545.76;GBP
11197;6287;-1461.97;-264613.83;GBP
11198;5784;17711.48;-81759.29;GBP
11199;8619;-47644.99;450785.22;USD
11200;1706;141.92;205633.88;USD
11201;6755;-30307.0;-372770.28;GBP
11202;8211;40242.19;90932.52;GBP
11203;8060;-664.91;21150.04;USD
11204;9605;-26379.74;412686.37;USD
11205;9210;-28575.98;-341993.72;GBP
11206;1579;43004.59;-242426.14;EUR
11207;5137;36248.47;272512.81;GBP
11208;2381;-11805.64;-245997.99;EUR
11209;4149;25898.86;97598.69;EUR
11210;4645;-24595.97;390879.47;USD
11211;4555;22098.24;409278.13;EUR
11212;1445;-6252.96;-371800.49;USD
11213;1261;42407.54;101426.03;USD
11214;5222;10605.95;84265.44;USD
11215;1693;-2760.7;-244956.92;EUR
11216;6724;11302.19;218602.74;EUR
11217;4497;41654.32;-427852.29;GBP
11218;1997;-24529.05;276685.79;EUR
11219;9118;27515.07;-287965.49;USD
11220;6616;-31528.23;-132859.79;EUR
11221;9695;-43708.46;230360.79;GBP
11222;3376;16980.87;358725.49;GBP
11223;6585;-6995.09;136736.01;GBP
11224;4459;45394.95;458802.31;EUR
11225;3775;-42892.24;-498115.66;GBP
11226;6176;45998.44;35316.6;USD
11227;6398;20040.05;412597.16;GBP
11228;1919;-6684.54;-59346.72;GBP
11229;4392;-33301.84;405828.28;EUR
11230;2850;14767.33;-319730.75;USD
11231;8194;5979.2;-171836.06;GBP
11232;2502;-35281.8;-318130.55;USD
11233;7654;5925.72;64385.23;EUR
11234;3594;28994.08;-252015.72;USD
11235;7310;41583.34;18612.93;EUR
11236;7378;-29582.73;-86719.42;GBP
11237;4382;42335.93;-21843.46;EUR
11238;6470;37471.51;-340167.26;EUR
11239;7523;41395.84;-69381.19;USD
11240;3064;43612.69;366078.52;USD
11241;8419;15996.63;172846.42;USD
11242;4250;-28849.2;102829.78;GBP
11243;9177;4949.56;-165852.96;USD
11244;1508;562.15;429143.55;EUR
11245;4209;-49469.43;-82875.91;EUR
11246;1324;-16636.13;461231.07;GBP
11247;4557;47389.42;85660.54;GBP
11248;8160;5000.7;403212.5;USD
11249;7763;-49345.75;62280.6;USD
11250;6904;-47536.76;468162.27;EUR
11251;3817;-17984.04;20801.3;USD
11252;3581;-8243.15;393624.12;GBP
11253;3443;49981.79;-431612.02;GBP
11254;9684;23203.11;-132001.38;USD
11255;4957;-36092.71;-94562.47;EUR
11256;9708;49814.66;-142432.7;GBP
11257;4945;-22260.05;346171.37;GBP
11258;5934;36793.8;-161130.85;USD
11259;3785;-20132.69;147281.48;EUR
11260;6676;-29482.15;-16314.6;EUR
11261;2189;-35865.63;-195245.22;USD
11262;4932;-20251.85;194899.97;EUR
11263;8406;-21772.7;398495.7;USD
11264;8645;48304.61;-418938.3;USD
11265;3735;-10235.24;-198158.94;GBP
11266;8525;-14800.99;-234645.11;USD
11267;4535;-11733.51;-358585.41;EUR
11268;8959;-22018.17;247817.88;USD
11269;1564;-15595.35;-292165.1;GBP
11270;7030;-39155.6;-151995.85;GBP
11271;5732;14340.91;-246695.13;USD
11272;3419;-7755.43;452398.58;USD
11273;8718;5236.29;31938.62;USD
11274;5433;-9005.67;56839.98;GBP
11275;3944;48456.73;-246193.09;GBP
11276;5305;44192.79;-350929.02;USD
11277;2211;-38889.46;154669.5;GBP
11278;1501;-24882.1;-55607.69;USD
11279;1969;22965.48;34841.5;USD
11280;8397;-48625.07;-194156.77;EUR
11281;7799;-43531.33;426114.55;EUR
11282;5958;29464.86;483841.68;GBP
11283;1437;38510.95;-24667.98;USD
11284;6336;38259.75;172438.61;EUR
11285;9677;2459.97;-129353.95;USD
11286;3311;18096.62;90133.42;USD
11287;6785;11418.5;-100168.67;USD
11288;8532;23931.51;-418657.23;GBP
11289;1847;22615.9;230761.31;USD
11290;6192;1594.34;-236716.85;EUR
11291;8131;1927.65;-376913.81;EUR
11292;1282;-21485.62;-78700.12;EUR
11293;7985;17323.38;-312783.23;EUR
11294;9828;-34182.92;107796.36;USD
11295;4670;17954.55;-416344.25;USD
11296;5631;-46683.68;-352850.15;EUR
11297;7016;40102.67;172638.54;USD
11298;5141;42102.59;164714.8;USD
11299;9089;46523.72;-61093.33;GBP
11300;7683;9909.89;101185.45;GBP
11301;2294;-49686.01;-472545.54;EUR
11302;2603;-35473.48;11129.56;GBP
11303;6073;-6947.35;39749.06;EUR
11304;4787;30049.08;322240.28;USD
11305;8169;47701.49;57547.8;GBP
11306;9867;-15278.45;-191972.3;GBP
11307;3083;-15925.84;-176170.4;GBP
11308;5402;-10708.0;-425118.58;EUR
11309;8633;13343.25;68041.22;EUR
11310;2044;-3803.91;-418894.71;GBP
11311;5917;-40679.13;45105.18;GBP
11312;7093;-46341.96;224788.93;USD
11313;8226;49377.81;97406.9;USD
11314;2537;22343.15;-61064.01;GBP
11315;8823;16741.23;151780.32;EUR
11316;6131;32409.09;211339.59;EUR
11317;4145;24904.95;56635.99;EUR
11318;5067;-1548.51;-41283.51;EUR
11319;8281;-10798.91;-233972.24;GBP
11320;4932;-46668.9;171095.63;USD
11321;1719;40096.12;430482.44;GBP
11322;9511;8056.17;-405863.39;USD
11323;7713;37866.43;247744.88;EUR
11324;4936;-24858.89;303544.94;USD
11325;5652;-2799.21;387593.11;EUR
11326;3161;-25238.91;300905.92;GBP
11327;7041;21191.03;-485558.83;GBP
11328;2164;6333.46;215534.28;GBP
11329;2468;-34358.92;31898.94;GBP
11330;6073;-19592.21;196252.91;EUR
11331;2353;4013.98;121457.99;EUR
11332;2790;-42746.02;-362204.86;GBP
11333;3073;5208.92;-318827.12;USD
11334;3032;-130.88;190029.3;GBP
11335;3705;30977.17;-356993.19;USD
11336;8866;24187.89;-136813.92;GBP
11337;5920;17893.3;-354715.37;GBP
11338;5868;1517.52;337562.28;GBP
11339;9159;-39356.86;327680.76;USD
11340;8867;-4723.16;323271.6;GBP
11341;9558;45838.77;-340347.39;GBP
11342;6191;17456.96;-264903.55;EUR
11343;4022;-36444.57;128082.6;EUR
11344;2770;-39201.64;-34827.43;EUR
11345;7694;13595.43;-369.27;EUR
11346;2392;19706.93;301412.0;USD
11347;5753;37224.64;59872.26;USD
11348;4257;-22336.95;9661.87;USD
11349;5006;-11231.14;-274074.41;USD
11350;1943;2906.73;-477345.14;USD
11351;7376;10556.49;321603.79;GBP
11352;4123;49943.57;421679.07;EUR
11353;6153;-41018.41;-337570.62;GBP
11354;8610;-36135.54;58351.55;EUR
11355;5710;-45406.4;436992.73;EUR
11356;7749;-43816.33;-108749.44;EUR
11357;3076;39396.98;448378.32;EUR
11358;2196;-3470.92;-11568.45;GBP
11359;1028;13617.71;-92361.2;USD
11360;3024;-17533.87;239427.01;USD
11361;1754;9535.83;-18328.91;GBP
11362;2906;-39921.27;-431138.38;EUR
11363;2460;1081.52;119431.72;USD
11364;8766;15751.17;394890.11;GBP
11365;4071;31622.49;-359237.76;EUR
11366;3553;29443.1;176303.14;GBP
11367;3349;32802.89;343354.6;EUR
11368;6057;-15446.74;-236731.14;USD
11369;7363;5263.4;-201392.31;EUR
11370;3786;-15031.47;-430839.93;EUR
11371;3739;49136.37;-190703.04;EUR
11372;5133;28007.33;493158.29;EUR
11373;1453;46912.6;133883.15;GBP
11374;5868;3866.14;-190723.51;EUR
11375;7475;36150.67;-162004.86;USD
11376;7830;-39327.62;-205901.61;EUR
11377;4543;-18490.27;218485.37;EUR
11378;1211;-33045.8;-183136.77;EUR
11379;6720;-42341.36;348401.16;USD
11380;4243;22477.55;-62513.0;USD
11381;8135;-6998.47;-333628.2;EUR
11382;4401;-11552.69;406825.17;USD
11383;5155;-36134.2;265028.38;USD
11384;9624;-45282.42;-188320.45;EUR
11385;3233;34693.76;-55016.28;USD
11386;6559;20269.4;-396458.24;GBP
11387;8910;18342.57;319020.64;EUR
11388;8799;30524.59;-61130.25;EUR
11389;5439;40414.12;74974.98;USD
11390;4454;31787.17;-286540.69;GBP
11391;2447;-28975.95;254362.2;EUR
11392;8151;14663.51;176309.89;EUR
11393;2672;-26342.97;-100377.37;USD
11394;5864;-24162.03;-431874.07;EUR
11395;9428;-29605.88;495164.29;USD
11396;3681;-26595.81;-340706.76;EUR
11397;4513;19687.68;102144.44;EUR
11398;3072;24601.31;153673.1;USD
11399;9328;-27700.66;906.04;USD
11400;6021;-32335.72;-246462.07;GBP
11401;6085;48691.76;228679.94;GBP
11402;3510;28285.05;-469940.84;USD
11403;9405;-11786.61;55248.88;GBP
11404;5938;-35032.6;348546.42;EUR
11405;3486;-36039.98;136505.47;USD
11406;4554;5318.72;349313.2;GBP
11407;8095;-18818.93;-215916.29;EUR
11408;6330;34641.31;-278594.16;EUR
11409;8647;24604.14;-308854.14;EUR
11410;9712;37569.54;339063.54;EUR
11411;8111;28746.3;-8528.72;EUR
11412;2541;-46616.08;-367534.8;EUR
11413;9598;-4339.49;-456352.36;GBP
11414;7571;-43652.76;-374496.16;USD
11415;8450;-23915.33;249322.79;EUR
11416;2313;-45201.76;483639.4;GBP
11417;4095;-22617.05;-179802.22;EUR
11418;7854;-25211.51;102390.78;USD
11419;4867;-48057.34;-406430.47;USD
11420;9809;-40122.26;164532.43;GBP
11421;6424;-17047.83;-62505.81;GBP
11422;6560;44997.34;-299957.12;GBP
11423;7054;-42980.32;-58576.77;GBP
11424;5581;-33592.68;-355342.85;USD
11425;2030;-8986.79;169651.16;EUR
11426;7035;-25714.81;375963.9;GBP
11427;2724;-13755.21;434048.26;USD
11428;3568;-760.47;226737.89;USD
11429;1233;34901.69;29719.87;EUR
11430;9526;35032.35;-122018.21;USD
11431;8314;-13659.59;294063.39;EUR
11432;6917;-25873.03;217038.49;EUR
11433;4845;-42291.3;135625.06;EUR
11434;5808;44190.97;-43534.11;EUR
11435;1235;-8403.5;40540.86;USD
11436;8173;21956.61;-141163.69;EUR
11437;7400;-49987.0;2084.71;EUR
11438;7852;-8072.18;32703.06;EUR
11439;7519;21531.23;-216608.95;GBP
11440;2777;525.97;-246611.25;USD
11441;2325;-4065.34;-155460.89;GBP
11442;2325;-13095.87;79361.05;USD
11443;2831;18961.1;-487341.5;GBP
11444;4232;37664.12;-135664.59;USD
11445;2824;14361.03;-377607.57;EUR
11446;6316;7145.61;178459.53;GBP
11447;7382;-34256.2;412154.8;USD
11448;3242;25746.64;33919.56;USD
11449;2469;-33393.4;365551.37;EUR
11450;1823;-43137.4;-384828.44;USD
11451;1779;19817.42;-246139.15;GBP
11452;4718;-4068.21;38910.12;EUR
11453;9587;-4176.58;-416106.34;GBP
11454;5335;23747.44;-260009.79;EUR
11455;6494;23853.17;365290.79;EUR
11456;9817;3637.38;206376.44;GBP
11457;2736;-46306.22;-463251.88;USD
11458;2014;-30283.77;-141616.71;EUR
11459;1667;-31721.62;134960.27;GBP
11460;7982;-22311.24;345751.03;GBP
11461;4620;6060.38;-121920.47;USD
11462;3650;39307.82;328363.06;EUR
11463;6501;32003.51;228351.25;GBP
11464;5976;11421.43;-133176.6;EUR
11465;9071;-7739.96;147123.99;EUR
11466;4883;-32712.87;327814.62;EUR
11467;5009;43867.02;-402011.39;EUR
11468;1223;-47754.43;-357299.83;GBP
11469;9183;25990.26;-392173.44;EUR
11470;3803;-12775.04;-436876.38;EUR
11471;1581;-6744.28;103859.07;GBP
11472;3268;12850.96;18915.35;USD
11473;3835;43810.79;31136.53;GBP
11474;2909;35923.8;493025.74;GBP
11475;6153;-27025.46;-234464.58;USD
11476;7166;2186.95;-317621.62;GBP
11477;9101;6412.51;184389.91;EUR
11478;5607;-43960.25;181394.9;GBP
11479;3224;-34053.31;-200681.39;GBP
11480;8013;23880.98;-336410.0;EUR
11481;1356;3168.3;89175.31;USD
11482;5418;-33564.21;-225218.55;GBP
11483;5357;10646.39;-38801.49;USD
11484;5784;15998.13;354716.88;EUR
11485;3870;-36496.6;-429367.29;EUR
11486;9728;16672.66;270643.65;USD
11487;3374;-5069.3;-106090.53;USD
11488;9226;9677.19;51453.95;EUR
11489;7121;-982.93;318705.13;EUR
11490;8869;-32649.95;181208.91;USD
11491;1028;24133.97;401302.01;GBP
11492;6755;44510.02;7865.63;USD
11493;8105;-6636.0;3908.56;GBP
11494;8705;23257.93;-482828.63;GBP
11495;4740;-32585.61;407666.32;USD
11496;2349;-30456.53;-271516.64;EUR
11497;4808;43946.43;-205719.68;USD
11498;5234;-20955.73;423708.84;EUR
11499;2075;-12491.8;-6057.98;EUR
11500;1604;6040.73;368282.48;USD
11501;8320;-42242.86;-239143.76;USD
11502;6780;8700.81;-65387.22;EUR
11503;8846;-22171.93;-90357.74;USD
11504;9340;46624.26;-478967.43;USD
11505;5508;-35302.55;-481344.83;GBP
11506;8233;9339.67;-487063.12;USD
11507;7256;-4598.4;359196.21;EUR
11508;9002;-40279.5;-134825.94;GBP
11509;5798;-12200.21;-137745.74;EUR
11510;4412;22746.2;-495590.4;GBP
11511;2353;27996.51;339041.34;USD
11512;3934;-6853.64;387157.0;USD
11513;6141;-11896.1;194722.78;EUR
11514;3098;-11117.51;-462156.58;EUR
11515;4264;-41657.36;-57950.58;USD
11516;4241;49009.61;-322443.14;GBP
11517;6920;39558.2;419394.19;EUR
11518;1712;-9035.12;-38174.51;USD
11519;2079;282.04;270406.85;EUR
11520;8982;-37627.56;-171362.73;GBP
11521;9791;-32929.77;378414.15;USD
11522;3653;-42948.19;247704.15;GBP
11523;5864;-6025.88;214604.15;EUR
11524;3196;38989.53;-160337.69;USD
11525;2309;-27299.86;150218.59;USD
11526;9215;49752.58;229508.42;EUR
11527;1421;29562.24;129857.23;EUR
11528;2834;-13181.65;154644.29;USD
11529;2308;-37144.98;-11181.96;USD
11530;5811;7305.82;406749.99;USD
11531;2439;41971.93;-439875.49;EUR
11532;1669;13188.11;296390.75;GBP
11533;1109;3644.84;-404329.84;EUR
11534;7499;-26727.07;-186356.03;EUR
11535;1145;16279.94;-434421.51;GBP
11536;7382;4962.01;-391065.53;EUR
11537;1486;-10488.02;-74443.72;EUR
11538;3261;-4816.21;210869.37;EUR
11539;1238;-41880.36;-231757.68;USD
11540;2667;14112.98;443565.56;EUR
11541;9023;12079.75;383366.11;EUR
11542;3587;46840.59;383904.32;GBP
11543;3440;47220.69;277041.44;GBP
11544;3367;38715.64;-8548.46;GBP
11545;4034;-15456.09;499710.63;GBP
11546;3107;-40224.01;458198.64;GBP
11547;5264;-6912.57;-477616.69;EUR
11548;8727;30301.64;-55783.31;USD
11549;5521;29868.61;-455183.53;GBP
11550;2702;47414.65;171037.95;GBP
11551;7331;-45200.38;-495353.22;GBP
11552;9111;9400.16;476499.3;GBP
11553;9974;2399.95;-146105.62;GBP
11554;3956;43892.59;483953.61;USD
11555;3170;28448.48;217914.75;EUR
11556;7458;-49793.63;-186317.35;USD
11557;4091;42517.62;-131864.19;USD
11558;7499;-16542.04;37180.66;USD
11559;1801;-5221.36;358797.88;USD
11560;4201;-41830.39;158749.35;USD
11561;1583;19719.02;380112.76;EUR
11562;4401;-8421.56;-204994.66;USD
11563;7772;12656.09;224925.07;EUR
11564;3889;-32902.07;-341836.38;USD
11565;7902;-23639.69;-252082.68;EUR
11566;7745;25065.41;30702.6;GBP
11567;6298;4779.09;-485297.83;GBP
11568;8581;49425.75;329790.08;GBP
11569;4416;-5633.55;-433117.78;USD
11570;3070;19428.8;35046.14;EUR
11571;9859;17753.89;177577.48;EUR
11572;3463;-34526.56;-171190.15;GBP
11573;4167;-48223.99;482262.82;EUR
11574;1329;30646.55;428808.56;USD
11575;3317;-45586.94;347.0;EUR
11576;9641;24743.38;-396295.25;EUR
11577;2293;27708.7;147502.27;USD
11578;8849;48495.53;-359134.2;EUR
11579;3759;12927.73;447134.36;GBP
11580;5323;24366.94;-163852.02;GBP
11581;8060;-38074.92;463766.5;GBP
11582;4758;-42809.63;475168.46;GBP
11583;6166;-19648.83;360311.11;GBP
11584;7651;5431.18;412590.53;EUR
11585;1076;-7338.11;349803.96;USD
11586;7694;-26161.49;-33258.48;GBP
11587;1244;34630.25;-381638.33;USD
11588;9333;22863.43;-63128.17;GBP
11589;8325;1321.5;79031.92;GBP
11590;9234;-22433.99;-403628.1;GBP
11591;8631;-48134.06;-69077.9;USD
11592;8413;-23112.93;132930.08;GBP
11593;6374;21593.79;3744.75;EUR
11594;6390;11896.13;60746.13;USD
11595;5023;-49542.19;341701.92;EUR
11596;9853;-44043.75;-89659.58;EUR
11597;4414;-38898.15;162313.95;EUR
11598;6295;-17441.22;-428847.83;EUR
11599;6221;-45464.72;-262858.25;USD
11600;7722;16726.48;218221.5;GBP
11601;5890;-37156.96;-360887.79;EUR
11602;5366;9322.69;457266.35;EUR
11603;7265;5291.11;211742.13;USD
11604;3810;7541.6;-395164.22;EUR
11605;8999;44646.4;-428015.06;USD
11606;6310;25987.01;479352.23;EUR
11607;4790;-18100.28;-328369.76;USD
11608;6874;6617.44;295066.56;USD
11609;8819;44947.5;193674.25;EUR
11610;9459;-16412.69;-5653.84;EUR
11611;8522;26120.06;287932.42;EUR
11612;9808;-42556.28;113739.66;GBP
11613;7287;46737.01;285256.7;USD
11614;2721;-49267.72;-275058.43;USD
11615;5365;-5499.12;206269.47;GBP
11616;2306;5524.67;-422672.14;GBP
11617;1909;23826.86;338713.68;EUR
11618;3784;-29424.22;-432576.37;EUR
11619;2695;29095.75;140446.35;EUR
11620;2426;30350.4;66596.76;GBP
11621;3825;-7146.21;463077.71;EUR
11622;7720;27995.98;-88083.75;USD
11623;4036;40751.81;493499.25;USD
11624;5299;-19176.35;392476.79;GBP
11625;4406;-45460.25;-285651.0;EUR
11626;5348;-33908.77;-143406.42;USD
11627;6873;6262.26;219979.85;EUR
11628;7475;40280.38;-341452.37;EUR
11629;9283;7828.35;54693.33;USD
11630;7361;-4152.61;194582.65;USD
11631;6105;1336.11;50191.4;GBP
11632;7981;40333.1;360272.21;USD
11633;1364;7733.4;-343790.34;GBP
11634;9160;45870.15;122699.93;EUR
11635;1773;30747.46;-444978.22;EUR
11636;6344;39682.54;193495.53;GBP
11637;5477;18542.49;-389887.65;EUR
11638;6329;21286.33;-423362.75;GBP
11639;6829;-44417.4;-174652.07;USD
11640;9978;-47683.04;-340374.77;USD
11641;6392;22612.67;334925.47;EUR
11642;5803;-32047.86;323297.54;GBP
11643;4160;-1946.99;457894.65;USD
11644;3648;-36069.1;-446435.22;EUR
11645;4574;34507.99;-138014.45;EUR
11646;9741;-4282.98;11794.01;GBP
11647;6733;32516.67;-423999.62;EUR
11648;1886;5112.43;-69431.76;GBP
11649;8727;-15971.97;-151868.78;USD
11650;5890;43034.08;-231887.48;EUR
11651;1986;-4538.08;-7197.65;GBP
11652;6499;21986.38;18986.56;USD
11653;8939;12123.27;-101169.14;USD
11654;4081;21861.66;-34148.2;GBP
11655;3933;-27728.69;316930.22;EUR
11656;2741;26545.22;127490.15;USD
11657;9282;2194.72;-291503.89;GBP
11658;5611;36835.41;-402807.66;USD
11659;9378;-11681.62;352560.93;GBP
11660;8432;9556.68;-61380.12;USD
11661;5300;29136.08;489514.04;GBP
11662;9831;-31118.66;-449267.0;EUR
11663;5321;-3701.2;-212603.89;USD
11664;4988;16675.15;-5741.64;EUR
11665;9652;-99.7;-145017.97;GBP
11666;8600;-28932.7;-286545.69;EUR
11667;7411;-11302.98;181835.78;USD
11668;1256;-16285.08;-173982.88;GBP
11669;3460;-7499.94;490861.45;EUR
11670;5515;-40876.44;-205347.52;USD
11671;1976;-20799.79;474500.78;USD
11672;5943;-9282.2;66971.93;USD
11673;3421;-30186.9;-487291.66;USD
11674;1712;-16073.06;139033.06;USD
11675;8773;19154.05;253875.83;USD
11676;4614;36066.36;-384376.96;GBP
11677;5332;-41720.74;287685.4;EUR
11678;8939;-6424.87;447116.73;EUR
11679;2845;44348.47;-358347.89;GBP
11680;2509;19122.48;-432892.69;GBP
11681;8714;-9659.0;341710.04;EUR
11682;5242;-3904.05;-466386.57;USD
11683;1667;-25967.14;-413629.56;GBP
11684;7823;-9176.47;196699.05;EUR
11685;2025;16035.74;218939.99;GBP
11686;2848;-11618.4;-234720.4;GBP
11687;2298;-44306.77;441575.36;GBP
11688;9021;-38171.97;-321755.84;GBP
11689;8370;-47499.92;-182831.78;GBP
11690;5092;31884.7;-167753.27;USD
11691;3666;16598.27;465544.58;EUR
11692;4888;39253.06;-320027.85;EUR
11693;1565;-14079.27;251140.5;GBP
11694;5311;47765.87;215934.94;USD
11695;4019;-24778.75;-367177.29;GBP
11696;5019;-484.03;-307048.64;EUR
11697;5927;-27238.52;134431.8;EUR
11698;2074;1483.54;-379306.73;EUR
11699;7327;-34632.19;-480565.61;GBP
11700;5608;-28034.01;387313.16;EUR
11701;5284;29303.33;-85218.1;USD
11702;5482;24193.41;-93030.74;EUR
11703;6241;29210.4;-318054.02;GBP
11704;2782;-34748.26;-422059.39;EUR
11705;5016;-25819.37;-353683.77;EUR
11706;5239;29864.14;-260028.31;USD
11707;2446;1620.76;256197.15;EUR
11708;5175;17707.45;-295410.43;EUR
11709;9663;-42292.82;411761.64;GBP
11710;5659;12199.37;206563.7;GBP
11711;4041;-11398.6;-258393.14;EUR
11712;9123;3061.75;-422118.13;GBP
11713;7806;29997.64;154505.03;EUR
11714;7107;26163.4;69260.89;USD
11715;8973;7790.91;100375.66;USD
11716;7655;28415.91;-274614.59;EUR
11717;2406;18153.21;52705.66;GBP
11718;5928;-489.22;40906.55;GBP
11719;7249;-22779.99;-462919.36;USD
11720;6873;25916.4;416173.52;USD
11721;8188;-1923.74;337901.8;GBP
11722;1415;5525.64;430302.22;USD
11723;7616;841.75;-295147.28;GBP
11724;4816;37011.51;300271.79;USD
11725;9899;-10198.93;341911.55;GBP
11726;5535;-49094.95;299747.2;EUR
11727;1632;18804.02;-120321.9;EUR
11728;6591;29158.58;-373338.12;EUR
11729;2054;-29668.06;33580.03;EUR
11730;4553;38102.63;-369894.97;USD
11731;3239;6426.87;253131.7;EUR
11732;1096;24335.35;127961.13;EUR
11733;1456;44092.11;-17862.87;EUR
11734;2937;38024.47;119583.94;USD
11735;9634;23746.67;-35167.81;EUR
11736;2461;-33238.07;-390904.58;USD
11737;5775;18233.04;-123523.81;USD
11738;7766;6748.28;246049.33;EUR
11739;6967;28648.17;9660.33;EUR
11740;3484;-18549.76;275880.27;USD
11741;7963;-8465.47;436730.76;EUR
11742;7839;32457.2;246916.73;EUR
11743;4285;-25875.59;-137237.99;EUR
11744;7182;34898.07;-476860.23;EUR
11745;3114;28146.87;-95848.44;GBP
11746;6873;29934.91;52391.9;GBP
11747;3520;2680.67;201591.35;EUR
11748;4683;30633.38;193454.8;USD
11749;5218;-4928.57;-179163.92;GBP
11750;7403;34562.99;20777.62;EUR
11751;5102;28346.08;495717.44;EUR
11752;7034;14388.76;-221653.81;USD
11753;7476;36555.66;-226326.95;EUR
11754;1209;-23959.9;-426062.98;USD
11755;2284;-42143.73;362321.37;GBP
11756;3787;-26927.05;-391311.82;GBP
11757;1849;-14741.2;213544.11;EUR
11758;2472;-16036.89;-190719.93;EUR
11759;7435;-1193.43;-478799.86;EUR
11760;2388;-892.65;490019.02;EUR
11761;9708;29934.86;-429508.2;GBP
11762;4523;15482.25;-38887.79;GBP
11763;2501;32624.86;-401473.78;GBP
11764;1502;-26727.12;291141.08;USD
11765;2050;34919.93;29315.77;USD
11766;5018;-48030.3;393715.02;GBP
11767;6141;-11723.48;-460319.47;USD
11768;3634;31881.22;-81930.88;GBP
11769;6955;-31000.97;301578.26;EUR
11770;6876;-4228.43;107809.56;USD
11771;2079;32312.14;22422.09;USD
11772;5979;-38952.2;463761.83;USD
11773;4659;-21345.95;494249.43;EUR
11774;2340;-49397.55;-16211.94;EUR
11775;2361;20493.5;406301.93;GBP
11776;2654;28033.69;-244372.18;EUR
11777;9625;-25669.56;-143413.33;EUR
11778;1437;-38945.98;169573.25;EUR
11779;4785;44125.83;142104.38;GBP
11780;5233;3337.36;3349.22;EUR
11781;2709;9261.31;210612.92;USD
11782;1768;29499.94;198321.17;EUR
11783;2331;20503.19;451733.81;USD
11784;8126;39934.34;323923.32;GBP
11785;3793;-45663.98;168867.35;EUR
11786;6467;-4501.92;117599.22;GBP
11787;5080;18628.22;214651.88;USD
11788;2892;36942.63;409991.17;GBP
11789;3015;10682.84;394164.24;USD
11790;1565;26462.17;-297274.61;GBP
11791;9216;-46468.81;-490111.68;USD
11792;2189;8662.32;21593.26;GBP
11793;6520;19636.86;342828.29;USD
11794;5023;-33555.75;356431.77;GBP
11795;1390;-40191.8;383243.35;EUR
11796;4131;35048.64;196955.8;GBP
11797;2391;-19997.08;-406586.54;EUR
11798;1889;27808.71;-282120.59;EUR
11799;1731;-5906.29;30859.07;USD
11800;8624;18544.23;-12561.93;GBP
11801;6008;19453.33;314038.24;USD
11802;8171;21306.09;-200497.29;USD
11803;4088;39428.62;50571.44;EUR
11804;8313;-3462.52;75047.01;USD
11805;9090;-1678.0;255109.97;EUR
11806;4430;-7933.6;276723.14;GBP
11807;8145;26015.52;-223129.58;GBP
11808;9107;-40405.87;350958.02;EUR
11809;7747;-33108.02;-468817.46;GBP
11810;2550;-9767.35;-245850.57;EUR
11811;1537;-27963.88;-327686.41;EUR
11812;7539;24919.66;283422.72;GBP
11813;2690;-45361.04;46811.75;EUR
11814;7852;-36485.46;-445.87;GBP
11815;1444;-15207.02;-298183.81;GBP
11816;5008;44805.97;456746.18;EUR
11817;5253;6397.05;-311949.94;USD
11818;2793;8326.59;428499.27;GBP
11819;9741;-12223.92;-362263.2;GBP
11820;2883;19369.02;156268.94;GBP
11821;1755;-49861.18;353605.59;EUR
11822;5060;16074.71;-304301.41;EUR
11823;6789;-49676.12;472300.14;USD
11824;1560;25467.97;-134948.8;EUR
11825;2461;-6721.16;38860.51;GBP
11826;3515;21862.79;-327069.03;GBP
11827;2287;-30427.09;-451730.32;USD
11828;9104;48579.42;375570.99;GBP
11829;8416;5295.8;-69726.35;EUR
11830;7364;-26256.0;94982.8;EUR
11831;1815;19051.04;189182.77;USD
11832;5867;-49356.39;202038.92;GBP
11833;3550;36637.29;-385083.32;USD
11834;5587;25537.7;323238.59;GBP
11835;7172;-22383.06;212106.19;GBP
11836;9252;-40324.51;149212.13;USD
11837;7609;1032.94;349852.15;EUR
11838;9724;-4803.24;-71904.17;USD
11839;3970;43378.48;434266.75;EUR
11840;4185;-46428.84;-14434.95;EUR
11841;6154;-33904.24;-226293.78;GBP
11842;8192;16614.03;-370712.12;EUR
11843;6957;-48872.95;227123.64;EUR
11844;2830;14134.43;402664.28;USD
11845;4044;4231.01;445330.69;GBP
11846;1144;10931.34;-112849.63;GBP
11847;6024;10846.37;249180.27;GBP
11848;4937;-15245.88;-127475.06;GBP
11849;2750;12993.73;-44408.04;EUR
11850;6938;2697.32;482081.63;GBP
11851;5853;-45622.51;147900.37;USD
11852;7474;42288.55;-263788.59;USD
11853;8102;-28797.24;-137001.94;GBP
11854;2421;-42592.15;60284.79;GBP
11855;6113;14545.89;319886.81;USD
11856;3575;-43382.39;-63815.02;EUR
11857;1065;28420.68;268301.86;GBP
11858;7255;-42635.94;-488604.41;EUR
11859;5419;28332.77;-362022.36;USD
11860;4378;7778.96;-405753.83;USD
11861;8876;-20448.89;-341962.72;USD
11862;1264;23639.44;172724.42;USD
11863;3354;-36469.45;-440669.65;USD
11864;5549;-3366.47;-304452.05;GBP
11865;3179;-49185.8;-235727.26;GBP
11866;5677;-28475.63;184959.25;GBP
11867;8640;36086.31;-262361.08;EUR
11868;9245;-27695.22;-112233.66;GBP
11869;5675;-32744.24;446815.04;GBP
11870;8096;-25647.35;-406670.89;EUR
11871;5567;5688.88;37619.55;EUR
11872;2291;13191.42;466702.57;GBP
11873;3939;-17651.28;-140428.62;USD
11874;2233;-16295.96;128629.66;EUR
11875;4850;10406.9;28807.06;GBP
11876;6644;-13567.4;-72350.35;USD
11877;2536;29250.72;109246.73;USD
11878;8991;21630.79;-223270.28;EUR
11879;6935;41149.21;-464837.28;GBP
11880;1569;9569.69;312350.05;EUR
11881;8641;36628.55;-180448.27;USD
11882;5858;-4024.91;-465110.84;GBP
11883;1120;28976.54;-375428.01;USD
11884;9177;-7191.86;490809.01;USD
11885;6828;41773.72;-169976.44;EUR
11886;9994;-27611.94;-248307.52;USD
11887;6539;18478.57;225797.28;USD
11888;2151;-28350.69;-260010.04;GBP
11889;5681;-17661.09;-66822.02;EUR
11890;4955;41747.09;-473492.16;GBP
11891;8011;13819.74;361697.6;GBP
11892;3696;22336.36;-283257.88;USD
11893;4718;-2325.33;410280.58;GBP
11894;4708;-38428.25;487511.18;USD
11895;7398;-35637.63;-357582.46;USD
11896;1036;31285.93;328346.52;GBP
11897;9065;-46208.13;-331694.59;EUR
11898;7333;44852.77;-220654.73;EUR
11899;7386;-48776.03;-245957.9;GBP
11900;3729;23543.26;416453.38;EUR
11901;3169;-34484.34;-275586.18;EUR
11902;1574;-5846.87;248302.35;EUR
11903;3980;15869.7;-172466.42;EUR
11904;6373;-43364.82;-247039.35;USD
11905;5796;-28043.66;-478946.24;GBP
11906;1815;47504.0;-244628.47;GBP
11907;7516;33653.5;-15138.39;GBP
11908;5513;47229.08;-350446.88;USD
11909;1255;-38932.68;-497537.08;USD
11910;9372;21844.71;-193623.73;EUR
11911;6592;37035.49;133804.85;USD
11912;1347;7743.19;-13108.46;EUR
11913;6696;-24182.64;-435311.47;USD
11914;2265;-5643.2;-400880.35;GBP
11915;3470;40573.11;329329.12;USD
11916;6974;11976.13;-47560.31;USD
11917;6311;-4580.46;-35484.92;GBP
11918;8045;24546.31;-373794.94;GBP
11919;8843;3129.58;312666.66;GBP
11920;2348;1012.59;-486258.77;EUR
11921;9860;-25530.94;168584.64;GBP
11922;7635;43419.96;393748.08;EUR
11923;1726;32270.49;450164.16;GBP
11924;4807;-22008.21;-487602.32;USD
11925;8790;-14562.54;77011.0;USD
11926;2914;-18353.4;-455796.24;EUR
11927;6044;718.7;-300303.64;USD
11928;7783;22757.13;-410798.42;GBP
11929;4688;45812.58;376680.48;USD
11930;7319;37385.42;289890.64;USD
11931;2406;13358.93;-446570.96;EUR
11932;4598;16242.59;246927.28;EUR
11933;5310;-36918.01;115756.03;EUR
11934;3292;-2113.25;-27558.46;GBP
11935;5406;-30053.78;239438.19;USD
11936;8980;42512.47;287803.32;EUR
11937;4065;-13096.78;484177.31;EUR
11938;4067;-13582.97;-265576.14;GBP
11939;5267;46808.46;289816.53;EUR
11940;4659;26124.41;-422568.06;EUR
11941;1756;-30797.64;-481482.04;USD
11942;1258;27664.92;-221757.04;GBP
11943;4017;-36777.62;-318108.8;EUR
11944;4196;14113.19;-66949.31;GBP
11945;2193;44139.64;-134108.38;EUR
11946;4598;33387.43;46465.01;GBP
11947;8636;20534.75;-331339.24;GBP
11948;7676;24898.45;-414344.64;GBP
11949;5650;19112.14;-34482.4;EUR
11950;5412;-27147.39;-19612.87;EUR
11951;7852;35567.81;-345280.82;GBP
11952;8822;-33037.36;33997.25;EUR
11953;4932;12525.46;-79800.23;USD
11954;8147;-23360.74;-432807.92;USD
11955;1092;-45020.69;-459179.9;GBP
11956;8018;40128.3;-368642.84;EUR
11957;7875;-20487.65;485892.29;USD
11958;9705;42747.47;-457138.09;USD
11959;7900;5126.36;133498.49;EUR
11960;8496;-44588.59;228126.12;GBP
11961;6430;48787.0;-70620.42;EUR
11962;5354;-5058.25;159346.88;GBP
11963;6790;23654.21;289772.33;EUR
11964;6493;-42242.02;300688.89;GBP
11965;6913;36407.4;-454772.76;EUR
11966;5200;-46086.5;50890.49;EUR
11967;2793;-319.34;480096.7;USD
11968;7170;-20559.85;90199.98;EUR
11969;9411;667.33;35733.32;USD
11970;1095;15966.83;37594.99;GBP
11971;4349;-49305.54;343710.27;EUR
11972;2417;-29884.56;-268845.39;GBP
11973;8391;14797.28;-22248.34;EUR
11974;9289;7448.0;-2501.06;GBP
11975;3196;-8213.74;-16697.53;GBP
11976;2816;-35891.46;469305.78;GBP
11977;6228;7475.18;-213183.01;GBP
11978;1948;21284.03;380106.12;USD
11979;6660;-20353.23;-175488.42;GBP
11980;2563;-6145.13;-282710.23;GBP
11981;6604;30978.84;84176.67;EUR
11982;1910;-44295.55;496704.08;USD
11983;8701;7497.15;389936.33;USD
11984;3343;161.82;82449.5;USD
11985;4536;-4552.48;-77239.27;GBP
11986;6897;-28169.56;462124.25;EUR
11987;2626;-31822.88;26404.28;USD
11988;4809;-41290.32;493376.9;USD
11989;5969;5567.64;314583.23;GBP
11990;7107;6292.89;304985.22;EUR
11991;1916;3440.99;-55025.63;EUR
11992;1818;-4409.42;-497656.46;USD
11993;1602;-12934.5;451944.06;EUR
11994;6249;17557.68;419319.0;EUR
11995;1802;-29973.74;-8839.75;GBP
11996;9651;-46551.81;177052.15;GBP
11997;6633;28401.63;247801.39;USD
11998;9823;-41323.0;-252472.34;GBP
11999;4955;15582.74;258991.1;EUR
12000;2620;-22578.95;-93758.96;EUR
12001;7630;-14873.39;-495435.08;GBP
12002;9776;7651.31;169112.77;USD
12003;2245;-22356.43;187784.52;USD
12004;1814;-25725.12;215530.39;EUR
12005;3356;-4281.26;371934.9;USD
12006;8013;4473.44;-315347.11;USD
12007;2536;32201.13;277678.5;USD
12008;5717;-41577.18;-451959.31;USD
12009;4879;-36370.9;345315.06;EUR
12010;1288;-17961.74;4751.43;EUR
12011;2183;10296.64;243481.43;GBP
12012;7213;32995.53;15865.51;GBP
12013;1847;-8424.04;-304058.21;EUR
12014;6600;10752.04;49877.06;GBP
12015;6055;-20883.96;-53796.52;USD
12016;8795;23965.1;127080.03;USD
12017;2919;-1825.93;-227683.55;EUR
12018;5349;16800.43;127657.99;EUR
12019;8432;-4176.64;-261475.95;USD
12020;8614;-32512.35;-160600.51;USD
12021;5889;40871.49;253886.59;USD
12022;5621;39106.98;342598.98;EUR
12023;1510;-4111.74;30442.49;GBP
12024;5666;-33041.39;220872.15;GBP
12025;1990;-7805.12;-338730.97;EUR
12026;3063;-40464.52;196134.81;USD
12027;5919;-1779.7;-491004.61;USD
12028;1543;32451.56;119462.23;EUR
12029;6718;-46162.36;-195315.17;USD
12030;6715;22240.57;-440970.26;GBP
12031;9839;23625.26;4895.23;USD
12032;5861;28285.74;355236.94;EUR
12033;7156;26775.85;-421925.08;EUR
12034;3072;-3962.65;-181264.4;USD
12035;8254;849.24;465801.94;EUR
12036;7634;-37560.38;365598.31;GBP
12037;7437;49085.31;490021.98;EUR
12038;3283;29668.93;-34419.52;EUR
12039;9534;-32199.94;108213.08;GBP
12040;7227;11037.27;-183565.47;USD
12041;3913;11682.22;-383452.82;EUR
12042;6289;13400.84;396722.38;USD
12043;9955;-2793.47;264562.98;GBP
12044;3160;13564.06;-496935.87;USD
12045;9112;-37800.16;274835.38;GBP
12046;4932;-45954.71;456247.66;EUR
12047;7101;39407.62;-137625.06;EUR
12048;1375;-18961.61;112931.79;GBP
12049;3939;11179.26;-410966.81;USD
12050;4996;-28461.43;136466.59;EUR
12051;3366;30077.05;-307997.5;EUR
12052;2614;20193.22;370475.25;EUR
12053;4653;-38219.49;-60896.6;EUR
12054;6733;35055.55;-129373.1;EUR
12055;5364;-23054.27;245614.75;USD
12056;3397;-9922.21;206311.74;GBP
12057;8730;-37360.88;53510.9;GBP
12058;3243;-12053.92;497305.06;GBP
12059;1947;9139.14;182165.32;EUR
12060;4535;-36896.49;491969.22;EUR
12061;8069;-44859.55;-429163.33;USD
12062;1171;-42426.47;370600.64;USD
12063;9667;22858.93;473052.95;USD
12064;4766;-43343.97;191675.64;USD
12065;9272;3326.93;139136.19;USD
12066;5694;1291.64;175346.96;GBP
12067;3523;40705.91;87473.88;GBP
12068;2164;39641.59;282162.32;GBP
12069;9400;36492.4;159250.87;USD
12070;2291;1860.58;-430445.63;EUR
12071;3655;33490.25;-257989.26;GBP
12072;1376;-46333.9;19071.18;EUR
12073;5735;13251.56;161831.4;USD
12074;9814;16971.58;153722.39;EUR
12075;5215;30819.21;269361.61;GBP
12076;4909;31283.4;-39737.86;EUR
12077;3628;-43718.13;139576.26;GBP
12078;7758;-28978.53;359521.56;EUR
12079;7205;22166.57;265869.88;GBP
12080;8470;-21357.78;133054.1;USD
12081;7060;2808.39;-231548.14;EUR
12082;4514;31222.56;49958.42;EUR
12083;9621;-30921.17;-194752.87;USD
12084;6273;-27289.25;-187600.08;EUR
12085;3249;-31183.08;-128861.1;USD
12086;9167;19398.32;459299.43;EUR
12087;7000;-28946.39;-200170.39;USD
12088;2091;-49784.64;-274695.33;GBP
12089;1260;-8154.81;-38262.59;EUR
12090;5370;-23366.85;-349677.03;EUR
12091;6161;6306.97;-90810.79;GBP
12092;5916;-7373.41;394980.58;USD
12093;6181;6144.29;-111660.61;EUR
12094;1910;-24621.02;-71402.3;EUR
12095;1872;36186.85;465100.05;USD
12096;5722;-12276.92;-291017.86;EUR
12097;7655;41451.97;-355562.99;GBP
12098;2400;-20261.47;-295854.06;USD
12099;5781;6582.96;-91358.88;GBP
12100;4469;-21283.36;267928.12;GBP
12101;9561;16411.67;495511.47;USD
12102;1949;-18801.18;345281.07;EUR
12103;1354;-19749.25;-490962.64;GBP
12104;7994;-34910.23;8470.52;USD
12105;3537;31000.93;-442587.41;EUR
12106;4765;33201.46;216074.39;GBP
12107;1730;-46548.09;-393704.23;USD
12108;7299;-42437.0;178993.0;USD
12109;9325;6102.96;-141141.71;GBP
12110;1881;-41168.84;-107018.49;GBP
12111;1158;18217.31;-406588.27;EUR
12112;8803;35658.5;-437091.38;EUR
12113;8257;10819.38;-310852.3;GBP
12114;3419;-40836.03;-145028.46;GBP
12115;6008;16692.8;-378947.05;EUR
12116;6645;-2430.27;-93892.88;EUR
12117;4510;-7254.58;443416.75;EUR
12118;4319;-15097.01;491628.91;USD
12119;1356;3839.12;342480.89;EUR
12120;5131;-15113.57;-415226.18;USD
12121;7540;-41559.64;74149.29;USD
12122;5942;42991.58;-428779.18;USD
12123;6067;18911.73;63251.09;EUR
12124;3631;15225.06;-284459.04;USD
12125;1528;-42949.15;-425271.77;EUR
12126;7656;-25327.52;-286360.73;EUR
12127;2360;-37364.24;-235317.04;EUR
12128;4925;3397.37;449513.81;EUR
12129;9784;42226.88;-228286.36;GBP
12130;5071;-43379.02;495633.59;GBP
12131;1184;-2359.16;478301.04;EUR
12132;3945;3764.2;386360.82;GBP
12133;9792;-5277.93;122023.01;GBP
12134;2152;3574.03;-280122.68;GBP
12135;6977;26379.83;-445194.43;GBP
12136;1944;-13758.83;369902.71;GBP
12137;6783;268.38;-422354.52;GBP
12138;7047;-29246.97;-390360.47;GBP
12139;3567;-22236.67;-334688.17;GBP
12140;8377;21195.08;159426.31;GBP
12141;6768;-36492.11;-55009.17;GBP
12142;8686;-20415.84;-162784.03;GBP
12143;8380;7597.98;398689.05;GBP
12144;3406;39732.5;-86978.5;GBP
12145;4842;-10680.48;17975.87;GBP
12146;3517;-2588.5;-438214.98;EUR
12147;1309;7874.95;84732.46;EUR
12148;7412;-4966.26;-86035.26;USD
12149;9006;43894.57;100824.0;GBP
12150;7412;31627.94;453841.06;USD
12151;4046;31010.17;442979.57;EUR
12152;3415;25929.36;-329879.48;EUR
12153;8541;-27306.96;-306104.75;USD
12154;7989;-17787.39;-145007.2;USD
12155;7324;31118.2;-139148.03;EUR
12156;4285;22721.87;403816.77;EUR
12157;7174;-38544.66;-499738.75;GBP
12158;5643;38865.86;-261743.82;USD
12159;9221;-34656.22;-204791.22;EUR
12160;1015;-31397.39;293652.0;USD
12161;8274;13450.8;-332695.71;GBP
12162;2361;8356.38;-291908.94;GBP
12163;9520;-30244.4;95447.0;GBP
12164;4536;16468.7;-153797.95;EUR
12165;6907;26340.76;337214.49;EUR
12166;4524;41634.42;126059.93;USD
12167;9596;-27997.51;248464.8;GBP
12168;5107;-39215.42;-318785.14;USD
12169;8601;33278.81;410829.44;GBP
12170;5862;-43328.29;-187878.47;EUR
12171;9713;12917.75;438647.74;EUR
12172;2513;7072.54;320992.55;GBP
12173;4124;42275.51;19042.89;USD
12174;4030;24044.96;162412.91;EUR
12175;4360;17136.22;17066.67;EUR
12176;5674;12319.17;54374.51;GBP
12177;4325;13774.3;5197.79;GBP
12178;9722;-27750.3;193618.45;GBP
12179;8965;-11596.83;-372258.49;EUR
12180;6213;35132.42;-318653.0;USD
12181;8379;4070.9;221117.39;GBP
12182;6722;14770.24;-339140.5;EUR
12183;9871;-30586.19;-351152.02;GBP
12184;4126;-42745.28;-216726.52;GBP
12185;2385;2413.83;-327049.11;EUR
12186;3233;47085.93;198830.48;GBP
12187;9140;8343.46;181418.61;USD
12188;6109;-6405.0;-30091.82;EUR
12189;8429;38866.5;221939.45;EUR
12190;7804;8818.68;450212.56;GBP
12191;7339;16264.13;-101309.9;EUR
12192;4132;-45254.21;-109323.89;GBP
12193;1633;42480.58;-455350.14;EUR
12194;4446;-31543.74;308747.55;EUR
12195;9253;-13504.52;-314101.32;EUR
12196;3653;31566.51;58439.64;EUR
12197;4759;4846.35;-206215.05;EUR
12198;2345;17513.47;361826.09;GBP
12199;7596;25020.53;112426.08;EUR
12200;7321;-14948.05;354803.6;EUR
12201;7827;6610.76;389584.78;EUR
12202;2392;-24582.14;154295.5;EUR
12203;5589;43518.89;-125914.32;GBP
12204;5841;45126.64;-107537.97;GBP
12205;2059;-6231.2;306447.37;USD
12206;9108;-23922.84;205873.05;EUR
12207;5549;-20161.08;93770.21;EUR
12208;9212;27596.09;-473860.69;USD
12209;8962;-41152.29;434374.36;USD
12210;1336;31582.95;377009.52;USD
12211;6122;-6105.83;216351.87;USD
12212;3288;49827.52;-67468.76;GBP
12213;8501;34677.98;-420716.99;GBP
12214;1494;4386.27;-166760.18;EUR
12215;8562;2309.04;-385925.61;USD
12216;3057;-13231.81;-423470.26;USD
12217;9831;-4690.69;-58205.11;EUR
12218;5948;-17028.99;448312.05;GBP
12219;4597;-41706.64;324878.65;USD
12220;9135;-14507.29;-300686.28;USD
12221;2848;-22744.11;401893.82;GBP
12222;9125;32489.86;-484242.36;GBP
12223;4754;-35267.06;175027.14;GBP
12224;6291;-18258.6;419141.11;USD
12225;5606;28650.17;375038.76;GBP
12226;1641;-30712.95;-349294.78;GBP
12227;5050;43192.99;-95805.96;EUR
12228;3808;-8428.33;184570.63;GBP
12229;8720;-10254.89;375191.35;GBP
12230;3181;45907.49;-167481.01;GBP
12231;3337;-29194.23;-424694.38;GBP
12232;2126;-28563.72;-360554.58;EUR
12233;8276;-47087.97;-453342.39;EUR
12234;8111;936.37;207793.83;EUR
12235;4551;48325.81;-344319.55;EUR
12236;7459;19822.98;53996.92;EUR
12237;6965;-2187.46;221840.45;USD
12238;4273;-26134.47;-188708.25;GBP
12239;2521;-11538.88;-317603.8;USD
12240;2562;-2137.85;-368133.43;GBP
12241;8746;-18185.68;-386837.71;GBP
12242;5052;-46411.7;-144790.04;GBP
12243;8041;11755.04;-348109.9;EUR
12244;9052;49345.72;-225651.66;EUR
12245;7229;-47730.52;-471965.66;GBP
12246;1500;16656.86;169870.36;EUR
12247;6759;40270.29;-409158.71;USD
12248;7997;-12363.14;389273.09;USD
12249;8053;29767.73;-266550.26;GBP
12250;5964;38996.73;180816.51;EUR
12251;7525;-23568.3;-455175.62;EUR
12252;4404;-255.68;213077.62;GBP
12253;4154;-23135.58;-331263.99;USD
12254;1214;-42471.88;342024.65;USD
12255;7177;-44526.86;109403.77;USD
12256;7834;26324.32;280481.87;USD
12257;5158;15369.99;152795.96;EUR
12258;5506;-2590.81;-83293.15;EUR
12259;6659;-36264.52;35353.77;EUR
12260;7605;-42897.01;-31802.84;EUR
12261;1997;23090.08;-57137.01;EUR
12262;6715;828.3;342205.89;USD
12263;3745;14658.23;-372403.46;USD
12264;5090;4293.71;-135424.63;EUR
12265;8008;-29316.74;147968.68;USD
12266;8727;-11349.67;267306.93;EUR
12267;2745;8650.08;-395743.38;USD
12268;6158;-14965.07;-230157.07;USD
12269;6399;-35002.74;300219.51;GBP
12270;7837;-12147.13;113258.85;USD
12271;8261;38201.21;43006.61;USD
12272;9567;-24191.94;290684.8;USD
12273;5004;-6424.52;63836.54;GBP
12274;8066;40208.32;-10724.81;USD
12275;4700;-16530.58;227393.58;GBP
12276;3673;-36649.96;413724.23;GBP
12277;2254;41554.64;79407.34;GBP
12278;5257;-34570.42;-47908.92;GBP
12279;1912;-7669.5;-201686.34;GBP
12280;4630;-32489.99;-236304.43;EUR
12281;5124;5552.85;185706.76;EUR
12282;9120;47959.62;-284241.61;EUR
12283;1863;-29598.38;-382966.65;EUR
12284;3682;43899.35;-118150.9;USD
12285;8723;42398.08;389435.49;EUR
12286;6386;-45602.43;-220228.84;USD
12287;1020;-19747.71;-222652.94;USD
12288;4515;-7466.42;-692.15;USD
12289;9552;25819.94;-232297.1;GBP
12290;3800;-20125.33;98605.64;EUR
12291;9772;-32073.1;-26807.15;USD
12292;3236;-24901.49;-302009.9;EUR
12293;2886;29565.31;207122.8;GBP
12294;4490;-25018.74;-84826.47;GBP
12295;8244;-34577.59;-446831.56;EUR
12296;6271;8522.02;-136436.18;USD
12297;6025;-29274.88;-385393.85;EUR
12298;5278;18002.78;-228539.99;GBP
12299;8635;40738.89;-307194.35;USD
12300;8332;-25622.49;351734.66;USD
12301;5835;7243.07;-391621.33;GBP
12302;6353;4946.02;-191871.95;GBP
12303;5237;23694.17;-422209.88;USD
12304;9050;41788.55;-21797.45;GBP
12305;2992;23428.52;204661.59;EUR
12306;7627;-32174.92;380093.28;GBP
12307;5502;-26729.87;-309432.68;GBP
12308;1557;2064.19;484546.68;GBP
12309;8034;-18660.55;464451.2;GBP
12310;9645;-6490.88;334675.75;GBP
12311;1362;2998.43;-294738.78;USD
12312;6349;37999.32;-428033.75;GBP
12313;9035;18275.45;330758.46;EUR
12314;7583;33202.55;155299.12;EUR
12315;6291;-24900.26;31666.75;USD
12316;3586;12953.63;389694.35;EUR
12317;1805;-34033.2;-35080.58;EUR
12318;8055;-16686.41;-72287.62;EUR
12319;1559;-31695.07;-282569.11;GBP
12320;2031;26984.89;-21623.67;GBP
12321;6838;1414.72;397478.11;GBP
12322;5682;-26002.04;-170728.45;USD
12323;7601;-19138.36;159238.14;GBP
12324;7083;6245.07;-28455.38;GBP
12325;4032;16798.43;-16081.36;USD
12326;4299;31595.74;-89756.87;EUR
12327;6620;39060.76;-380369.97;GBP
12328;2395;-40605.19;155701.52;EUR
12329;3186;-11029.41;-44285.64;GBP
12330;2459;19601.86;-285460.62;GBP
12331;6196;-45607.2;-61110.79;EUR
12332;5721;39472.53;-49262.12;USD
12333;4925;7196.43;-291631.92;EUR
12334;4904;-3592.61;-19345.44;EUR
12335;7266;-26485.88;-336203.33;EUR
12336;4729;-14974.22;-461134.55;GBP
12337;7110;-33354.82;231353.49;GBP
12338;7408;14913.38;-187219.18;EUR
12339;1895;5116.2;329384.95;EUR
12340;6419;33914.47;154376.91;EUR
12341;2301;-37594.66;-337099.77;GBP
12342;6644;-20832.68;170714.74;EUR
12343;8493;-24199.61;-35567.52;GBP
12344;4833;32552.56;391773.75;USD
12345;5537;33854.54;-383561.32;GBP
12346;5723;41075.41;184138.72;EUR
12347;2263;11878.66;-252454.9;EUR
12348;2351;42822.79;-482638.93;GBP
12349;3646;-41781.4;-346325.42;USD
12350;8947;19414.44;122857.28;GBP
12351;5123;44467.78;-151018.28;GBP
12352;6058;-15238.33;169534.01;USD
12353;9702;-32584.28;-35957.36;USD
12354;2583;-48456.68;92039.51;GBP
12355;7176;28399.04;-296245.67;EUR
12356;5431;-19282.93;-368160.68;USD
12357;7489;11567.45;64020.53;EUR
12358;3525;32639.62;470343.71;USD
12359;9046;48364.36;-392832.23;USD
12360;7457;5313.65;289654.73;EUR
12361;8664;15898.31;396986.72;USD
12362;5382;-5828.08;-72902.93;EUR
12363;6069;-47388.75;-484350.19;EUR
12364;1885;19264.6;-28533.85;USD
12365;5215;16023.08;-261777.67;GBP
12366;7221;36309.23;402864.51;EUR
12367;6413;16229.67;-222198.66;EUR
12368;1005;-28384.4;125499.87;GBP
12369;3606;44077.8;78112.45;USD
12370;5491;33930.48;65405.55;GBP
12371;8381;17460.13;67776.65;EUR
12372;3685;7536.37;239250.09;GBP
12373;7004;-10375.56;403997.69;USD
12374;1791;36349.28;225314.26;EUR
12375;5599;24342.62;-86759.19;EUR
12376;4793;33252.65;432609.53;GBP
12377;4603;29514.86;-366977.1;EUR
12378;4811;28662.19;-35428.51;USD
12379;7862;10869.95;491159.96;USD
12380;3978;-14064.52;-151471.61;USD
12381;5595;-23686.7;-372876.88;USD
12382;3170;-33182.63;14268.99;EUR
12383;2185;40979.98;309899.27;GBP
12384;5899;-31750.79;61690.15;USD
12385;2285;34692.46;39493.03;USD
12386;4022;41143.21;407884.96;GBP
12387;2368;-15175.6;373929.57;USD
12388;5917;8511.58;-20153.69;EUR
12389;1932;27426.53;289616.76;EUR
12390;1565;17542.24;310893.77;GBP
12391;9722;45142.39;373087.45;USD
12392;4767;-42574.67;350028.98;GBP
12393;8248;28152.77;426741.39;EUR
12394;2706;23956.9;377853.52;EUR
12395;7825;-48978.12;477805.32;EUR
12396;7194;-30909.37;364229.56;EUR
12397;3303;42961.06;-497776.57;USD
12398;9637;41367.81;329211.88;GBP
12399;6526;42241.26;-323117.7;EUR
12400;2590;27744.09;-12514.15;GBP
12401;4646;-24231.1;256171.4;GBP
12402;6700;-2674.68;399884.69;USD
12403;4099;21073.15;-360854.62;USD
12404;6322;-24923.65;-235466.47;GBP
12405;6413;-15594.99;166450.43;USD
12406;8188;39433.26;93700.26;GBP
12407;6285;25180.17;-183267.1;EUR
12408;7457;2246.48;4126.34;GBP
12409;2781;20105.98;17958.94;GBP
12410;6949;-16574.64;-256092.6;GBP
12411;1800;-24529.41;480884.43;GBP
12412;1981;-14252.35;306604.1;EUR
12413;3126;-42863.36;-410346.77;USD
12414;4322;18615.12;-42790.88;EUR
12415;2655;38049.33;362220.27;USD
12416;3567;25565.72;315316.22;EUR
12417;8081;37050.41;283575.55;EUR
12418;8150;2689.22;-235253.46;USD
12419;2976;28738.23;-182291.73;EUR
12420;5381;-25518.2;-328332.38;USD
12421;7060;12718.85;-257521.02;EUR
12422;7094;-12517.24;209063.0;EUR
12423;5654;29382.93;-185235.34;GBP
12424;4090;34280.01;-442043.26;EUR
12425;9376;48587.28;-83123.54;USD
12426;9455;-17511.48;423675.75;GBP
12427;7655;-36761.1;-142201.29;USD
12428;1100;-14109.89;-75638.3;USD
12429;9296;34833.91;349381.48;GBP
12430;3268;9163.73;491758.76;EUR
12431;6973;34416.08;181069.26;EUR
12432;8857;-30054.16;49730.74;USD
12433;5846;-28609.33;-198343.77;EUR
12434;5329;18586.38;-315580.29;USD
12435;3765;-40915.9;31545.59;EUR
12436;2711;-49904.85;108915.35;USD
12437;7086;40134.16;-309757.31;GBP
12438;4667;-11723.09;416366.5;GBP
12439;2107;20387.12;-364686.28;GBP
12440;2082;-11800.55;255995.18;USD
12441;9967;16477.78;-344341.36;USD
12442;8157;-43751.79;181664.81;USD
12443;9806;10902.28;-440657.3;GBP
12444;1473;47481.19;-247561.43;GBP
12445;8215;-11397.65;-322402.51;GBP
12446;1944;32852.22;462568.21;USD
12447;4560;-28669.43;-216830.92;USD
12448;2613;20651.6;27889.19;EUR
12449;4871;-39493.25;428619.3;USD
12450;4145;11115.11;-198742.49;USD
12451;7695;-1019.69;246.85;EUR
12452;8556;2541.78;-2694.3;GBP
12453;4512;6179.33;-106647.3;GBP
12454;3060;-35383.73;164583.11;USD
12455;3780;29248.65;341018.2;USD
12456;8535;-47804.79;-95374.67;EUR
12457;5297;47843.82;-437436.9;EUR
12458;5893;28555.41;-373887.05;EUR
12459;5308;32463.92;172221.3;EUR
12460;2990;22503.31;477321.15;EUR
12461;6761;43948.38;-195628.52;EUR
12462;9802;-12478.35;-92818.28;GBP
12463;6651;-31942.51;-118865.12;USD
12464;7556;47902.49;-10436.96;GBP
12465;9697;45260.09;-428542.03;GBP
12466;3204;-46071.45;75330.13;EUR
12467;9509;23625.38;-282540.99;USD
12468;8129;335.85;372940.5;GBP
12469;6366;26172.44;-268186.08;GBP
12470;1834;-16552.86;-194208.73;EUR
12471;8970;21950.69;468181.15;EUR
12472;5703;-21992.16;88300.52;EUR
12473;3835;48855.85;-342420.56;USD
12474;3696;15908.23;-168011.9;USD
12475;1058;49166.86;-391228.64;USD
12476;3562;-4874.34;-245026.64;USD
12477;8430;-46831.77;463597.17;EUR
12478;5001;6817.19;200787.16;USD
12479;3261;12027.49;-351526.39;GBP
12480;2326;-32943.96;126445.52;USD
12481;1388;27980.95;111070.2;EUR
12482;3820;7037.39;245962.32;GBP
12483;9865;-25639.16;231646.15;EUR
12484;9401;-8877.96;174050.09;EUR
12485;3105;-22528.33;-362535.05;GBP
12486;8137;-47084.1;303474.21;EUR
12487;2067;-30303.08;-136535.65;USD
12488;5066;26885.49;-49818.06;GBP
12489;6856;-28245.11;-305237.6;USD
12490;1157;-9206.47;65176.37;GBP
12491;3795;-10764.83;404569.57;EUR
12492;2810;-49616.6;-97988.4;GBP
12493;7953;24283.49;390891.12;USD
12494;1619;-14159.82;173589.13;EUR
12495;4596;8034.88;-298467.53;EUR
12496;8282;18094.44;-250435.39;USD
12497;2073;28390.77;365901.2;GBP
12498;4055;-2157.77;-445875.41;EUR
12499;7373;23735.26;-32784.84;EUR
12500;3471;-40548.08;-168862.98;EUR
12501;4177;-20935.89;226359.4;EUR
12502;2544;-7593.33;87047.7;USD
12503;8874;109.86;224256.93;GBP
12504;6450;21805.08;-51210.17;EUR
12505;6760;-36496.67;-92123.64;USD
12506;5289;-33986.48;459157.92;GBP
12507;5734;45014.41;-43314.34;USD
12508;4761;-47237.21;-125356.31;USD
12509;1533;39509.4;-211978.86;EUR
12510;8289;12197.98;-316062.77;USD
12511;2672;32516.42;391897.32;USD
12512;1183;11511.97;123762.48;GBP
12513;5722;-12144.0;207091.37;GBP
12514;6855;-2153.84;245486.87;GBP
12515;8813;46851.19;322375.86;EUR
12516;9382;1733.12;478888.52;USD
12517;1061;10708.22;-435127.58;EUR
12518;7321;23036.76;320062.13;USD
12519;7643;-36516.06;179289.97;GBP
12520;7787;42091.66;-248574.05;GBP
12521;4907;8500.86;-225411.72;EUR
12522;8851;27440.74;80660.04;GBP
12523;4083;-7192.37;-471012.01;USD
12524;7106;44479.89;-2260.73;USD
12525;6308;30410.95;-108105.09;GBP
12526;7820;34910.36;-339961.05;GBP
12527;2500;-26850.61;-166608.6;USD
12528;2865;-41140.47;-56159.06;GBP
12529;8959;-1407.56;-385200.0;GBP
12530;4342;-7290.13;-302703.95;USD
12531;1148;37521.18;9293.42;GBP
12532;8595;45196.61;-158568.51;USD
12533;3451;-15860.49;-161288.15;GBP
12534;6964;-23171.55;284236.62;EUR
12535;3006;-21725.92;-211986.79;GBP
12536;7247;-45310.37;465361.38;GBP
12537;1813;38629.38;-207490.34;GBP
12538;8789;2076.9;-17254.9;USD
12539;6007;-41229.69;31197.14;USD
12540;6637;-38667.34;-65910.37;EUR
12541;2865;-41219.57;88916.19;GBP
12542;6058;-45099.11;128428.63;EUR
12543;8595;20721.85;70863.19;EUR
12544;9046;-3051.0;-439207.29;EUR
12545;2099;-48864.67;-157568.47;EUR
12546;2354;27125.24;147277.89;USD
12547;9339;-37471.91;187939.16;GBP
12548;5105;7491.56;-333276.81;EUR
12549;9737;25530.16;330304.51;GBP
12550;9808;-26744.26;135886.29;GBP
12551;6906;-12186.75;-441539.0;GBP
12552;1753;36135.32;320744.48;EUR
12553;7926;-18205.75;31505.17;GBP
12554;4685;1236.96;-322540.87;EUR
12555;9191;-35432.61;344267.88;GBP
12556;7637;36735.81;225179.71;EUR
12557;5988;-42723.45;409142.18;USD
12558;9166;48075.27;275613.93;GBP
12559;1085;-14658.73;-94225.23;USD
12560;7447;36963.67;-219813.89;EUR
12561;3804;-35814.24;322804.29;USD
12562;5507;-30666.74;407299.83;USD
12563;1429;9568.21;55369.85;USD
12564;6468;27574.93;-483534.71;EUR
12565;7817;21353.9;98493.95;EUR
12566;6297;2378.07;-282673.88;GBP
12567;1305;32943.44;-249349.68;GBP
12568;1402;-1022.71;-341919.65;GBP
12569;9368;47371.02;-305467.12;EUR
12570;5402;30321.84;-236920.75;GBP
12571;2617;-24395.68;-78289.61;GBP
12572;8707;34584.76;187557.42;GBP
12573;9820;37163.48;-452787.7;USD
12574;5340;45569.27;-422863.1;GBP
12575;8572;22106.54;-292826.85;GBP
12576;3567;34084.49;362361.7;GBP
12577;8203;5124.97;-97129.28;EUR
12578;4613;29337.12;374031.36;EUR
12579;7598;23825.97;406916.76;GBP
12580;5029;12653.16;170471.93;USD
12581;2317;7186.2;-11837.76;USD
12582;5145;15486.06;61155.4;USD
12583;8399;23124.0;434234.39;GBP
12584;9168;-12695.28;-88831.58;GBP
12585;8681;-48496.64;27034.56;USD
12586;6311;-36859.9;216000.71;EUR
12587;1987;27958.69;222740.57;GBP
12588;1868;4664.43;34217.29;USD
12589;6154;14655.39;54700.82;GBP
12590;6200;25029.09;394527.81;EUR
12591;1703;3612.95;-389658.38;EUR
12592;1950;-36896.71;-124081.55;USD
12593;3944;-370.73;-274949.63;EUR
12594;8518;-4724.98;-364266.08;USD
12595;1527;-25917.0;233958.95;GBP
12596;6149;48557.03;-313796.9;EUR
12597;6891;-16090.34;-149313.35;GBP
12598;1926;-27667.39;-295943.05;USD
12599;3691;-36830.57;407514.6;USD
12600;9110;14937.24;-209532.06;USD
12601;9432;-24190.55;89723.15;USD
12602;3779;19722.24;-246991.43;EUR
12603;5177;-15283.71;-209387.68;USD
12604;5885;-41229.17;-113471.56;EUR
12605;2496;3361.12;155366.25;GBP
12606;1914;-8326.33;483370.12;GBP
12607;1149;12583.77;386584.56;GBP
12608;5476;41598.78;321399.36;EUR
12609;9360;-23001.44;-68722.89;GBP
12610;7374;-49961.48;-48593.11;EUR
12611;4607;-20624.73;-388103.92;EUR
12612;7042;33858.79;173446.87;GBP
12613;4412;49910.35;-1611.56;EUR
12614;9499;-16929.39;-236188.6;EUR
12615;8868;-6463.89;-190127.82;EUR
12616;8803;49075.86;-317206.07;GBP
12617;5312;-48087.03;-370000.51;GBP
12618;4475;39153.23;193919.26;GBP
12619;6153;28397.22;-179528.43;EUR
12620;8532;12270.36;207898.64;GBP
12621;2820;-17358.39;224527.69;GBP
12622;8411;12965.87;-203765.0;USD
12623;5830;-44714.41;-262135.18;GBP
12624;1648;11953.62;99030.66;GBP
12625;3693;764.92;-248524.9;USD
12626;4240;-5546.33;-355956.25;EUR
12627;8020;16238.29;369160.05;USD
12628;5878;-3631.41;-287002.45;GBP
12629;2374;32788.63;-186920.58;USD
12630;4411;9396.76;-424578.47;GBP
12631;6426;21793.74;-39328.3;USD
12632;8040;-7665.14;434836.47;GBP
12633;3773;-851.05;-483249.49;EUR
12634;2718;45982.09;-487787.11;USD
12635;3882;3586.94;133597.02;EUR
12636;4065;39448.42;179212.46;EUR
12637;5800;31113.28;269922.6;USD
12638;3551;-28646.51;200468.07;EUR
12639;8699;13758.22;-256029.15;EUR
12640;7834;-37166.9;251639.37;USD
12641;5150;47112.63;238445.84;USD
12642;4712;24944.99;-333295.49;EUR
12643;6315;-25294.46;85762.64;EUR
12644;7387;-46856.92;167922.94;GBP
12645;9830;-35518.87;-86603.63;GBP
12646;2682;-17981.19;-393544.5;GBP
12647;4854;7877.15;-138754.15;USD
12648;5304;-45601.5;-55580.02;GBP
12649;2436;9025.89;-369585.64;USD
12650;5025;8499.39;-197975.86;GBP
12651;8662;-24035.19;295483.21;GBP
12652;6543;-3225.83;-122077.0;GBP
12653;5799;31302.24;410344.25;USD
12654;1325;-18491.64;-449601.94;EUR
12655;5378;4071.76;215153.7;GBP
12656;5693;8779.07;188055.75;EUR
12657;1425;14672.43;455994.91;EUR
12658;2239;36591.8;-368156.48;USD
12659;4039;-4739.61;-45231.44;GBP
12660;9102;-4366.63;430703.95;USD
12661;4936;-17280.71;114273.04;USD
12662;5854;39631.34;-449461.35;EUR
12663;2528;37855.4;264959.0;EUR
12664;5127;-29212.76;-174488.71;GBP
12665;3121;-18941.33;-278693.5;GBP
12666;2787;13852.14;482828.3;EUR
12667;2196;-33338.82;-267811.14;USD
12668;5318;-20962.59;437571.05;GBP
12669;1827;12582.16;-287331.73;EUR
12670;7056;30398.91;422872.7;USD
12671;6840;-9655.78;-327183.11;EUR
12672;8144;-19008.34;-282885.25;EUR
12673;8181;-29857.3;-329211.26;USD
12674;6537;37604.78;-414111.98;EUR
12675;1357;-8665.05;-485264.93;EUR
12676;3596;-20660.47;206935.16;USD
12677;6267;-29716.42;498729.65;USD
12678;4526;-45170.08;-363516.33;GBP
12679;2932;28688.1;475998.36;GBP
12680;8011;45401.3;298236.45;USD
12681;5812;47298.66;340794.45;GBP
12682;2987;-44197.52;345634.12;USD
12683;7739;-1622.01;-43246.79;USD
12684;2310;-49747.27;120257.16;USD
12685;7099;17160.87;290715.44;GBP
12686;2139;-17404.7;-371866.4;GBP
12687;6952;-6014.97;-137712.07;EUR
12688;8765;25313.32;-270561.22;GBP
12689;1304;-36182.9;-59814.52;EUR
12690;4936;12798.96;-219002.38;EUR
12691;9366;-38556.68;-60883.61;EUR
12692;7506;46187.73;467314.47;GBP
12693;9783;20868.56;277153.41;USD
12694;7651;-29648.99;-125346.07;EUR
12695;9685;10475.42;250416.62;GBP
12696;4956;-33337.51;-42371.63;USD
12697;4347;-33724.56;133358.57;EUR
12698;4247;27216.22;333308.47;EUR
12699;2037;23236.52;-340854.85;GBP
12700;6642;32841.19;-165586.09;USD
12701;8899;33576.63;-249099.38;USD
12702;1933;-2429.67;76571.73;EUR
12703;9261;-46527.85;403694.57;GBP
12704;8862;1154.33;-307958.23;EUR
12705;2967;-33918.81;186548.24;USD
12706;1182;-41826.69;-60178.28;GBP
12707;3285;4027.65;-266868.92;GBP
12708;7033;-37080.01;-9293.46;USD
12709;6785;-15967.22;-359758.38;EUR
12710;2688;-28962.64;-29060.32;USD
12711;6966;-36694.96;436119.33;GBP
12712;4205;27545.58;-174442.16;GBP
12713;7606;-24164.42;374295.51;USD
12714;8485;-7307.19;362717.82;USD
12715;7175;24245.64;-407881.99;GBP
12716;9339;31360.39;39881.04;EUR
12717;9107;17760.01;-280995.53;EUR
12718;3995;-49972.94;-166311.91;EUR
12719;3568;-30937.27;-64783.49;EUR
12720;6582;-40910.22;395046.3;EUR
12721;4220;-38127.61;264184.93;GBP
12722;8626;43932.45;-351771.53;EUR
12723;2769;-15352.32;231062.49;GBP
12724;4044;21446.21;-462604.95;EUR
12725;1740;-42930.59;-379860.37;USD
12726;9420;6802.19;-444956.89;GBP
12727;5965;8840.99;-157538.02;USD
12728;7989;16941.04;282042.33;GBP
12729;7360;29139.93;-462365.18;GBP
12730;6444;44719.53;86646.29;USD
12731;4865;39569.91;115145.18;GBP
12732;9083;-1588.3;229728.62;GBP
12733;6735;-28057.87;-396773.78;EUR
12734;4746;-40950.18;349136.07;USD
12735;6918;41244.48;314414.0;GBP
12736;6718;40443.36;484775.76;GBP
12737;2374;2605.89;-346119.43;EUR
12738;3928;10792.65;-146106.73;GBP
12739;5274;-15355.14;227808.11;USD
12740;4155;-40934.93;-462468.49;EUR
12741;8962;19527.45;-239270.21;EUR
12742;7597;-11449.88;-192367.02;EUR
12743;3954;11484.12;-345484.46;USD
12744;1774;22058.81;424926.96;GBP
12745;6016;33610.87;407036.97;GBP
12746;6465;43707.09;-127665.82;EUR
12747;2505;29574.02;-5174.39;GBP
12748;4477;-23022.68;246882.02;USD
12749;4839;-25587.14;-390379.46;USD
12750;1551;20461.96;-212444.99;GBP
12751;6322;-19408.12;381122.83;USD
12752;1458;-36446.08;264846.02;GBP
12753;2920;-11378.75;393010.35;EUR
12754;6146;-5965.58;-90977.11;GBP
12755;3241;-7013.39;337690.46;EUR
12756;5301;-48948.98;204863.02;GBP
12757;9962;-29475.97;382125.52;GBP
12758;5930;-12407.33;-161044.42;USD
12759;7966;21262.44;222449.02;EUR
12760;1677;13371.1;-170191.77;USD
12761;5146;11035.31;-445734.08;GBP
12762;5983;45517.98;-47288.19;EUR
12763;4966;-19552.22;360778.98;GBP
12764;5363;-17582.8;497173.42;USD
12765;2868;19059.95;149578.04;USD
12766;6238;-34814.34;109862.7;USD
12767;7098;-34487.51;283604.16;EUR
12768;3021;-36159.76;-141167.29;EUR
12769;6969;-2326.72;305193.56;EUR
12770;8203;13276.02;247967.36;USD
12771;9129;-25602.59;-262736.55;USD
12772;6106;-11938.01;-481319.13;USD
12773;3737;33070.41;-130031.35;GBP
12774;5682;-43244.64;372215.47;USD
12775;7609;46782.64;146584.54;USD
12776;6783;-14341.17;-86243.01;EUR
12777;2248;-24384.43;211275.35;GBP
12778;7444;-14392.79;-467516.21;GBP
12779;9585;-45383.78;114749.56;USD
12780;6250;-20961.6;-331408.36;USD
12781;4600;5236.51;-221563.51;USD
12782;2798;-42666.47;-306417.61;USD
12783;7337;27790.67;352011.47;USD
12784;6489;37214.76;34832.88;GBP
12785;1060;45095.11;-348331.18;USD
12786;8973;17835.62;204261.58;USD
12787;8677;-44681.46;-217552.36;USD
12788;3614;44904.81;259028.91;GBP
12789;4797;-44530.61;40793.83;USD
12790;3076;14862.22;473083.4;EUR
12791;4577;21643.41;138653.95;USD
12792;9707;40852.75;160937.27;EUR
12793;9748;43212.21;-7223.84;EUR
12794;5852;21856.5;131754.66;GBP
12795;4646;5252.6;-175905.41;EUR
12796;7658;40377.84;-229955.35;EUR
12797;9313;-34061.06;212050.11;EUR
12798;3749;4655.28;-237139.34;USD
12799;3064;37030.77;-213792.93;EUR
12800;8101;-43621.79;-484633.28;EUR
12801;7581;42285.5;-97821.9;USD
12802;6648;-28651.11;67101.41;USD
12803;2549;-1211.43;499842.65;EUR
12804;7967;38850.5;-228897.7;GBP
12805;1064;19770.95;-112825.3;EUR
12806;1800;-13556.23;-132892.67;USD
12807;2238;13925.52;37983.87;EUR
12808;5470;25504.99;-347014.15;EUR
12809;8177;-7457.3;360323.06;USD
12810;2621;-49683.56;123492.25;GBP
12811;4597;28573.7;-116145.53;EUR
12812;7194;38361.6;235691.7;GBP
12813;1987;10604.82;-301677.52;USD
12814;1098;17010.39;333766.87;USD
12815;8263;22990.9;74856.86;GBP
12816;9464;21457.68;476888.57;GBP
12817;5911;-48919.57;163928.62;GBP
12818;2946;29299.26;138891.53;EUR
12819;4449;-22690.79;322757.4;USD
12820;5221;41329.91;183504.73;GBP
12821;3121;1102.42;-133679.12;GBP
12822;4038;-16994.32;223227.65;GBP
12823;1605;10712.34;-343149.43;GBP
12824;6852;-35890.34;-428900.8;GBP
12825;2376;18351.19;-185635.63;EUR
12826;9417;-47975.75;-162307.26;GBP
12827;2234;33211.67;-252337.47;GBP
12828;2952;13354.94;-60328.82;EUR
12829;9338;4889.59;95772.71;GBP
12830;4359;-4518.9;-442144.16;USD
12831;3555;6769.54;-102475.19;EUR
12832;7369;-30012.01;396508.2;EUR
12833;2242;23606.72;-215931.75;GBP
12834;8160;3895.72;463113.17;USD
12835;3025;-25453.84;447384.48;USD
12836;3651;18336.13;40836.65;EUR
12837;3758;48320.77;-166291.14;EUR
12838;1047;-22176.88;-160406.72;GBP
12839;9177;25085.84;-162993.45;GBP
12840;9594;-39723.76;144312.1;EUR
12841;2149;-27701.64;-495836.93;EUR
12842;1751;-30084.26;319145.43;USD
12843;2540;44024.81;161952.8;USD
12844;8894;-18951.02;-63502.65;GBP
12845;7900;-30545.13;380777.92;GBP
12846;8054;16558.16;-415587.4;USD
12847;7209;-13306.63;38022.6;GBP
12848;4368;29733.01;420504.6;EUR
12849;4603;-36732.66;334555.56;GBP
12850;2212;-43421.62;-259509.53;GBP
12851;1608;-47898.77;-436171.62;USD
12852;4716;-46757.98;-353992.14;GBP
12853;4403;37652.81;-216173.41;EUR
12854;7940;-2028.47;-12883.63;GBP
12855;4194;49526.29;-135327.09;GBP
12856;1533;-23490.07;463244.7;USD
12857;2858;9252.56;-210518.56;USD
12858;9833;-21251.41;-413637.29;USD
12859;2299;5686.86;223687.89;EUR
12860;4051;-2528.62;384436.88;USD
12861;3372;-1603.52;-153641.66;GBP
12862;3482;-24921.72;-256706.67;GBP
12863;8034;-18348.6;491974.9;USD
12864;5145;-13917.35;24599.9;USD
12865;6970;-22532.49;-356464.14;GBP
12866;3846;14583.34;45220.04;GBP
12867;4624;-43217.36;382786.91;GBP
12868;1684;770.99;-164680.22;EUR
12869;7828;27935.9;-387909.79;USD
12870;5445;-2621.98;48772.49;EUR
12871;8902;27512.5;-129755.38;EUR
12872;1700;35496.4;197672.91;USD
12873;4048;27107.54;469077.64;USD
12874;2468;34475.36;-153211.63;GBP
12875;1285;14581.11;368611.59;GBP
12876;2466;2512.16;182799.85;GBP
12877;5426;-32773.88;315914.28;GBP
12878;7322;25746.06;388893.87;EUR
12879;2203;21014.88;376900.59;EUR
12880;2292;-33778.39;313647.36;GBP
12881;7590;45296.73;315507.75;USD
12882;9239;11522.79;426500.1;EUR
12883;6122;-40551.37;-483135.4;USD
12884;4680;46532.02;183005.19;USD
12885;8383;-38583.35;-159987.72;EUR
12886;2436;24880.21;250387.57;EUR
12887;5552;-33000.85;-29852.33;USD
12888;4317;30731.11;466797.26;EUR
12889;1722;12256.56;138133.35;GBP
12890;5835;-3065.07;39057.99;EUR
12891;7936;-40106.64;-150411.91;EUR
12892;9961;729.37;-225018.77;EUR
12893;2300;-14017.1;471196.65;EUR
12894;6279;-49479.76;-197356.56;GBP
12895;4934;8395.4;-221033.12;GBP
12896;1777;17646.39;-200724.92;USD
12897;3439;13820.77;349862.6;USD
12898;1944;15864.39;-450115.46;EUR
12899;6885;29521.34;-287198.63;GBP
12900;2785;13479.17;146733.68;GBP
12901;8660;30373.71;5823.12;EUR
12902;9491;-12403.66;18028.22;USD
12903;5323;4575.69;321538.14;USD
12904;1569;-29492.9;346832.12;EUR
12905;5000;-13429.24;243862.31;USD
12906;1049;-16428.74;208885.35;GBP
12907;5671;29917.93;58065.47;USD
12908;1414;11954.46;207760.57;EUR
12909;3416;18842.74;227415.55;USD
12910;6672;34967.53;-279483.58;EUR
12911;9898;-28526.85;470682.42;USD
12912;9727;35132.07;91705.14;GBP
12913;2345;-49182.12;354758.23;GBP
12914;3282;25159.66;456376.18;USD
12915;9112;-48683.82;-471474.26;USD
12916;8110;1745.05;356049.21;EUR
12917;9814;49131.64;-179974.77;GBP
12918;4299;-46363.63;-304491.98;USD
12919;4809;37701.04;-33549.62;EUR
12920;5828;35330.7;-56091.71;GBP
12921;6254;-44661.02;117575.23;USD
12922;2210;-6431.95;-8646.8;USD
12923;9689;44897.07;-42925.01;USD
12924;9182;29652.75;-441087.44;GBP
12925;1256;-2096.1;86694.83;GBP
12926;1594;-38676.89;-197766.68;USD
12927;6748;23959.37;-316093.35;EUR
12928;9066;-37154.86;-200724.49;EUR
12929;3233;35896.17;262943.5;USD
12930;1615;27680.16;-177542.48;GBP
12931;3339;-40106.09;-468047.25;GBP
12932;1378;8619.84;202285.59;GBP
12933;3771;-12210.89;28861.77;GBP
12934;1305;-22099.61;-135697.78;GBP
12935;4538;22981.61;218220.22;GBP
12936;6691;-47190.83;444231.57;GBP
12937;7030;-23098.81;407586.5;EUR
12938;9350;1189.68;-817.98;USD
12939;2542;-4938.68;422427.39;GBP
12940;2381;-29189.2;111645.17;GBP
12941;4574;-18221.84;415238.62;EUR
12942;2561;-33065.95;176189.77;EUR
12943;9066;-7824.16;161222.87;EUR
12944;6419;-34239.25;-106340.91;EUR
12945;5496;-39273.75;468776.98;USD
12946;3413;-28600.76;493226.13;EUR
12947;2150;-8150.18;-428450.87;GBP
12948;1018;-48242.48;98956.37;EUR
12949;9603;11472.97;24793.16;GBP
12950;3624;-43360.08;-168495.63;USD
12951;7861;-14092.92;204816.73;EUR
12952;6656;-8114.53;72967.11;USD
12953;2203;-21366.97;225981.74;EUR
12954;8513;-45323.41;488504.26;GBP
12955;5741;14149.26;-351138.82;GBP
12956;7196;21749.08;286557.17;GBP
12957;1658;28859.6;-229267.84;GBP
12958;6293;45863.77;-482262.12;USD
12959;5533;-12016.06;-395781.83;EUR
12960;4630;-11514.06;-442775.0;EUR
12961;6992;14497.97;-437538.84;USD
12962;7023;11584.68;-265915.74;USD
12963;3155;-32085.21;-152999.14;GBP
12964;8607;14096.1;78200.49;GBP
12965;6412;18047.16;418980.98;USD
12966;4262;-29669.68;-86642.89;EUR
12967;6376;-23417.94;86347.99;EUR
12968;7100;-21659.92;58016.7;USD
12969;3808;32316.38;50945.46;EUR
12970;5818;33812.91;111350.2;USD
12971;4480;37029.98;430417.09;GBP
12972;5174;781.29;290646.0;GBP
12973;3293;-3118.46;205193.78;EUR
12974;7162;-46249.21;466912.45;EUR
12975;9550;39433.35;393287.36;GBP
12976;6495;-21874.87;-216832.76;GBP
12977;1391;-9739.92;380189.54;EUR
12978;5364;35863.91;-210540.03;EUR
12979;5838;4177.62;-24829.85;GBP
12980;2054;15067.52;-286100.09;GBP
12981;6717;-41494.94;-472744.88;USD
12982;1128;-11858.27;446611.83;EUR
12983;9080;18481.43;249130.17;EUR
12984;4104;44516.36;-77948.46;GBP
12985;4613;-2563.21;-140458.9;EUR
12986;2294;-31862.73;266393.94;USD
12987;7716;40668.58;313875.57;GBP
12988;5075;-45227.98;-200855.26;GBP
12989;9053;9208.56;-172814.91;GBP
12990;7015;-34988.11;38363.1;EUR
12991;1027;2149.22;209894.3;EUR
12992;2264;49986.72;148238.43;EUR
12993;1361;-18311.44;456381.16;GBP
12994;5443;7130.05;145736.11;EUR
12995;6681;-14243.9;-48163.62;GBP
12996;7348;-8136.91;436215.77;EUR
12997;8084;30959.01;-409295.94;EUR
12998;8537;-18613.36;-444311.46;USD
12999;1543;1675.94;-220575.71;GBP
13000;3246;-42659.98;272009.1;EUR
13001;5601;-40887.18;-228436.15;EUR
13002;4811;27163.72;11571.9;USD
13003;2846;31711.59;-85518.74;GBP
13004;1558;31486.22;38163.7;GBP
13005;6271;-41204.61;-28509.5;EUR
13006;4143;5354.36;112101.68;EUR
13007;5675;42788.33;-316442.74;EUR
13008;3668;10602.8;252022.43;EUR
13009;7653;38995.5;25306.09;USD
13010;1888;-28604.95;317682.13;GBP
13011;3064;40504.79;-393631.89;USD
13012;2925;-27028.32;371463.26;EUR
13013;9039;-1558.44;-330899.57;USD
13014;4436;14529.46;-41711.08;USD
13015;1477;46795.94;-277285.84;GBP
13016;1381;-13783.81;-333848.79;GBP
13017;9909;-45026.75;-226096.67;USD
13018;3284;31982.79;-232767.03;USD
13019;7181;19634.31;26023.45;USD
13020;8973;1971.0;281543.26;EUR
13021;7927;11776.79;-340144.27;USD
13022;1292;-27923.57;43784.68;EUR
13023;6171;34531.47;-347680.74;USD
13024;8048;-39310.47;17538.52;USD
13025;1978;-31134.91;494235.66;GBP
13026;6129;-49564.17;-51136.77;USD
13027;8392;-33745.85;181078.86;GBP
13028;6253;13013.45;307067.84;USD
13029;1169;6340.3;-310631.44;EUR
13030;2841;-44668.53;222146.77;EUR
13031;7189;-6007.81;-277787.17;EUR
13032;1111;-24817.82;-350973.24;USD
13033;2238;-21641.97;292021.39;USD
13034;4598;12066.01;487398.31;GBP
13035;9301;2428.12;21489.65;USD
13036;1613;-30861.39;86455.53;GBP
13037;3699;10836.77;-293468.94;USD
13038;4528;-41203.39;-131228.71;GBP
13039;6578;-32789.65;3204.59;EUR
13040;4066;2610.98;108155.87;USD
13041;2101;10283.1;174878.13;EUR
13042;1981;-26954.51;230843.03;GBP
13043;9566;2482.33;-62694.04;EUR
13044;6430;14789.54;1260.69;EUR
13045;2335;2566.8;-476752.19;EUR
13046;2987;30203.68;-75824.14;USD
13047;6091;1807.65;-110089.47;EUR
13048;3945;5153.05;-445957.61;EUR
13049;4759;-11609.09;168677.79;GBP
13050;8097;43844.61;349180.24;GBP
13051;9290;46281.8;281514.65;USD
13052;2222;13261.73;-76727.56;USD
13053;9668;-37685.76;-249197.86;EUR
13054;2220;-22882.5;-72116.98;EUR
13055;6479;10984.1;118661.85;GBP
13056;7993;-4445.74;-225356.24;USD
13057;1307;-44350.56;488836.39;GBP
13058;9964;43955.99;-317074.04;GBP
13059;9036;10539.59;-204345.66;USD
13060;2663;-30557.16;184411.33;EUR
13061;8143;28619.28;-93407.05;GBP
13062;5609;-44093.63;-98504.18;EUR
13063;9168;3219.4;393216.52;USD
13064;4376;15680.27;210496.44;USD
13065;2963;-29736.87;220271.62;EUR
13066;3473;182.49;320411.55;GBP
13067;7079;-28363.05;14862.4;EUR
13068;3448;-29052.29;-214083.55;GBP
13069;2358;33220.41;187794.32;GBP
13070;5193;22848.8;-431462.66;GBP
13071;1891;22875.66;-8592.9;EUR
13072;9453;-4085.62;-87373.07;EUR
13073;1324;35179.49;-322536.06;EUR
13074;4137;31411.47;428323.85;GBP
13075;5313;-33176.12;499596.0;EUR
13076;2671;49053.42;121318.93;EUR
13077;4989;-23146.51;-70374.92;GBP
13078;4354;-32961.68;-379797.81;GBP
13079;4481;20402.96;79846.03;GBP
13080;1159;6357.39;-252239.12;USD
13081;5999;-26509.38;489734.25;EUR
13082;4405;12877.38;319455.56;EUR
13083;6848;-12148.81;343681.09;USD
13084;6272;22238.07;-149875.58;EUR
13085;4747;21769.44;425622.73;USD
13086;6074;-28626.85;47632.61;USD
13087;8645;46665.04;321397.94;USD
13088;5166;12029.12;-430234.56;USD
13089;1771;-9367.68;150765.47;USD
13090;2151;-9033.81;497083.8;GBP
13091;7303;25339.28;-312918.18;EUR
13092;5378;-961.37;-116027.79;USD
13093;1090;9384.32;-53435.48;EUR
13094;1097;-26209.93;224371.27;EUR
13095;6443;-39333.9;32133.99;USD
13096;5518;-18984.0;466531.04;USD
13097;2403;-19643.86;-159058.46;USD
13098;9233;20708.72;-371524.76;EUR
13099;6230;-17537.49;195914.82;USD
13100;5815;-46924.63;-188999.37;EUR
13101;8347;-49174.43;-349770.8;GBP
13102;9642;10419.74;-43285.14;EUR
13103;9928;-34397.41;-421974.56;EUR
13104;6435;-44367.55;-414641.84;USD
13105;1461;-40392.32;-413687.32;GBP
13106;9127;-44491.98;197030.73;GBP
13107;2586;44126.67;355978.88;GBP
13108;8975;-23414.64;-295720.55;USD
13109;2884;-45208.79;-343966.32;USD
13110;6073;6777.13;498124.85;USD
13111;7315;35903.44;14921.53;USD
13112;3728;-7654.51;-352174.12;USD
13113;4593;-8140.88;94858.18;USD
13114;4685;9547.45;57546.48;GBP
13115;1286;32401.88;10083.87;USD
13116;6303;-2715.04;-194226.09;GBP
13117;9444;-31975.83;-498596.05;EUR
13118;6557;-17790.17;133080.77;EUR
13119;4683;5889.75;30516.56;USD
13120;7895;27237.68;-267153.22;USD
13121;1862;17853.8;107164.85;EUR
13122;3922;-16100.86;-281456.4;EUR
13123;7959;6268.99;445148.07;USD
13124;2025;-42364.92;452984.84;GBP
13125;1471;-3524.19;210043.5;EUR
13126;7172;30320.47;-348485.2;GBP
13127;7448;-45504.19;-371508.27;USD
13128;8354;-15904.71;456554.23;USD
13129;2892;-45722.46;419798.1;USD
13130;3818;6129.47;-397659.04;USD
13131;6305;-34725.15;189331.17;EUR
13132;1842;10845.35;-332543.53;USD
13133;7412;40433.11;-367096.07;GBP
13134;6020;1157.36;28294.34;USD
13135;2648;37050.24;-477849.78;USD
13136;1381;-36354.83;-329321.32;GBP
13137;5074;-43711.86;131483.28;EUR
13138;1662;-27040.01;76669.83;USD
13139;1942;28261.22;-91471.51;GBP
13140;3106;26885.03;277868.55;GBP
13141;2375;-23657.69;-484255.4;EUR
13142;1479;-39671.81;323523.74;USD
13143;1087;-9469.27;339096.02;USD
13144;3348;4751.43;-302604.61;GBP
13145;2217;21223.73;58186.34;GBP
13146;6830;-14819.48;-412283.0;USD
13147;9588;-39770.16;-311488.39;USD
13148;6376;17293.11;227971.42;USD
13149;9576;13091.59;-162731.61;USD
13150;3134;-5953.0;209559.78;EUR
13151;6828;15985.51;273013.53;USD
13152;7668;-25886.24;-495511.11;USD
13153;6914;-23355.79;-152108.54;EUR
13154;6392;46051.35;-282267.73;GBP
13155;1693;32640.44;122511.53;USD
13156;4044;-33246.34;-96495.19;GBP
13157;2688;1015.87;-155849.84;USD
13158;5507;-27384.99;-247149.06;USD
13159;2486;8520.58;188106.05;EUR
13160;4749;-3102.87;441735.84;GBP
13161;1399;22856.64;391757.97;GBP
13162;5509;-2433.65;-485117.07;EUR
13163;4950;9207.05;318259.38;GBP
13164;3301;3653.51;67901.05;EUR
13165;5905;47497.09;-133857.82;EUR
13166;8288;30187.28;5074.24;GBP
13167;2567;-3628.9;-354422.94;GBP
13168;7191;24839.51;323294.42;GBP
13169;2354;-6912.26;263530.59;EUR
13170;9032;8112.08;-242445.69;GBP
13171;7930;42371.55;196771.41;GBP
13172;8802;37833.46;-218535.57;EUR
13173;8994;41636.32;-135333.14;GBP
13174;1204;-49046.81;-424971.56;USD
13175;8219;-41066.15;-292856.63;USD
13176;3018;-31347.8;-442106.01;USD
13177;6127;39539.24;328310.08;USD
13178;5517;26282.32;-20866.6;USD
13179;3416;-7485.18;-74635.51;USD
13180;9406;-23823.26;108257.61;USD
13181;9924;-44092.03;158783.91;EUR
13182;9423;1385.75;316520.22;EUR
13183;5865;47274.19;376610.14;USD
13184;8935;21992.41;-67216.59;GBP
13185;7544;-28547.57;164873.32;USD
13186;1142;-29840.09;-479741.05;USD
13187;4887;7323.3;-105869.59;GBP
13188;6846;37601.87;145780.06;GBP
13189;4174;14725.01;287893.05;GBP
13190;3040;-16434.8;458171.95;GBP
13191;8562;-27867.85;371679.9;USD
13192;9774;41084.1;-460959.62;GBP
13193;2258;13182.21;249420.84;EUR
13194;1637;45383.04;-248621.1;EUR
13195;8257;6185.02;273117.47;EUR
13196;6938;-35164.45;352982.13;EUR
13197;8586;-9636.2;139750.85;USD
13198;3773;-45796.19;-277063.86;EUR
13199;2865;-2181.5;-210790.46;EUR
13200;8710;45784.33;294932.5;EUR
13201;5487;36487.99;-33682.09;EUR
13202;7747;-2635.79;305189.01;GBP
13203;8769;-11246.73;-19150.7;USD
13204;3609;2858.97;107157.68;EUR
13205;6086;14997.05;180751.74;GBP
13206;7121;-5599.07;-204853.14;USD
13207;6642;42015.41;326721.7;USD
13208;2637;-49656.26;12923.42;EUR
13209;9089;-22539.7;142728.99;USD
13210;7107;263.98;-478833.53;GBP
13211;9361;22777.25;-224613.23;USD
13212;2325;-23976.35;-468073.88;EUR
13213;3076;32833.62;78839.51;GBP
13214;8717;-1515.73;175812.81;GBP
13215;5231;-15462.99;69474.48;EUR
13216;5373;-25072.66;-437044.86;GBP
13217;7705;6134.34;-278808.28;USD
13218;5562;25004.22;-48156.84;EUR
13219;6480;-24960.15;108345.87;EUR
13220;9142;-38337.92;261423.88;GBP
13221;8378;-4782.2;312645.63;USD
13222;5779;-36190.36;-117457.72;EUR
13223;3045;-31997.03;-438804.43;EUR
13224;4563;45534.76;226648.55;GBP
13225;4591;-17439.47;-253849.63;USD
13226;3305;-29567.81;-456989.55;USD
13227;6462;-39733.06;-397092.83;GBP
13228;5365;16626.5;94707.62;EUR
13229;7160;6819.34;234463.01;USD
13230;1293;-24882.77;-157524.99;GBP
13231;5526;-37329.83;87710.86;GBP
13232;4801;43290.56;363137.83;EUR
13233;2744;5499.88;144607.73;USD
13234;8001;49230.9;17354.72;USD
13235;2013;37058.82;657.26;USD
13236;2817;-45213.16;434661.44;EUR
13237;7798;-38811.97;204188.01;GBP
13238;5310;-26204.1;401036.7;GBP
13239;4570;-29951.12;-359925.61;GBP
13240;3419;-6128.7;-3319.23;EUR
13241;5530;31892.75;262402.76;EUR
13242;1068;-17173.12;-115050.19;GBP
13243;7891;7667.04;51576.03;EUR
13244;1439;36204.66;-27526.21;GBP
13245;2253;39350.9;-294928.32;GBP
13246;4543;36762.58;-195707.39;EUR
13247;6862;28925.77;65387.39;USD
13248;9162;37556.19;-268746.23;EUR
13249;1749;20149.9;348959.7;GBP
13250;4837;27669.05;65999.34;USD
13251;9882;17539.92;-303482.9;USD
13252;4816;-28353.63;-232709.48;USD
13253;3451;32801.37;-332560.35;EUR
13254;6616;-20107.74;420434.23;GBP
13255;5089;25523.54;233125.69;USD
13256;3964;-4485.86;202361.56;GBP
13257;7792;6572.78;-428535.38;USD
13258;8660;7652.61;-47752.72;GBP
13259;9955;-38603.72;-155734.98;GBP
13260;7674;39479.74;303702.48;EUR
13261;6177;41390.33;217079.75;GBP
13262;1837;13255.37;-360762.38;EUR
13263;9431;-39279.04;-253246.55;EUR
13264;5102;-18580.28;107035.51;EUR
13265;6243;37730.91;390730.6;GBP
13266;8466;18235.67;73913.97;GBP
13267;4756;-25561.14;437944.5;GBP
13268;2982;17111.28;33457.19;USD
13269;6529;-39604.36;325883.31;GBP
13270;8234;-15100.76;400586.69;USD
13271;1568;-33158.51;-451404.96;USD
13272;4151;-6527.19;-421696.79;USD
13273;8838;-43819.7;213732.26;EUR
13274;7621;-24262.43;138850.71;GBP
13275;9803;7083.26;-359247.26;USD
13276;2709;-11422.1;-433936.11;GBP
13277;2199;-7832.67;-317637.91;USD
13278;7228;-40369.07;-183014.77;GBP
13279;3498;-49658.07;257769.02;GBP
13280;2031;-34181.63;125836.73;GBP
13281;9160;33258.22;417238.28;USD
13282;1163;5757.48;288283.83;GBP
13283;2877;-4522.83;-9819.22;EUR
13284;3251;4677.22;170137.04;EUR
13285;6247;16991.74;285377.92;USD
13286;1994;11694.4;382634.17;GBP
13287;7045;20923.61;428952.67;GBP
13288;9740;25043.68;238704.35;EUR
13289;7406;36039.72;155810.17;USD
13290;7154;-32042.47;-417031.66;USD
13291;3003;-18417.39;314393.87;GBP
13292;8458;-47829.21;-349960.39;EUR
13293;4651;-39388.42;-462825.03;EUR
13294;6765;31028.38;-220414.16;GBP
13295;7232;22892.6;-358087.89;USD
13296;9075;-9106.63;-383534.4;EUR
13297;8257;-49751.96;113162.24;GBP
13298;2624;-1901.81;-83363.75;EUR
13299;3108;-42134.04;88204.82;EUR
13300;3263;28000.1;-432755.53;USD
13301;2229;-8654.17;-188443.52;GBP
13302;1746;39187.66;-237344.21;EUR
13303;1483;44428.07;328402.43;USD
13304;9887;-39984.11;-19362.26;USD
13305;8877;14900.15;93071.76;EUR
13306;2928;17923.03;-73693.53;USD
13307;6447;40474.27;-229639.15;GBP
13308;9154;-40589.92;477973.89;EUR
13309;2892;15195.88;159197.54;USD
13310;7615;31752.66;-78558.55;USD
13311;8329;-11376.44;449145.01;USD
13312;7843;-11321.86;-421522.16;USD
13313;3914;-19217.05;373541.33;EUR
13314;3599;-40503.99;216705.29;USD
13315;1858;-23359.89;245770.37;EUR
13316;6789;1455.45;136575.72;GBP
13317;3846;-25680.38;-331881.39;GBP
13318;9896;-43669.15;325576.79;GBP
13319;4560;21048.46;-206647.86;USD
13320;7849;33691.34;333696.66;EUR
13321;8679;-36224.09;213687.43;USD
13322;6898;-20771.81;-32810.63;EUR
13323;5723;-6985.52;100183.75;USD
13324;6363;-15286.8;-426746.04;USD
13325;4276;17265.02;460570.96;EUR
13326;9989;16786.77;39605.3;EUR
13327;4326;-33637.85;125177.81;GBP
13328;6562;11108.69;118753.12;GBP
13329;3156;39231.31;216320.07;USD
13330;6629;28339.99;-186661.1;USD
13331;6353;-22962.5;-293219.09;EUR
13332;9401;27837.09;198588.49;GBP
13333;5869;-15790.6;-358893.93;EUR
13334;7270;34666.73;-115722.01;EUR
13335;3321;-31025.08;-355589.39;USD
13336;6333;41967.99;-369836.74;GBP
13337;2848;-14032.65;132191.5;EUR
13338;6351;-9192.37;-22539.53;GBP
13339;2466;30262.18;499234.48;USD
13340;5536;-3278.22;-121173.02;GBP
13341;1063;-9323.71;-130891.43;USD
13342;3415;-2622.86;-166891.84;USD
13343;6179;-3738.35;445457.18;EUR
13344;7028;-21378.68;151874.72;USD
13345;9251;-1306.64;232396.35;GBP
13346;1189;-2770.79;-339457.68;GBP
13347;9168;37241.87;175767.07;GBP
13348;9788;2587.08;331083.72;EUR
13349;5714;47618.56;-90600.63;EUR
13350;2135;-14693.88;253592.24;EUR
13351;2548;-4539.45;-414231.13;GBP
13352;4062;-14558.51;308632.11;EUR
13353;8210;20669.42;362843.72;GBP
13354;7882;-35337.35;-256078.39;EUR
13355;5041;-28526.47;471332.82;EUR
13356;9734;-33107.56;97930.06;USD
13357;6884;13291.36;118893.42;USD
13358;5409;19166.3;-16078.35;EUR
13359;9041;-41631.17;201236.11;USD
13360;7549;-21889.51;-424128.06;USD
13361;1786;-33021.4;-212780.4;GBP
13362;6709;-6756.04;361323.53;GBP
13363;9953;3650.26;-28032.75;GBP
13364;6700;-30874.22;459262.72;EUR
13365;9645;40851.59;316077.23;EUR
13366;3349;-17684.88;61627.62;GBP
13367;8358;-11115.3;-97085.85;USD
13368;4556;-42786.86;-359955.42;USD
13369;3977;46116.88;110083.82;USD
13370;1372;-49369.04;309185.96;EUR
13371;7279;-41295.84;208155.76;USD
13372;6868;12084.9;-437048.74;USD
13373;8290;3093.92;-452564.69;EUR
13374;1807;-43561.03;-448821.16;EUR
13375;1743;-24455.88;301769.28;GBP
13376;1079;-13754.53;139538.25;EUR
13377;1125;-37515.1;432864.74;EUR
13378;1140;424.08;-475405.1;GBP
13379;6171;3740.67;-315469.87;USD
13380;6318;-30418.36;100374.5;USD
13381;9062;-27361.65;-286018.93;EUR
13382;4236;4095.98;-264540.55;GBP
13383;2161;-38948.74;-91743.08;GBP
13384;9456;-44800.16;405323.09;GBP
13385;2526;-4846.26;-486905.31;GBP
13386;5630;-27534.79;457817.85;GBP
13387;5723;-360.91;-141110.33;GBP
13388;8271;-18488.85;-83029.35;USD
13389;4419;-28823.56;249127.05;EUR
13390;4133;830.52;251433.67;USD
13391;9772;-24561.83;-498547.57;USD
13392;2542;46622.9;12066.1;USD
13393;6625;-42026.08;-396248.78;USD
13394;9464;-6532.19;195264.22;GBP
13395;5290;-10335.82;320152.5;GBP
13396;1561;-17094.05;-454394.6;USD
13397;9848;-49170.88;359444.29;GBP
13398;7421;48446.23;-367201.15;EUR
13399;9939;-43795.92;414407.64;EUR
13400;5027;-39924.36;-271595.81;EUR
13401;4603;30164.71;497984.32;USD
13402;3144;-1398.61;-289229.21;EUR
13403;2870;34771.8;-105688.49;GBP
13404;1333;-22735.77;-9583.44;EUR
13405;6519;35579.83;-266999.18;USD
13406;2419;-7616.55;-55756.31;GBP
13407;8201;33276.42;176005.19;EUR
13408;2780;28048.66;193385.78;USD
13409;3161;9267.59;-367590.78;GBP
13410;6439;33294.92;107278.71;EUR
13411;1245;20117.16;278747.98;EUR
13412;4907;-18830.01;-62685.58;USD
13413;5053;4129.07;-157177.53;USD
13414;8313;-24146.32;276832.74;EUR
13415;7255;25373.21;331799.29;USD
13416;7340;19669.5;-188272.7;GBP
13417;6140;-17299.77;27794.18;GBP
13418;4941;33559.55;-153706.84;USD
13419;3935;26593.9;-194307.41;EUR
13420;2602;-16147.46;252365.89;GBP
13421;1110;17857.53;-291771.62;USD
13422;8641;32702.12;284610.41;EUR
13423;4261;29741.81;-29648.82;EUR
13424;7295;-17136.04;349781.81;EUR
13425;3407;8821.3;430979.4;USD
13426;4290;-24617.3;475626.62;USD
13427;5606;-12078.2;-115528.19;EUR
13428;3646;-26118.34;465025.36;GBP
13429;1448;-46028.58;-26642.37;EUR
13430;8310;-13451.84;-340736.7;EUR
13431;5768;21324.34;398321.1;GBP
13432;7097;-25643.07;-2344.84;EUR
13433;7153;7821.4;-109511.06;EUR
13434;2097;42153.81;-38483.8;GBP
13435;1160;48278.02;-204794.85;GBP
13436;9418;-42675.27;74967.27;EUR
13437;6588;32334.01;-111608.57;EUR
13438;2925;-31490.11;238240.0;EUR
13439;8274;-22911.49;269737.69;GBP
13440;9633;-23767.85;57288.24;GBP
13441;9148;38767.71;-295382.93;USD
13442;5680;32069.45;-234570.33;EUR
13443;5694;16066.49;-256287.2;USD
13444;2057;-38543.07;164023.28;EUR
13445;3840;9488.82;-98516.45;USD
13446;2859;-46331.76;-24720.73;USD
13447;6607;-35129.35;-140528.36;GBP
13448;8892;8619.8;439352.37;EUR
13449;2365;1131.2;-305216.97;EUR
13450;4724;44622.63;-474090.04;USD
13451;8280;14282.01;-237607.89;USD
13452;7978;25751.01;-168776.82;USD
13453;9796;-7125.36;270416.71;USD
13454;2236;39781.86;-317446.56;USD
13455;2517;-20370.76;-495675.22;USD
13456;3150;35657.16;447128.25;GBP
13457;6857;-22055.43;-115444.93;USD
13458;2300;-7104.35;-90248.13;GBP
13459;3529;-10712.47;-24125.38;EUR
13460;9583;-34621.64;-442320.0;USD
13461;6668;22352.65;346566.01;GBP
13462;6465;31019.28;126626.49;EUR
13463;8952;46881.12;-498456.89;EUR
13464;8838;-18045.77;-189983.89;EUR
13465;5113;-15032.71;299989.6;GBP
13466;1561;-14850.34;27083.58;EUR
13467;7974;11393.99;345383.24;GBP
13468;7382;11586.16;-118693.51;EUR
13469;8097;19474.22;15535.58;USD
13470;2169;2840.22;-164847.46;GBP
13471;2405;-49839.25;-144153.05;GBP
13472;9066;-19728.21;-399660.97;GBP
13473;9550;-30136.38;480890.08;EUR
13474;1360;-22018.3;18158.03;EUR
13475;2756;4933.26;60030.06;GBP
13476;7975;-45267.19;271462.18;USD
13477;3313;23034.5;477192.14;USD
13478;8483;-31530.87;53791.31;USD
13479;8634;30383.02;-375653.98;GBP
13480;6331;28957.08;-230036.72;GBP
13481;8237;-21915.39;445595.56;EUR
13482;8546;-18612.69;84237.41;GBP
13483;9452;-5990.7;-421840.67;USD
13484;5275;45048.26;-286274.76;USD
13485;1604;-23230.55;-122753.44;USD
13486;1433;-146.4;-355714.28;GBP
13487;9787;12993.66;14702.49;GBP
13488;4754;-19698.97;192651.8;USD
13489;3126;1408.01;340685.64;USD
13490;3832;35540.48;480106.7;GBP
13491;6177;-43266.42;-94821.36;EUR
13492;5896;151.9;-266190.13;USD
13493;4519;42203.52;-411871.62;EUR
13494;2225;-7149.39;-314809.28;EUR
13495;4996;18213.88;204992.33;GBP
13496;1867;37251.4;-91029.43;EUR
13497;9431;27511.04;49580.57;USD
13498;2248;31227.09;-414621.01;GBP
13499;3179;-3655.23;-349439.41;GBP
