TranNum;InsNum;Index;Tenor;Gpt_Id;Delta
11943;4017;Euribor;20Y;7;5847.09
10222;9646;Euribor;3M;1;-6383.51
12728;7989;Sonia;3M;9;-10187.99
12053;4653;FedFunds;3M;6;3964.9
13420;2602;Libor;10Y;8;1825.98
11513;6141;FedFunds;2Y;8;3369.3759117387517
12994;5443;Euribor;3M;1;1028.99
13499;3179;FedFunds;5Y;6;8586.48
13128;8354;FedFunds;10Y;8;-7257.1
12306;7627;FedFunds;1M;2;-5203.67
12024;5666;SOFR;6M;2;-6183.95
13278;7228;Estr;1M;3;9617.21
11610;9459;Estr;1M;9;5250.498466820038
12426;9455;Estr;30Y;6;-2294.985750381603
11488;9226;SOFR;2Y;8;-5184.188740008402
12970;5818;FedFunds;25Y;9;-6327.19
13394;9464;Estr;3M;7;-7002.52
10142;8240;Sonia;30Y;6;-2846.01094113446
10201;6490;SOFR;15Y;8;4108.152314931849
11029;7060;Estr;25Y;2;-4601.36
11329;2468;FedFunds;10Y;4;2334.717133165609
10727;3668;Libor;1Y;2;-1256.1048403283567
10229;2524;SOFR;20Y;5;2526.5
11274;5433;Libor;6M;8;8730.58
11485;3870;FedFunds;5Y;4;6270.565584886091
13445;3840;Euribor;6M;4;-654.520391206353
12215;8562;Estr;25Y;6;1845.240516693309
10456;8999;Estr;25Y;4;8953.98
12294;4490;Libor;10Y;9;-9447.98
10862;9662;Sonia;1M;1;-1518.4073343691198
11289;1847;Sonia;5Y;6;3474.569734548447
12395;7825;Libor;30Y;9;-780.3445456700083
13320;7849;Estr;5Y;2;116.52
11143;9634;Sonia;15Y;3;-9828.021863606515
10051;7015;Libor;10Y;8;-2887.8430028820985
13380;6318;SOFR;1M;9;6475.11891741022
11673;3421;Estr;15Y;2;-2530.79
12888;4317;FedFunds;15Y;8;-7760.278784513944
12315;6291;Euribor;1M;6;-4201.11
11315;8823;SOFR;3M;9;-4012.914509201999
12897;3439;FedFunds;6M;1;-1805.37
12446;1944;Euribor;5Y;6;-1116.61
13347;9168;SOFR;30Y;2;-144.79460730023698
12623;5830;FedFunds;15Y;6;1947.115541312589
10045;8158;Libor;10Y;3;5455.09
10702;2742;Sonia;15Y;6;-5071.72
11440;2777;Sonia;1M;1;12748.54
10900;3931;Libor;5Y;2;5710.18
12267;2745;FedFunds;25Y;4;2795.12
13132;1842;FedFunds;10Y;8;6120.56
10343;2000;Estr;15Y;3;-8590.77
10657;1660;Sonia;20Y;6;-4586.6
12357;7489;Libor;1M;5;2655.31
12006;8013;Libor;30Y;2;-7421.09
13240;3419;Sonia;6M;9;8797.134182210886
11273;8718;FedFunds;6M;3;8801.685317181293
10881;8504;Sonia;20Y;7;-12257.450783423114
10497;9915;FedFunds;20Y;6;-8405.109104116695
12502;2544;Sonia;25Y;3;4147.06
10945;8940;Euribor;2Y;3;-5814.210871194504
11401;6085;SOFR;6M;6;-1090.01
13125;1471;SOFR;6M;5;-1302.1598399198838
11251;3817;Libor;5Y;3;10151.2215638345
10795;3690;Libor;20Y;2;-1011.0560560672311
13110;6073;Estr;3M;6;-980.8971634182678
11856;3575;SOFR;1M;8;3876.860843099864
11480;8013;SOFR;10Y;4;6964.08
13244;1439;Estr;6M;6;-1889.676957477287
10083;7833;FedFunds;3M;1;-3458.6
12291;9772;Euribor;20Y;6;1460.954127409248
11943;4017;Euribor;15Y;9;9210.42433461594
12031;9839;Euribor;30Y;6;-9739.527536699869
13386;5630;Euribor;15Y;8;1224.2908052825642
10848;7320;Euribor;3M;8;-725.28
12321;6838;Euribor;5Y;7;-938.8653937945637
11441;2325;Estr;25Y;6;5703.67
10530;1855;FedFunds;6M;8;308.21713488438854
13355;5041;FedFunds;1Y;8;-2772.08
12081;7060;Libor;25Y;2;-5796.5180381072
10408;4493;Estr;30Y;9;-3493.17
13310;7615;FedFunds;15Y;4;4896.4055512882605
11334;3032;Euribor;25Y;9;-6471.78
10561;1946;Sonia;25Y;4;-8345.04
13228;5365;Euribor;2Y;9;-598.6432678307419
12480;2326;Estr;1Y;9;-7453.9836952868245
12467;9509;Estr;1Y;3;-8385.748818370705
12493;7953;Sonia;15Y;1;-2755.2404561891926
11933;5310;Euribor;2Y;5;2680.38
12126;7656;Sonia;1M;9;-9996.914691508096
12178;9722;Sonia;1Y;7;1467.3270540399099
12511;2672;Sonia;25Y;7;4561.52
11672;5943;Euribor;15Y;3;-12463.19
10184;8783;Libor;25Y;9;864.6832649508633
11537;1486;FedFunds;6M;1;1302.23
11941;1756;FedFunds;30Y;2;443.74
11214;5222;Estr;5Y;8;-676.97
10079;7617;Libor;1M;1;8283.04
10745;6552;Euribor;20Y;2;-2683.109241043453
11796;4131;Libor;30Y;4;-3232.54
13013;9039;SOFR;1Y;4;6433.572749884949
10486;6110;SOFR;6M;1;158.55534685989824
10690;1139;Libor;2Y;8;-480.374623954805
10637;2932;Euribor;25Y;1;1494.77
11504;9340;Sonia;3M;7;2339.72
11746;6873;Sonia;2Y;9;-2430.73
12856;1533;Sonia;6M;8;1026.6519839098378
12155;7324;Libor;3M;7;-294.86
12573;9820;FedFunds;30Y;6;6542.01
11459;1667;Sonia;15Y;9;-7569.7749658597695
13472;9066;Libor;1M;4;-5301.58
10481;6546;Euribor;1M;5;469.91
10238;8124;SOFR;2Y;5;4764.78
12235;4551;Estr;30Y;2;5453.338129801176
11276;5305;SOFR;1M;2;1892.98
10003;6051;Libor;2Y;4;244.7620341714828
11922;7635;FedFunds;10Y;7;1285.32
10023;2484;SOFR;6M;4;-4286.488823249235
12404;6322;SOFR;20Y;3;2917.74
11035;2871;Libor;25Y;3;1085.29
11640;9978;SOFR;1Y;9;3577.57
10994;6882;SOFR;6M;6;2791.37
12789;4797;FedFunds;5Y;5;-5842.52
12554;4685;Estr;20Y;3;13806.623604408867
12115;6008;Sonia;20Y;2;-4424.15
10491;8833;SOFR;10Y;1;-4341.46
11237;4382;Sonia;1Y;6;-6200.58
10327;1281;FedFunds;2Y;4;-1487.2037020419991
12853;4403;Estr;2Y;7;-10219.34
10415;9599;FedFunds;10Y;6;9495.78805402634
11794;5023;Estr;2Y;2;5645.226149314428
10735;7815;Euribor;1M;3;11153.71
11712;9123;Euribor;10Y;4;-256.78369799819893
12078;7758;SOFR;3M;6;-2663.807173658959
11069;5813;Estr;25Y;7;-197.30282988222916
11944;4196;SOFR;20Y;1;2514.22384504239
11702;5482;Sonia;25Y;8;5847.87
12737;2374;FedFunds;10Y;6;2440.3192845434505
13125;1471;Sonia;10Y;8;7019.340160080117
12255;7177;Libor;10Y;2;5242.07
12866;3846;Estr;1Y;5;413.3973720822696
11874;2233;Euribor;30Y;4;10941.84
10037;9958;Estr;3M;1;-1073.6008342430293
10380;7549;Libor;20Y;2;-645.7959666549416
12759;7966;Sonia;25Y;2;-2019.498762660145
11377;4543;FedFunds;10Y;6;-617.3822404195794
10497;9915;Sonia;30Y;5;3184.9808958833046
10920;1277;Euribor;2Y;4;4196.54
12080;8470;SOFR;2Y;5;-7900.65
10159;5289;Libor;25Y;8;-4518.99
10338;4124;Estr;30Y;4;-5827.94
10974;7360;FedFunds;15Y;7;-346.83
13101;8347;FedFunds;25Y;3;372.5578427576645
10930;4009;Libor;15Y;4;7331.264637636961
11900;3729;SOFR;1M;7;-4731.89
13184;8935;FedFunds;6M;4;8256.517593739309
10232;7667;FedFunds;1M;2;827.131225189373
10407;6827;SOFR;25Y;7;-3164.7542362533513
10620;4923;Sonia;1M;5;5864.076608480933
10351;6243;FedFunds;25Y;9;2779.7563875818005
11937;4065;Euribor;5Y;2;-11183.33
11578;8849;Euribor;6M;5;575.92
13288;9740;FedFunds;1Y;4;3471.391663425815
11577;2293;Euribor;20Y;2;2176.95
10383;6299;SOFR;2Y;5;-1969.94
11864;5549;Libor;5Y;7;-7206.957092612701
11608;6874;Libor;5Y;3;12024.648799961082
12155;7324;Estr;1Y;5;1715.64
12350;8947;Estr;25Y;9;4194.76
12179;8965;Sonia;6M;1;-3965.83
10941;9671;Euribor;30Y;7;1714.51
10376;4374;Sonia;15Y;3;-2145.93
10123;8266;Estr;5Y;8;3784.6107145690353
11854;2421;Libor;1Y;6;-12794.93
10631;4764;FedFunds;1M;1;3602.6830237828035
13472;9066;FedFunds;3M;3;6856.78
11025;3387;FedFunds;10Y;4;8054.854649150012
10200;5524;Libor;25Y;4;2393.8773629955986
13345;9251;Estr;1M;5;11661.08
11459;1667;Estr;6M;6;6222.715034140228
11424;5581;Libor;5Y;7;-4342.38
12888;4317;Euribor;6M;9;-4453.278784513944
10016;1064;Sonia;5Y;3;9276.676711229231
12724;4044;Sonia;25Y;6;694.7865529389378
10524;5875;FedFunds;5Y;2;-940.52
12007;2536;FedFunds;15Y;3;6228.304472371155
12727;5965;SOFR;5Y;1;-12686.94
10200;5524;FedFunds;15Y;2;-580.9726370044009
10907;9430;SOFR;1M;4;-3434.83
13336;6333;Sonia;10Y;3;-6255.51
12710;2688;Estr;6M;7;-1951.89
10825;7855;SOFR;20Y;7;-11613.6
10368;3349;FedFunds;2Y;8;3215.405813673742
12930;1615;Libor;1Y;1;1575.85
10705;2271;SOFR;10Y;6;4191.202069882122
10148;7882;FedFunds;20Y;2;4763.6355279735235
10107;9647;SOFR;20Y;6;4295.18
11663;5321;FedFunds;30Y;1;-5662.58
11597;4414;Sonia;1M;7;-917.8957319172316
11918;8045;Estr;3M;1;-484.42801028674603
11355;5710;FedFunds;1Y;7;1655.23
11990;7107;Libor;1M;1;-3056.6181236041543
10756;9397;Estr;30Y;2;-4543.050564633344
12887;5552;Euribor;25Y;1;2506.26
10094;8400;Estr;30Y;5;-6758.36
13281;9160;Sonia;20Y;5;3725.1262422584887
11482;5418;Libor;30Y;9;6998.27
12590;6200;FedFunds;2Y;6;1651.35
11719;7249;Libor;2Y;4;3689.68
11557;4091;SOFR;1Y;8;12291.67
12124;3631;Sonia;5Y;8;-3874.88
12745;6016;Sonia;3M;1;-2737.052393609907
13098;9233;Libor;20Y;6;6953.4549472081435
10030;5413;Libor;20Y;3;-760.46
10939;6573;Estr;20Y;5;9380.44
11228;1919;SOFR;30Y;6;-4522.013751911087
10371;1707;Libor;25Y;9;-5275.634396792329
11723;7616;Libor;5Y;4;-476.26105026036566
11153;1739;Libor;2Y;1;8287.790514333754
10322;6897;Euribor;2Y;3;7050.759292956933
11254;9684;Euribor;15Y;5;5998.19
13454;2236;FedFunds;10Y;8;3910.183314130495
11721;8188;Euribor;1Y;7;-756.95
11774;2340;Sonia;5Y;3;5825.39
11545;4034;Sonia;30Y;2;1043.5379725348644
11914;2265;SOFR;15Y;7;-268.9666984319156
12576;3567;Sonia;6M;5;253.6238034899593
10655;4786;Sonia;30Y;6;-6897.4445243965
11027;7772;Libor;1Y;2;3284.7
12016;8795;FedFunds;1Y;2;556.0980444656807
13109;2884;FedFunds;15Y;8;-4418.4
11879;6935;SOFR;30Y;4;-8147.972294062185
10437;3159;Libor;5Y;3;9146.469982888917
10484;7971;Estr;15Y;3;1539.94
11693;1565;Libor;10Y;7;2702.4425321437975
12389;1932;SOFR;10Y;9;714.2336201757435
11917;6311;SOFR;25Y;9;4387.36
11263;8406;Estr;30Y;9;-9882.06
12098;2400;Sonia;15Y;8;7083.33
12401;4646;Euribor;30Y;6;-2028.8
10789;7837;Euribor;3M;6;-6333.07
12278;5257;Estr;3M;5;-4670.34
10239;9007;FedFunds;10Y;5;-7166.9
13277;2199;Libor;30Y;9;252.38177320951218
10106;5268;Libor;1Y;5;-6713.13
11443;2831;Euribor;6M;9;-2758.727186219243
13397;9848;FedFunds;6M;3;-2345.02
12598;1926;SOFR;30Y;7;-8615.81
11976;2816;Libor;1Y;3;-4821.54
10987;8928;Estr;25Y;4;-3356.13
12418;8150;Euribor;6M;8;2844.0525591844394
10080;6881;FedFunds;1Y;4;-1800.3
11565;7902;Sonia;6M;4;6894.92
10003;6051;FedFunds;30Y;9;2520.2420341714833
13305;8877;Estr;1M;9;1862.959819245235
12940;2381;Estr;10Y;8;9164.193197705494
11734;2937;Sonia;20Y;4;-4657.86
10170;3898;Euribor;25Y;2;-9951.0
13039;6578;Sonia;30Y;2;10220.421216285853
11407;8095;Euribor;1M;2;-7561.373333260431
11807;8145;FedFunds;3M;2;159.4851515349983
13488;4754;Libor;30Y;4;-5640.627468884942
13454;2236;SOFR;30Y;4;-3619.8766858695053
13019;7181;Sonia;6M;8;1323.21
11345;7694;FedFunds;1M;9;967.8065885594948
13392;2542;FedFunds;6M;1;-309.20146485609075
13297;8257;FedFunds;30Y;2;6390.994540475365
13046;2987;Libor;5Y;3;5492.174388884455
12083;9621;Sonia;10Y;5;-114.06889811250676
10097;2167;Libor;5Y;9;-3218.04
11132;3713;Euribor;5Y;7;-3589.0341302135066
10780;3964;Sonia;3M;2;-7330.18
11987;2626;FedFunds;10Y;9;7103.45
11036;9236;Estr;30Y;5;-6049.05
12554;4685;Euribor;25Y;7;-4193.986395591133
10161;5208;SOFR;6M;9;6033.72
10749;7773;SOFR;1M;6;5763.2
11100;8329;Sonia;25Y;1;-5055.49
10195;6299;Euribor;6M;9;-6170.498749148353
11274;5433;FedFunds;6M;8;-3440.99
10642;1619;Estr;10Y;2;-5435.37
13164;3301;Estr;5Y;3;8711.43
11071;6068;SOFR;15Y;7;1014.87
10936;2409;FedFunds;3M;1;9336.07
11581;8060;Libor;20Y;1;-1093.8508320052715
11722;1415;Libor;25Y;6;-7733.83
12352;6058;Euribor;1M;6;731.88
12352;6058;FedFunds;2Y;8;-1309.05
12351;5123;Libor;25Y;4;-1085.15
10573;5494;Euribor;5Y;4;2431.34
13428;3646;Libor;20Y;2;3900.75
13140;3106;Sonia;10Y;8;-3851.3430554103334
11984;3343;Estr;25Y;8;-7937.519952793071
11037;7191;Estr;6M;1;532.727774205322
10728;1195;FedFunds;2Y;2;5253.4242202306705
13418;4941;Sonia;30Y;7;-2585.65
11382;4401;Libor;30Y;2;5895.72
12744;1774;Sonia;1M;7;-10128.5
13120;7895;Euribor;2Y;2;-3969.398633107736
12811;4597;Sonia;2Y;6;3962.87
13054;2220;Sonia;1M;7;-12754.22
12556;7637;Euribor;3M;2;-7255.129105249291
13198;3773;SOFR;2Y;8;3945.0504121471854
13231;5526;Euribor;30Y;2;-11244.74
12293;2886;Euribor;30Y;7;739.1535844336722
11617;1909;Libor;15Y;3;-1708.723576405401
13472;9066;Estr;1Y;6;331.68
10584;4363;FedFunds;25Y;2;-8900.94
10917;2909;Libor;3M;7;-7500.213045609657
11782;1768;FedFunds;20Y;5;5102.098150525175
10305;8179;Libor;1M;2;1201.42
10182;6779;Euribor;2Y;4;-9529.05
12121;7540;Sonia;15Y;6;-6816.41
12004;1814;Euribor;5Y;2;-6241.62
10712;9560;SOFR;10Y;3;4433.63
11359;1028;Libor;25Y;2;6771.92
11297;7016;Sonia;5Y;7;2032.6849627336092
12758;5930;Estr;6M;4;-1128.8783430052313
10351;6243;Libor;15Y;7;3501.0563875818007
11846;1144;Euribor;3M;6;-8450.84
11419;4867;Libor;1Y;5;-6585.78
13256;3964;FedFunds;6M;9;3776.44
10253;2868;Sonia;5Y;4;-10277.73
10469;7588;FedFunds;1M;2;-1650.41
12823;1605;Sonia;2Y;4;-2077.864440997596
10633;8605;Libor;20Y;1;2928.973496170848
11413;9598;Euribor;25Y;9;-5265.9
11454;5335;SOFR;5Y;4;-4758.1
10181;7898;FedFunds;20Y;8;3971.554102556881
12077;3628;FedFunds;20Y;4;-4638.055201467471
11420;9809;Estr;25Y;8;-759.1329554661429
11008;2342;FedFunds;20Y;9;-5922.92
11535;1145;FedFunds;5Y;4;-59.01
12528;2865;FedFunds;20Y;3;-4232.42
12891;7936;SOFR;6M;4;2917.43
11992;1818;Sonia;25Y;4;5610.856111514628
12928;9066;Libor;2Y;9;1168.12
11874;2233;Estr;3M;2;-7829.25
11308;5402;Euribor;25Y;2;-789.95
13486;1433;Libor;30Y;4;2407.619059097698
10434;7279;Libor;3M;4;160.24
12303;5237;Euribor;20Y;3;316.5596210850699
11177;7154;Euribor;6M;8;5445.06
13200;8710;Libor;15Y;6;411.9392814161388
10522;3007;Libor;1Y;5;-2575.56
10367;7780;SOFR;1M;4;-3230.97484038615
11044;2140;SOFR;5Y;6;10514.67
11823;6789;Libor;30Y;5;1649.71
12661;4936;FedFunds;5Y;3;6904.47
10551;3011;Euribor;15Y;6;1361.89
10198;6182;Estr;25Y;5;6945.12
11437;7400;Estr;15Y;2;-4917.8
10326;2274;Euribor;25Y;1;8580.84
13404;1333;SOFR;3M;3;-7550.68
12687;6952;FedFunds;3M;3;2832.6072572849507
13470;2169;FedFunds;6M;8;-1572.13
11522;3653;SOFR;1M;4;728.7967269197993
13087;8645;FedFunds;25Y;4;1380.31
11996;9651;Libor;3M;1;6239.72
11702;5482;Estr;2Y;5;-8353.89
10140;7677;FedFunds;1M;7;5567.99
10921;5713;Libor;25Y;3;-1916.87
12030;6715;FedFunds;3M;8;-6185.89
11341;9558;Euribor;3M;5;-5293.79
10106;5268;Estr;1M;3;173.29
11066;6818;Sonia;3M;1;1704.2
12589;6154;Sonia;6M;2;3140.02
12946;3413;Estr;3M;7;2066.92
12239;2521;FedFunds;3M;5;482.29
10202;6797;Sonia;1M;4;-792.4044801558521
11686;2848;SOFR;6M;7;-624.57
12511;2672;Euribor;1Y;1;2757.91
10559;6619;Euribor;10Y;9;1302.701003078566
11976;2816;Libor;10Y;4;-3315.41
11875;4850;Euribor;10Y;8;7880.97
10393;6947;Sonia;3M;2;-9145.2698084726
13411;1245;Sonia;1M;1;2412.727275732329
12905;5000;Libor;25Y;3;6563.77
11632;7981;FedFunds;2Y;7;9096.920991469766
12363;6069;Estr;10Y;9;4064.416915346969
11594;6390;Euribor;30Y;5;396.38
11334;3032;FedFunds;1M;8;4152.27
12185;2385;Libor;1Y;7;2505.3
11886;9994;FedFunds;2Y;1;-2317.4603237031215
11656;2741;SOFR;6M;6;2677.9899543862552
10836;7992;FedFunds;20Y;4;-7941.81
12057;8730;FedFunds;10Y;4;-5181.9
12640;7834;SOFR;5Y;5;3645.773845407247
13332;9401;FedFunds;25Y;5;-4017.62
11946;4598;Euribor;3M;1;-1623.977795869976
10955;6594;Sonia;1M;4;5264.46
13380;6318;FedFunds;5Y;2;3050.09
10759;1670;FedFunds;20Y;2;4536.89
10363;1482;Sonia;10Y;1;3043.84
13457;6857;SOFR;1Y;3;7930.7817136764315
10656;2772;Euribor;15Y;8;1842.9537834114399
12518;7321;Sonia;30Y;2;-7225.158893269396
11112;5078;SOFR;6M;9;-3576.118905250891
12823;1605;SOFR;30Y;3;-4885.894440997596
12194;4446;SOFR;10Y;8;3832.3548251589145
12449;4871;Sonia;3M;3;5995.77
11741;7963;Sonia;20Y;5;4072.5
10446;1593;Sonia;30Y;4;10750.579593442142
11149;4840;Euribor;15Y;8;7124.955562646332
11675;8773;Estr;10Y;8;3429.715963445624
10995;9411;FedFunds;10Y;1;4248.577979888081
12272;9567;Sonia;10Y;8;7699.71
12492;2810;FedFunds;25Y;3;2657.59
10723;8352;Euribor;15Y;7;-5235.95422697753
11517;6920;FedFunds;15Y;9;1013.66
12765;2868;Libor;2Y;6;8287.16
12261;1997;Sonia;3M;1;-291.19623068542205
12741;8962;Estr;20Y;9;13328.53
13207;6642;Libor;1Y;3;-5059.72
10721;9933;Euribor;6M;1;682.846574743076
12232;2126;FedFunds;25Y;8;554.1154042270227
12856;1533;Sonia;15Y;8;3050.991983909838
11565;7902;SOFR;3M;2;-7724.39
12392;4767;Sonia;25Y;2;-10150.655874063996
11851;5853;Sonia;1M;2;-12004.13015953538
12691;9366;Estr;30Y;1;4256.872015011415
12840;9594;Estr;6M;9;2256.65
12412;1981;FedFunds;30Y;6;-9265.34
10432;2376;Estr;30Y;5;-4409.37
10133;5637;Sonia;25Y;5;2216.45
11703;6241;FedFunds;6M;4;-6670.725513467675
10525;8616;Euribor;1Y;4;-7038.89
11538;3261;Estr;3M;4;-10410.215186542868
12675;1357;Euribor;6M;2;208.54
12269;6399;Sonia;6M;2;1411.67
13460;9583;SOFR;5Y;4;-57.940070257111074
11493;8105;SOFR;1M;9;-10640.832951329521
10742;4005;Estr;1Y;4;-4987.053126835843
13257;7792;Euribor;20Y;8;1908.6617398439816
11016;7219;Libor;20Y;9;-6843.52
11932;4598;Euribor;30Y;9;-4623.86
10969;9982;Estr;6M;6;1762.52
11839;3970;Sonia;25Y;6;-14146.5
10010;8555;Estr;10Y;4;-6963.91611169247
12885;8383;SOFR;20Y;5;-3246.58
11409;8647;Sonia;25Y;2;-2290.41
10461;1162;SOFR;2Y;2;831.17
12683;7739;Euribor;10Y;5;3536.25
11041;4332;Estr;1M;9;1004.5
12749;4839;Sonia;25Y;3;-5418.22
10320;5555;Sonia;20Y;5;-5260.14
10984;1692;Libor;20Y;1;4402.27
12543;8595;Libor;2Y;3;4523.2631950027835
10697;2988;Estr;30Y;5;-4952.58
11363;2460;Libor;1Y;7;-4590.996235550968
13033;2238;Estr;25Y;6;-796.67
12149;9006;Euribor;1M;5;-2885.2583814453237
12808;5470;Libor;25Y;6;6605.249169046809
10258;8312;FedFunds;2Y;1;-1406.17
10446;1593;Estr;6M;4;-2368.940406557858
11034;6618;Sonia;3M;9;326.21535836989824
10830;4968;SOFR;10Y;5;-6128.3676717869785
13146;6830;SOFR;1M;5;-4102.53
13432;7097;FedFunds;10Y;6;7612.33
11971;4349;FedFunds;1M;2;-11269.740797210608
10840;6048;Libor;5Y;7;-868.9408431286665
12479;3261;Libor;2Y;5;556.3033075090893
10144;2276;Euribor;20Y;6;3225.99
12529;8959;SOFR;6M;4;-4019.55
12919;4809;FedFunds;1Y;7;-5356.63
11060;7221;Estr;6M;4;-11834.7
10517;5577;Estr;6M;2;566.8151288358658
10128;1249;Estr;25Y;3;1808.534530473826
11611;8522;Euribor;1Y;1;-3982.79
12117;4510;SOFR;1Y;6;-2702.6748557115375
12019;8432;SOFR;2Y;2;-2764.86
11193;3911;Sonia;5Y;2;9182.85
10589;6242;Sonia;1M;6;3588.439226691277
10845;7999;SOFR;6M;5;-1784.49
12619;6153;FedFunds;1Y;9;-4184.579240983203
11387;8910;Libor;3M;7;2130.038018948155
10547;7990;Estr;10Y;2;-3258.67
10346;8010;Libor;15Y;6;-5220.688265989871
12959;5533;SOFR;3M;2;-8640.62
11500;1604;Euribor;1Y;9;-1110.4551379982463
10755;1634;Sonia;5Y;7;2765.23
12359;9046;FedFunds;20Y;6;-292.5997096727451
10729;9468;Euribor;30Y;3;-4219.290706282773
13132;1842;SOFR;6M;5;6072.14
10472;5624;Sonia;5Y;6;-447.37
13272;4151;Libor;2Y;3;1007.995170522785
10949;1325;Estr;30Y;6;-11683.25
13336;6333;Libor;15Y;8;-7725.77
10609;6777;FedFunds;3M;4;7362.4724460335
12811;4597;SOFR;15Y;6;6868.15
12968;7100;FedFunds;25Y;5;-1577.492367389694
11292;1282;SOFR;1Y;7;7251.512173982253
13080;1159;Sonia;30Y;4;-5643.61
12152;3415;Euribor;1M;9;-5745.75
11526;9215;Sonia;10Y;1;5627.7243150230315
10380;7549;Sonia;3M;3;-132.74596665494158
10408;4493;Libor;15Y;5;1355.45
11348;4257;Euribor;5Y;4;-6029.758495440771
12960;4630;SOFR;30Y;1;-3416.44
13043;9566;Sonia;1Y;4;100.63738549027948
11403;9405;SOFR;3M;3;-7170.87
12859;2299;Estr;1M;4;-2738.22
10601;8818;Libor;2Y;3;61.4877142663172
10482;1007;SOFR;10Y;7;1970.2512184794232
13047;6091;Sonia;15Y;8;-1042.87
11779;4785;Euribor;5Y;9;4628.893748732161
11056;7738;Euribor;30Y;9;4520.9
12145;4842;Libor;2Y;7;-6911.0
13182;9423;Sonia;15Y;8;-3969.22
12683;7739;Estr;15Y;5;10045.6
12263;3745;FedFunds;30Y;3;2216.8891455158414
10624;4718;SOFR;25Y;7;7388.76
10280;8813;Euribor;15Y;2;-929.6520033681566
12578;4613;Libor;10Y;5;-10394.14
11165;9534;Libor;1Y;8;1532.1177773965824
12963;3155;FedFunds;10Y;4;5234.72
13136;1381;Sonia;6M;5;9933.18
12126;7656;Libor;1Y;6;13083.945308491904
10791;3505;Libor;15Y;6;-2297.68
12441;9967;SOFR;30Y;4;4897.79118326071
12813;1987;Libor;2Y;5;-7713.02
13264;5102;SOFR;5Y;4;-11909.62
11063;4829;Sonia;1Y;1;-10054.270929724777
11872;2291;Estr;3M;5;5590.74
13195;8257;Libor;6M;8;-2914.03
11940;4659;SOFR;2Y;8;5298.93
10478;1781;Estr;1M;5;-3943.93
13496;1867;SOFR;30Y;8;-1001.438578563469
11644;3648;Libor;3M;4;-3311.58
13346;1189;Sonia;1M;2;-3923.0028162034646
11729;2054;Libor;30Y;6;-6785.61444149006
11128;6427;FedFunds;15Y;6;1426.6849590861766
13301;2229;Libor;1Y;9;-2253.57
13345;9251;Sonia;15Y;1;-3983.63
12375;5599;Estr;3M;8;-654.9170141060586
13245;2253;FedFunds;1Y;5;947.9771218847834
12344;4833;Libor;3M;3;-1857.4027464886058
13094;1097;FedFunds;15Y;6;776.9984924145715
11328;2164;Estr;6M;6;8303.76
12214;1494;SOFR;3M;4;1661.2364082760932
11260;6676;Libor;6M;8;3439.083936647149
12595;1527;FedFunds;15Y;6;-5738.54
13087;8645;FedFunds;30Y;6;-11334.15
11023;2940;Estr;30Y;5;2950.1344512340597
10923;2907;SOFR;25Y;1;-10807.1
12925;1256;SOFR;20Y;7;-6420.619853581056
10313;6631;Libor;1Y;3;-13065.67
12984;4104;Euribor;20Y;3;-7135.88
11790;1565;Sonia;1Y;2;283.48886296310593
12782;2798;Estr;5Y;6;-284.64
10240;6085;Euribor;20Y;5;-2879.02
10412;3247;Estr;10Y;5;-652.5538893018834
13229;7160;Libor;10Y;1;1382.93
11795;1390;Estr;3M;9;2499.65
12976;6495;Sonia;10Y;2;-366.5282040606113
12746;6465;FedFunds;30Y;9;-3275.8953369442515
13450;4724;Sonia;10Y;2;5790.537968008685
12824;6852;Euribor;2Y;7;-9188.49
12268;6158;SOFR;5Y;8;6672.15408111905
10577;4935;SOFR;5Y;5;-5573.96
10610;3257;Estr;6M;3;-461.2902936120272
13273;8838;Libor;1M;6;944.54
11696;5019;Euribor;1Y;3;5728.075889794131
10253;2868;Estr;2Y;5;1192.21
10500;7659;FedFunds;25Y;7;3454.22
12706;1182;Estr;15Y;2;-3203.9335877449907
13017;9909;SOFR;20Y;2;6247.6
12115;6008;Sonia;10Y;2;8329.81
10987;8928;Libor;15Y;1;2946.482356990041
11914;2265;Sonia;5Y;3;-1448.4366984319158
12844;8894;Estr;15Y;6;1394.87
12424;4090;Estr;2Y;3;419.0640786084682
10016;1064;Euribor;10Y;7;-2342.1332887707695
11068;2391;Estr;30Y;9;3662.5845572324847
10300;4041;Estr;30Y;6;-2587.511042558056
10082;5611;SOFR;10Y;6;-7908.97
12110;1881;SOFR;20Y;1;3054.4857545606437
11552;9111;Estr;20Y;5;7726.72
11101;5703;Estr;10Y;8;-6620.57
12931;3339;Libor;20Y;3;11039.628764322908
12432;8857;Euribor;2Y;7;2272.6067410876485
13266;8466;Sonia;25Y;5;6352.78421893927
10684;7426;Euribor;2Y;7;-4888.15
13220;9142;Libor;5Y;3;1735.1480073780183
10425;8128;Sonia;15Y;6;-4363.45
10043;1262;Euribor;6M;8;-624.9481761847337
10170;3898;Libor;30Y;4;-3481.43
12939;2542;Estr;1M;1;4885.28227988809
10159;5289;FedFunds;20Y;1;7920.07
11175;1654;Libor;6M;5;1221.1472592559103
11300;7683;Sonia;3M;7;-4343.494858150033
12662;5854;Estr;1M;2;-7220.48
12392;4767;FedFunds;3M;9;-9215.175874063996
12228;3808;SOFR;2Y;2;1568.7293378054414
12806;1800;FedFunds;15Y;6;1286.01
12322;5682;SOFR;30Y;2;3168.42
12675;1357;Libor;15Y;3;4982.96
12051;3366;Estr;20Y;2;-2394.016073001828
10997;2353;Estr;1Y;2;-2380.45
11759;7435;Euribor;1Y;1;-5694.98
12874;2468;Sonia;2Y;3;-489.31
12092;5916;FedFunds;2Y;2;5886.96
12628;5878;Sonia;15Y;2;-10247.44685123359
10834;4357;SOFR;1Y;7;-6154.49
10190;6031;Libor;20Y;4;5293.97
12481;1388;Euribor;1Y;4;3462.0489075135424
13015;1477;Libor;20Y;1;901.5814456697553
11363;2460;Estr;20Y;3;556.093764449032
11165;9534;Estr;25Y;6;-5154.652222603418
11491;1028;FedFunds;6M;8;-2355.19
10221;3074;Estr;3M;8;-5173.54
11204;9605;FedFunds;5Y;6;-9576.82403253607
11666;8600;Estr;25Y;3;-833.97
13168;7191;Euribor;1Y;2;7126.72
12700;6642;Euribor;10Y;4;-440.8311154654202
10038;7287;SOFR;1Y;8;-687.1204432388422
10604;9662;FedFunds;5Y;5;-5513.1
12142;8686;SOFR;20Y;2;-3003.395159106405
12004;1814;Libor;5Y;2;2425.55
12139;3567;Euribor;2Y;3;-1531.2021011495679
12862;3482;Euribor;15Y;9;-317.44335744690216
10700;2518;SOFR;25Y;7;-2508.9844320022294
13310;7615;SOFR;15Y;1;-5052.884448711739
13467;7974;Euribor;6M;2;-5233.13
13327;4326;FedFunds;2Y;5;7058.86
11365;4071;Sonia;1Y;7;2418.21244874158
11384;9624;FedFunds;25Y;7;6999.23
10429;9789;Sonia;6M;3;-9336.653314583196
11997;6633;Sonia;15Y;9;3380.857892320022
10867;8616;Libor;3M;8;-3288.0
11599;6221;FedFunds;6M;3;8868.4
13331;6353;SOFR;6M;7;926.5158044851073
12177;4325;Sonia;20Y;1;-2108.0897278017596
11442;2325;Sonia;6M;5;-5474.401863825808
10254;8827;FedFunds;1M;6;-7930.24663593867
12694;7651;SOFR;2Y;1;-8099.63
10301;7082;SOFR;6M;5;-4666.0
12270;7837;Euribor;6M;4;-6725.556372473804
13198;3773;SOFR;1Y;7;-62.84958785281469
12233;8276;FedFunds;5Y;5;-4517.52
12968;7100;SOFR;20Y;6;2574.767632610306
13002;4811;SOFR;15Y;5;-1051.96
13190;3040;SOFR;25Y;5;13155.95
10839;4871;SOFR;6M;2;-204.73287924244187
13460;9583;Estr;20Y;7;12650.159929742887
10051;7015;Estr;1Y;6;-5295.073002882099
10673;7579;Sonia;1Y;4;445.8489007747594
12552;1753;Euribor;6M;5;4607.693302658956
11303;6073;Libor;1M;2;-1913.54
12024;5666;FedFunds;3M;7;3068.23
11215;1693;SOFR;1M;2;-4687.59
12364;1885;Estr;5Y;5;-365.07
13494;2225;FedFunds;2Y;4;-5335.98
12903;5323;Euribor;15Y;5;-7590.304398594921
11300;7683;Euribor;20Y;9;1382.1451418499669
11967;2793;Euribor;15Y;1;-679.5111111999881
12113;8257;Libor;30Y;8;10847.33
10595;7555;Sonia;20Y;2;1256.144505347469
11001;9022;Euribor;25Y;8;-9856.59
13223;3045;FedFunds;5Y;3;-10129.490617892621
10964;1375;Libor;30Y;6;720.74
13420;2602;Libor;20Y;1;-2697.44
12499;7373;FedFunds;10Y;9;2063.9175196346523
12192;4132;Estr;1Y;3;5626.125456496642
10512;9259;Estr;10Y;8;-10388.35896300194
10854;8678;SOFR;30Y;9;-3647.394910958201
11163;8072;SOFR;2Y;4;-8969.128009732587
11958;9705;Estr;25Y;4;-4097.452448797928
12081;7060;Libor;1Y;5;5778.3619618928
12408;7457;Sonia;1Y;8;1030.9376331823576
12917;9814;Sonia;1M;6;-1377.26
11570;3070;Sonia;3M;2;-4846.82
11238;6470;FedFunds;3M;7;6952.581568070496
13332;9401;FedFunds;5Y;9;2505.2
11870;8096;FedFunds;20Y;7;-3406.114950173413
10539;6889;Sonia;6M;7;966.9016136233113
10636;8557;Sonia;1M;9;-1813.29
10643;9436;Sonia;5Y;7;5004.06
12797;9313;FedFunds;2Y;3;-4242.88
13334;7270;FedFunds;6M;3;-2627.28
10008;3612;FedFunds;5Y;7;7518.02
11782;1768;Euribor;20Y;5;-2854.2818494748253
11323;7713;Sonia;30Y;1;4769.868704588912
11682;5242;Libor;6M;2;3521.5754883934646
12357;7489;Estr;5Y;3;-2360.63
12805;1064;FedFunds;10Y;2;-3711.0757944799802
12652;6543;Libor;5Y;2;8388.3
12649;2436;Sonia;25Y;5;-4104.38
10788;8845;FedFunds;5Y;5;-226.35
11107;9997;Estr;6M;8;-4016.374935478175
11826;3515;Estr;5Y;8;9168.96
11425;2030;Libor;30Y;7;2449.52
13240;3419;SOFR;3M;7;-4335.245817789113
12247;6759;Sonia;2Y;2;-537.5217797271907
10476;3324;Libor;2Y;4;-7561.73
13177;6127;Sonia;6M;1;2615.9921891925915
10415;9599;Libor;10Y;7;4054.6780540263394
10848;7320;Sonia;1Y;7;4283.75
11041;4332;Euribor;15Y;2;2126.75
13360;7549;FedFunds;15Y;3;-2378.09
12883;6122;FedFunds;25Y;4;-1051.8326117035706
12563;1429;SOFR;25Y;5;4866.12
11820;2883;SOFR;6M;3;-2502.264718969046
11924;4807;Estr;2Y;5;-5693.640439382001
10220;8141;Euribor;3M;2;-522.46
11488;9226;Euribor;25Y;7;-4034.8987400084034
10782;9305;SOFR;15Y;6;-8535.884345741779
10289;9782;Libor;5Y;4;1293.4983926764921
12183;9871;Euribor;1M;7;-5700.66
10078;6188;FedFunds;6M;3;2966.92
12620;8532;SOFR;1Y;6;-7433.2739139978785
12432;8857;SOFR;30Y;3;8076.136741087648
13028;6253;SOFR;1Y;4;6527.012648454547
10591;3555;Libor;1Y;2;1859.51
11523;5864;Euribor;5Y;4;4305.6162527050055
12443;9806;Libor;30Y;7;-4052.29
13230;1293;Sonia;2Y;2;124.24662601417549
12405;6413;FedFunds;1Y;3;-10466.87
12256;7834;Sonia;3M;5;-5840.35
11802;8171;FedFunds;25Y;3;-2821.25
11267;4535;Euribor;20Y;3;7023.36098629462
13352;4062;SOFR;5Y;2;-10229.449485678164
10845;7999;Libor;3M;7;-1557.96
10956;1242;Euribor;1Y;5;-6412.83
11470;3803;Estr;10Y;2;-2979.6249371761164
12844;8894;Euribor;3M;8;-6170.75
13389;4419;Euribor;10Y;8;-4101.02
12327;6620;Estr;1M;2;-1170.174254275783
12125;1528;Libor;5Y;5;2916.17
10253;2868;Euribor;30Y;1;-13552.51
10711;5138;FedFunds;30Y;2;-351.48
12503;8874;Euribor;2Y;7;-10262.35
12942;2561;FedFunds;2Y;7;-2424.14
11501;8320;Sonia;1Y;3;267.82
10125;5809;FedFunds;10Y;5;4807.685868086923
10654;3161;Euribor;5Y;8;-4844.3
12274;8066;Libor;2Y;9;-4732.89
10017;3695;SOFR;30Y;9;8829.73686885865
11624;5299;Libor;1Y;5;-294.2961284237608
12913;2345;Libor;3M;1;-2820.998552750829
11148;7665;Libor;10Y;7;-7697.86
10079;7617;Euribor;6M;1;-284.73
12909;3416;Estr;25Y;4;-4843.51
12524;7106;SOFR;20Y;8;3386.23
11276;5305;FedFunds;25Y;9;-1729.37
13293;4651;Estr;1Y;9;-7028.07
11955;1092;Estr;1Y;1;524.69
12415;2655;Euribor;30Y;9;-5392.06
11527;1421;FedFunds;15Y;6;9774.87
12849;4603;Libor;30Y;4;9676.953807801632
10059;7102;Estr;20Y;4;6842.024710590987
11045;5471;SOFR;20Y;2;-4169.728471767381
12004;1814;SOFR;10Y;1;-4849.28
11485;3870;SOFR;15Y;1;-5743.644415113909
10629;7683;Libor;10Y;7;-13823.86
11357;3076;SOFR;2Y;1;1907.75
10346;8010;SOFR;25Y;6;11606.151734010129
10261;2218;Sonia;1Y;3;-260.99
11868;9245;Sonia;2Y;9;4832.420119780303
13272;4151;Estr;15Y;4;-13086.924829477215
12021;5889;SOFR;1M;8;1327.3
12846;8054;Euribor;15Y;8;-5448.89
13319;4560;Sonia;15Y;2;915.2360793856024
12371;8381;SOFR;1M;5;-2190.0186809121074
10461;1162;Estr;2Y;7;-583.34
12312;6349;Sonia;1Y;2;3247.59
10504;5596;Libor;2Y;3;6191.49
11458;2014;Euribor;15Y;2;-8427.77
12815;8263;FedFunds;15Y;6;-4466.874174877432
10401;7140;Estr;5Y;9;-5788.06
12514;6855;Libor;10Y;9;11682.57
13287;7045;Estr;20Y;2;-4345.59
13001;5601;Sonia;2Y;4;-6638.467575043323
11680;2509;Euribor;30Y;2;-3304.6121158704977
13373;8290;Euribor;30Y;4;-3358.9
10008;3612;Libor;2Y;1;-9611.83
11979;6660;SOFR;1Y;3;170.14
11603;7265;Sonia;6M;8;-14424.11
12574;5340;Euribor;25Y;9;2366.75
11404;5938;SOFR;10Y;9;5834.8
13107;2586;Libor;15Y;2;-5797.5754608305215
11922;7635;FedFunds;25Y;5;-7358.48
11076;8440;SOFR;6M;7;-827.7316022208506
10178;2865;Libor;25Y;9;965.9612067815706
10473;2537;SOFR;20Y;5;-1580.45
11435;1235;Libor;20Y;5;-2171.8785836048755
10560;3352;Sonia;30Y;9;-1992.2710405728733
11011;2141;Euribor;3M;5;6598.58
11946;4598;Sonia;20Y;1;2905.94
13172;8802;Sonia;25Y;3;-8743.266805970927
13321;8679;Libor;5Y;8;143.33
13262;1837;Sonia;20Y;2;4256.49
10989;2184;Sonia;10Y;9;-8870.518621430936
13088;5166;SOFR;1Y;3;-253.54
11707;2446;SOFR;1Y;8;-2023.9473663546332
10560;3352;SOFR;15Y;4;1309.4789594271265
11551;7331;Euribor;30Y;9;-1698.968442642612
10393;6947;Libor;15Y;3;301.50019152740066
11401;6085;Sonia;3M;7;8310.69
12630;4411;SOFR;1Y;8;-9281.03
11509;5798;FedFunds;6M;4;2933.92
11574;1329;Sonia;2Y;9;1711.43
11434;5808;Sonia;5Y;8;6078.99
10640;3743;Sonia;1Y;6;5387.62
11183;3665;Sonia;3M;9;-6296.921277317255
11957;7875;FedFunds;20Y;8;-4033.6200044466786
11295;4670;Libor;5Y;5;4947.79
11220;6616;Euribor;20Y;9;3271.286323435965
12902;9491;Libor;15Y;8;-7519.922397634377
11484;5784;Euribor;1Y;4;-1028.82
10924;6983;SOFR;3M;6;152.07373820898556
11796;4131;Sonia;25Y;5;10374.48
11408;6330;FedFunds;15Y;6;-6483.63551600707
11898;7333;SOFR;25Y;5;-6006.21
10806;9775;Euribor;30Y;5;2694.7772998987425
11917;6311;Sonia;1M;8;2604.97
11348;4257;Sonia;10Y;7;7252.551504559229
12227;5050;Sonia;1Y;8;5235.9
12478;5001;Euribor;25Y;7;-1357.3781581910903
13223;3045;Euribor;6M;8;6038.019382107379
10156;4735;Sonia;2Y;4;-5649.781168264457
12635;3882;FedFunds;5Y;2;10203.9
13236;2817;FedFunds;5Y;8;5189.8
11601;5890;Libor;1M;1;9906.53
13439;8274;FedFunds;3M;6;-4202.24
13111;7315;Euribor;1Y;7;-137.14255172773392
10350;7570;FedFunds;20Y;8;4787.106379214304
11079;7852;Euribor;5Y;7;9206.4
11464;5976;FedFunds;10Y;7;899.99
11563;7772;Euribor;3M;4;-120.39
11315;8823;SOFR;10Y;7;12360.845490798001
11044;2140;Libor;5Y;3;7173.45
11576;9641;Euribor;15Y;7;4873.22
10968;9557;FedFunds;10Y;3;-2194.3272341708225
13124;2025;Estr;10Y;1;3664.33
11307;3083;SOFR;15Y;8;-7576.315666258857
10280;8813;Euribor;1M;4;4065.0379966318433
13167;2567;SOFR;20Y;1;-2246.6
10701;4554;SOFR;2Y;2;599.2513106801216
12249;8053;Sonia;10Y;6;3757.65
10262;1954;Sonia;10Y;9;-7274.61
12734;4746;Euribor;25Y;3;-1144.11
13389;4419;FedFunds;6M;1;2061.76
12483;9865;Euribor;10Y;1;5144.05
12513;5722;Euribor;10Y;3;-5947.81
11050;4084;SOFR;2Y;9;7547.72
12164;4536;Libor;3M;9;-1529.5531840985716
11142;2797;SOFR;15Y;8;-5855.004300936777
12258;5506;Euribor;5Y;2;4768.52
11280;8397;Libor;20Y;1;6069.79
10897;3806;SOFR;1Y;7;6387.66
13327;4326;Euribor;2Y;3;-460.56
12310;9645;Euribor;6M;2;3453.9116021826762
11358;2196;SOFR;30Y;2;-6399.72
11989;5969;SOFR;3M;7;657.74
11872;2291;Estr;30Y;5;12279.6
12409;2781;Libor;30Y;7;-11490.161639816997
12473;3835;Sonia;1M;5;1258.34
12662;5854;SOFR;20Y;6;1333.95
10065;3368;Libor;6M;6;-2806.48
11662;9831;Euribor;3M;2;-7219.94
12397;3303;Estr;3M;2;-7834.77
10830;4968;FedFunds;30Y;4;5663.632328213021
11400;6021;Libor;15Y;5;-3085.64
11154;6645;Euribor;3M;7;1535.7242592563196
12353;9702;SOFR;6M;8;-4858.03
10712;9560;Euribor;6M;1;1023.21
12954;8513;Sonia;1Y;4;2954.03
12698;4247;Sonia;6M;8;8245.1
11646;9741;SOFR;30Y;5;1905.5240347339495
11817;5253;FedFunds;30Y;6;4156.95
10425;8128;Sonia;30Y;4;8284.27
13267;4756;Estr;1Y;4;3035.52
10911;3843;Euribor;30Y;1;-1580.41
11248;8160;Estr;20Y;8;6714.79
12366;7221;FedFunds;5Y;4;566.7001565311832
12439;2107;SOFR;1Y;3;4258.98
13188;6846;Euribor;1M;3;-13016.46
10683;8032;Libor;1M;9;6382.32
12017;2919;SOFR;20Y;4;-430.46642784063806
13195;8257;Estr;1Y;1;-978.97
11360;3024;FedFunds;20Y;3;-10019.48
13045;2335;Libor;5Y;2;2582.789482092311
13066;3473;FedFunds;20Y;7;5928.69
13207;6642;SOFR;1M;2;-270.48
10439;8544;Estr;10Y;8;-1112.590449906566
10866;2260;Estr;10Y;2;497.0177375903977
13039;6578;FedFunds;5Y;9;-996.5387837141466
10167;2908;FedFunds;15Y;6;-6438.61
11640;9978;Sonia;6M;6;-384.64
12357;7489;Sonia;5Y;1;6812.27
11574;1329;Estr;20Y;4;8123.78
12809;8177;Euribor;30Y;1;-5709.738632150566
10354;8311;Estr;2Y;4;4184.270174141035
10946;3253;Sonia;15Y;2;7971.88
12447;4560;SOFR;1M;2;5032.16
13332;9401;Euribor;25Y;7;-1520.12
11338;5868;Estr;5Y;1;12488.78
10846;2874;Sonia;10Y;7;8835.64
11619;2695;Libor;5Y;7;-4024.95
11592;8413;Estr;15Y;2;3925.7758638683445
10793;5749;Estr;5Y;4;-1934.08
11507;7256;Estr;3M;7;-12424.2
10381;3785;FedFunds;1Y;4;5962.116237376011
10775;3875;Euribor;25Y;4;5848.03
12709;6785;SOFR;1Y;5;-5797.64
12358;3525;Libor;20Y;3;790.44
11781;2709;Estr;20Y;9;-4297.898663936956
12134;2152;SOFR;1Y;8;-589.0418118938071
12978;5364;Libor;3M;7;4949.948462842933
11388;8799;Estr;15Y;3;-2730.23
12859;2299;Euribor;30Y;6;4622.06
11711;4041;FedFunds;6M;1;-6585.209430495195
10449;7256;Estr;30Y;7;-7078.77
10717;2993;Sonia;3M;7;3152.16
12718;3995;Euribor;3M;6;8696.183410853717
10332;7294;Sonia;25Y;3;-1664.9649404631075
11708;5175;SOFR;10Y;7;6990.09
12756;5301;Euribor;3M;8;-4322.908725584057
12618;4475;Euribor;6M;6;9131.397640826865
12018;5349;Estr;1M;3;-9072.26
11722;1415;SOFR;1Y;2;2099.28
11279;1969;Euribor;3M;7;-3114.4559591377074
10443;2080;SOFR;6M;2;1241.87
11131;7031;Libor;1M;6;5616.21
10500;7659;Estr;10Y;3;4002.88
10885;9378;SOFR;1Y;9;-3665.5092787062567
12583;8399;Sonia;2Y;7;3891.21
12964;8607;Estr;20Y;6;6882.44
11399;9328;Estr;2Y;6;-10185.57
11213;1261;Sonia;25Y;6;7522.21
12679;2932;Sonia;30Y;9;-3148.47
10995;9411;SOFR;25Y;4;1686.6679798880814
10468;2938;Euribor;2Y;1;-10197.46
12623;5830;Libor;30Y;9;-4004.284458687411
10659;8812;Libor;2Y;7;2135.79394121688
12136;1944;SOFR;5Y;8;-2390.69
12495;4596;SOFR;20Y;4;1753.9741858904804
10622;5063;Sonia;10Y;1;-2035.9025662836611
11627;6873;Libor;6M;3;-5598.632718958545
13166;8288;Estr;30Y;6;6124.59
12617;5312;FedFunds;6M;4;-8342.91
10798;6866;Euribor;10Y;3;3526.38202537663
13425;3407;Estr;2Y;3;783.3695816188548
11053;3263;Sonia;15Y;4;4093.587253626441
11214;5222;Sonia;20Y;1;777.6
11769;6955;Libor;2Y;6;4422.17
12281;5124;Estr;2Y;7;-6141.301699821706
12005;3356;Euribor;2Y;2;-4954.45
12790;3076;Sonia;25Y;6;341.9826011935884
12309;8034;Euribor;1M;5;-1916.3452290954096
13222;5779;Libor;5Y;1;3640.64
10299;8833;Euribor;1Y;4;3080.1168905320874
12797;9313;Libor;30Y;1;-3442.82
12325;4032;Libor;15Y;4;3276.39
10063;6596;Libor;1Y;3;7752.49
12041;3913;Estr;15Y;8;-1632.860196023666
10527;2325;Estr;25Y;3;2694.262583702175
11708;5175;Libor;1Y;6;4446.48
11575;3317;FedFunds;10Y;7;968.8586458684626
12641;5150;SOFR;25Y;8;-5082.25
12796;7658;FedFunds;3M;9;1186.07
11893;4718;Euribor;20Y;4;-417.315829799727
12418;8150;Libor;10Y;3;-3171.1174408155607
12595;1527;Estr;1M;4;8044.038638185702
12145;4842;Libor;6M;2;7639.54
11972;2417;Estr;6M;5;-5539.350668740296
12023;1510;Sonia;3M;5;81.2551943081155
12042;6289;SOFR;1M;5;-6034.235815709989
11568;8581;Libor;15Y;4;5799.44
12698;4247;Euribor;10Y;8;4977.91
10878;5485;Libor;5Y;5;9004.14893542122
12326;4299;SOFR;30Y;9;-6395.441302310648
11360;3024;Estr;5Y;4;4335.6
13489;3126;Euribor;1M;2;4448.48
12731;4865;Estr;2Y;9;9872.82
12895;4934;FedFunds;20Y;2;1601.1955399177064
12346;5723;Euribor;30Y;9;-4052.0687636586463
12078;7758;Estr;15Y;4;-1907.1071736589586
10255;1824;Sonia;1Y;2;406.20027008093587
10459;1685;Sonia;2Y;8;-1055.28
12983;9080;Sonia;25Y;3;165.23
11933;5310;Estr;25Y;7;-577.9
12964;8607;Libor;30Y;4;-5354.19
13101;8347;Sonia;1Y;8;-8839.18
10252;5805;Euribor;20Y;4;-3147.22
10322;6897;Libor;10Y;9;-7372.840707043066
13422;8641;Libor;15Y;3;2480.71
11847;6024;Euribor;25Y;9;-5179.22
12824;6852;Sonia;6M;4;2275.54
11334;3032;Euribor;20Y;5;3036.92
13447;6607;Estr;1M;5;-9316.038472322776
11998;9823;Euribor;15Y;5;2056.93
12788;3614;SOFR;5Y;2;10148.174149646564
13216;5373;Libor;1M;9;4446.99
12590;6200;Sonia;30Y;9;-2766.56
12380;3978;Estr;15Y;4;-8634.844257999193
12766;6238;SOFR;2Y;5;4514.29
13098;9233;SOFR;20Y;9;4891.71
10844;1191;Euribor;25Y;6;4011.40303016282
12142;8686;SOFR;10Y;6;8406.234840893594
10700;2518;SOFR;20Y;4;-2994.584432002229
10845;7999;SOFR;3M;1;-11125.3
12203;5589;Sonia;5Y;8;2501.2599686174744
10150;5632;Estr;1M;6;2504.204730574127
13183;5865;Euribor;1M;4;3966.65
11152;4518;Sonia;1M;1;2957.45
13096;5518;Sonia;20Y;4;-9766.95
12411;1800;Euribor;2Y;4;4296.76
10199;3482;Estr;1Y;6;5456.975479359747
11896;1036;FedFunds;1Y;6;962.1212305407334
11119;3415;Estr;30Y;2;1032.71
11276;5305;SOFR;10Y;3;-404.97
12300;8332;SOFR;5Y;7;3620.633097229535
13125;1471;Euribor;10Y;7;-4183.959839919884
12243;8041;FedFunds;6M;7;1799.361721428826
12943;9066;FedFunds;3M;7;16411.645115490715
13258;8660;FedFunds;1Y;4;-3961.57
10550;3606;Sonia;5Y;5;-7618.51
10050;9352;Estr;5Y;7;-1091.5067340482474
10265;1317;Estr;1M;1;-5361.465477938255
10356;8052;Sonia;1Y;6;-751.0476348741377
11032;3476;FedFunds;15Y;4;5804.4520413704395
11316;6131;Estr;30Y;3;925.7
11523;5864;Sonia;2Y;8;-7399.163747294995
10508;6075;Libor;20Y;4;4991.3
10145;9717;FedFunds;2Y;9;-4139.9
11963;6790;Euribor;3M;7;4825.09
13460;9583;Estr;30Y;9;-8850.010070257113
11045;5471;Euribor;2Y;2;-4813.1184717673805
11873;3939;FedFunds;15Y;1;11794.539166941824
12917;9814;Euribor;5Y;1;2830.82
11799;1731;FedFunds;3M;5;2249.706391668805
13124;2025;Euribor;25Y;4;-8766.08
12069;9400;Sonia;2Y;9;5223.1
12386;4022;Euribor;6M;5;3990.58
12814;1098;FedFunds;2Y;5;7824.11014950407
10587;9605;SOFR;20Y;4;6223.6239386142315
11598;6295;Libor;20Y;2;2163.27716659344
11011;2141;Estr;1Y;3;-13757.78
12515;8813;Estr;15Y;1;7762.33
10055;5642;Libor;1Y;9;-4104.39
13150;3134;Estr;6M;6;-4084.8282041919374
10305;8179;Libor;2Y;8;193.69
12435;3765;SOFR;6M;9;-731.0953983974932
10765;3891;Estr;1Y;7;-708.79
10247;9436;Euribor;5Y;4;-293.84
11835;7172;Libor;5Y;7;-2374.161886623211
13318;9896;Estr;25Y;9;5493.32
10066;6919;Euribor;6M;5;-3820.53
12544;9046;Estr;30Y;4;-218.65789864742874
10493;3504;Libor;1Y;7;-12802.44
11056;7738;Libor;5Y;8;13365.99
12481;1388;Euribor;3M;9;-174.52
11915;3470;Estr;6M;7;-11379.735736443236
11006;4917;SOFR;5Y;3;4644.14
11617;1909;FedFunds;5Y;8;-1754.16
11673;3421;Estr;1Y;1;5034.5
11536;7382;Estr;20Y;1;-871.61
11107;9997;Libor;25Y;1;6766.5950645218245
13206;7121;FedFunds;15Y;3;5977.18338775895
11887;6539;FedFunds;5Y;8;-7082.61
10772;4046;SOFR;20Y;7;-486.4160241166546
11741;7963;FedFunds;5Y;4;-5359.862069146724
11833;3550;FedFunds;3M;1;-5386.05
12031;9839;SOFR;10Y;1;-4075.5175366998687
13011;3064;FedFunds;25Y;7;-5791.61
13428;3646;Euribor;6M;5;-1439.9
11124;8950;Libor;30Y;2;5368.53
13199;2865;Estr;5Y;3;5032.553358381832
10063;6596;Estr;5Y;6;3823.14
13135;2648;SOFR;30Y;6;-678.2080783709935
12692;7506;SOFR;25Y;4;-1159.4
13470;2169;Libor;3M;8;-1819.93
11886;9994;Estr;25Y;1;4758.239676296878
11321;1719;SOFR;15Y;7;4978.193666484942
11818;2793;Estr;5Y;7;4329.458288145475
11415;8450;Libor;30Y;6;7103.31
11744;7182;Sonia;1Y;4;-211.50920580314533
13379;6171;SOFR;1M;8;8040.67
13279;3498;SOFR;1Y;6;-218.66
11808;9107;Estr;20Y;6;-11802.06
13400;5027;Estr;25Y;3;-2640.683843025029
10206;9519;SOFR;3M;2;-816.02
12914;3282;Estr;30Y;7;4374.8
10513;4198;Libor;3M;4;7206.88
13033;2238;Euribor;25Y;5;6814.45
11497;4808;Euribor;2Y;9;-1136.64
12984;4104;Libor;2Y;5;5582.86
11621;3825;FedFunds;1M;2;-215.3242407617654
11306;9867;SOFR;3M;6;-1899.05
10580;4906;FedFunds;6M;1;-2841.04
11628;7475;Euribor;3M;4;-898.93
11721;8188;Libor;3M;3;-6390.2
12044;3160;Estr;15Y;9;-10084.96
13283;2877;SOFR;1M;4;-601.1520330756603
10215;3679;Estr;5Y;1;-431.04
10980;6402;Estr;10Y;5;2104.9039139472934
12184;4126;Sonia;3M;2;5369.43
11727;1632;Libor;1Y;2;-484.4300619906453
11832;5867;Libor;25Y;9;445.81101463736877
11927;6044;Libor;6M;2;10982.55
10247;9436;SOFR;20Y;6;8661.1
11358;2196;Estr;1Y;7;-769.94
11898;7333;Estr;5Y;5;-4198.08
10214;8083;Estr;10Y;9;-1720.8742650185877
10409;1016;FedFunds;15Y;4;-8423.792535305405
13112;3728;Euribor;30Y;4;9766.364356660233
12633;3773;Libor;2Y;9;-7587.04
10205;4462;SOFR;20Y;9;6754.782683172207
12134;2152;Libor;25Y;2;-4898.511811893807
10001;6734;FedFunds;1Y;7;-10452.918252133895
11832;5867;Euribor;1M;7;-4376.808985362632
10923;2907;Sonia;1Y;4;100.11
12639;8699;Sonia;10Y;9;-2835.76
10453;6624;Libor;30Y;2;-7225.4
12534;6964;Euribor;30Y;3;-10096.1
12817;5911;FedFunds;15Y;6;849.6
11248;8160;SOFR;2Y;6;-4238.0
10236;6387;Sonia;6M;5;-2624.5897047785147
12775;7609;Sonia;20Y;8;1248.1544830289017
12525;6308;Euribor;1M;9;2583.55
13474;1360;Estr;15Y;3;7055.836294905772
10975;2192;Estr;1Y;4;1932.56
11471;1581;FedFunds;10Y;2;9729.66
11351;7376;FedFunds;3M;9;-7368.72
10909;5670;FedFunds;2Y;5;2724.2896561516436
10494;5079;SOFR;20Y;7;5365.751138136067
13087;8645;Sonia;5Y;5;-7856.11
10017;3695;FedFunds;15Y;3;3092.74686885865
10315;3958;SOFR;1M;4;1386.085025210783
12715;7175;Sonia;10Y;4;360.92330051779936
12279;1912;Libor;10Y;5;-3913.900288527108
12649;2436;Euribor;15Y;5;6408.79
12345;5537;Libor;20Y;2;-7035.76
10425;8128;Libor;20Y;9;2535.82
12616;8803;Euribor;25Y;3;288.8291707995977
12391;9722;FedFunds;1Y;7;1508.58
10213;1804;Euribor;2Y;2;-223.74
13313;3914;SOFR;25Y;5;-7605.770493897339
12851;1608;Euribor;25Y;9;9653.228900531869
12460;2990;Sonia;1M;4;-7226.27259184791
11266;8525;Sonia;10Y;5;-7442.59
10877;8984;FedFunds;1M;4;-571.857573628562
13107;2586;Estr;20Y;6;-2543.125460830521
12416;3567;SOFR;6M;6;-7870.862976377252
10744;7901;FedFunds;1Y;6;-9523.92
13247;6862;Euribor;10Y;4;2192.08
11510;4412;Estr;2Y;1;6132.30681499261
11463;6501;SOFR;3M;9;-2948.4313490937266
12805;1064;Estr;1Y;5;-246.41579447998038
12392;4767;Sonia;1M;7;4180.51
10272;9780;SOFR;2Y;4;2476.41
12187;9140;Sonia;1Y;9;-13461.72
13154;6392;FedFunds;2Y;8;-2659.65
11403;9405;SOFR;5Y;1;12868.79
12297;6025;SOFR;15Y;9;11789.21
11269;1564;Euribor;3M;1;3406.3463011837835
12841;2149;SOFR;2Y;9;-1058.0271333744508
12832;7369;Estr;3M;8;-3734.44
13490;3832;Euribor;5Y;3;-398.76405591039656
10041;2959;SOFR;10Y;9;1509.14
11460;7982;SOFR;2Y;1;1970.8
12570;5402;FedFunds;30Y;6;-746.37
12139;3567;Libor;25Y;5;-5032.432101149568
12208;9212;Sonia;2Y;7;867.1565535054342
13355;5041;Sonia;6M;9;-1821.1
10296;7731;Euribor;5Y;8;-6444.32
11560;4201;Libor;2Y;6;-4013.159501246503
10739;9306;SOFR;10Y;1;-5443.732594215108
10303;9442;Euribor;5Y;9;-4361.61
11316;6131;FedFunds;3M;6;-3628.04
10806;9775;SOFR;1Y;8;962.5672998987428
10925;4178;Estr;3M;2;-7667.254594100953
12321;6838;SOFR;15Y;6;-2835.125393794564
11015;5658;Sonia;5Y;1;-5008.814324575919
10399;2382;FedFunds;15Y;9;-1465.322014900075
10265;1317;Euribor;10Y;9;3266.7945220617453
11563;7772;Sonia;3M;9;-4844.83
13480;6331;Sonia;2Y;9;-2802.80851839145
12518;7321;Libor;3M;3;5972.9011067306055
13129;2892;Estr;1Y;5;407.2443705704843
13106;9127;SOFR;25Y;8;-134.85221451273537
10786;6741;FedFunds;1M;9;122.41
11165;9534;FedFunds;25Y;1;-154.84222260341767
12100;4469;Sonia;2Y;3;-2754.8915272638333
10001;6734;FedFunds;3M;4;4930.861747866105
10518;7581;FedFunds;15Y;2;-960.1846502973176
11923;1726;Euribor;25Y;8;2140.04
12801;7581;Estr;1M;9;-6522.96
10270;3808;Libor;1Y;1;-5186.06
10317;5648;Libor;10Y;8;6498.22
13451;8280;FedFunds;20Y;1;-5468.289317095543
12776;6783;Libor;20Y;1;10974.383083602885
10507;8789;SOFR;10Y;4;4856.56
13468;7382;FedFunds;3M;8;-3810.2915409751477
11283;1437;Estr;1Y;4;2316.6344926798774
10428;8165;SOFR;6M;2;266.1193340241225
13007;5675;FedFunds;15Y;7;2428.5372231460137
11320;4932;Libor;6M;7;-685.6669474271521
11560;4201;SOFR;20Y;5;4268.580498753497
11845;4044;FedFunds;6M;3;-7021.12
11295;4670;Libor;10Y;6;1436.85
12893;2300;SOFR;5Y;5;-7799.64
12177;4325;FedFunds;3M;3;1002.020272198241
11333;3073;Estr;6M;5;-1768.39
11048;1178;Estr;2Y;1;-3315.89
10649;5444;Estr;20Y;1;3964.6
11201;6755;FedFunds;1M;4;3026.23
11152;4518;FedFunds;1M;3;-2543.28
11724;4816;SOFR;2Y;9;6002.434386602285
13352;4062;SOFR;25Y;4;3382.5605143218354
10280;8813;Libor;1M;4;-5851.342003368156
11085;1228;Estr;30Y;4;-4023.7288566036136
10638;1492;Libor;2Y;6;-7282.66
13040;4066;Euribor;30Y;5;89.72476608812394
10128;1249;Estr;2Y;2;-2894.795469526174
12094;1910;Sonia;1Y;7;-867.42493301992
12867;4624;Euribor;3M;8;1330.4035710997682
13032;1111;FedFunds;25Y;7;1952.4206156479195
12336;4729;Libor;1M;4;-2082.73
10693;3606;Sonia;3M;7;8371.670725694617
12555;9191;Sonia;1Y;4;-5989.48
10092;3914;Libor;5Y;8;5100.3405838954695
10166;4490;Libor;2Y;4;-113.13160061710988
10583;5208;Estr;6M;4;175.4224928949543
11514;3098;Libor;3M;9;7222.051859876892
12737;2374;FedFunds;2Y;4;-2232.20071545655
13433;7153;SOFR;1Y;6;-4080.4082002974205
10308;1661;Libor;1M;1;-2447.0773916024054
10741;4453;Euribor;30Y;1;-5103.91
10898;8483;SOFR;2Y;3;1099.8821380671664
12967;6376;Libor;2Y;5;-443.82
12038;3283;Estr;20Y;4;3206.2554433970945
11226;6176;Sonia;30Y;8;5614.520669652579
11818;2793;Libor;1M;1;-5194.831711854525
12978;5364;Euribor;10Y;1;-2873.281537157067
13091;7303;SOFR;10Y;7;-12249.59
10105;5186;Sonia;10Y;3;-4667.043741415893
10895;6054;Euribor;30Y;6;1885.6503768319576
10028;6592;FedFunds;2Y;6;-96.7860437974141
11389;5439;SOFR;1Y;1;9794.61
10231;2252;Estr;15Y;1;3477.41730995089
12717;9107;FedFunds;1M;2;-700.387229442727
12096;5722;FedFunds;25Y;2;-3209.94
11510;4412;SOFR;6M;6;-3798.4631850073897
12680;8011;Estr;30Y;7;789.27
10396;6175;Sonia;20Y;5;-2572.34
12534;6964;FedFunds;10Y;7;-4324.26
12619;6153;Euribor;1M;7;-4774.8092409832025
13234;8001;Sonia;6M;7;-204.33165087027965
10619;8703;Sonia;5Y;5;858.3369114647694
10542;5008;SOFR;25Y;5;-9913.390765231845
10882;2895;Libor;6M;4;-86.0657115665399
11162;2917;Estr;6M;5;-5067.66
12809;8177;Sonia;25Y;1;-2178.058632150566
10600;7056;Estr;25Y;6;4490.293435206781
11341;9558;Estr;6M;6;2755.68
12403;4099;Sonia;2Y;1;-11017.91761087808
11980;2563;Estr;3M;3;-6661.85
11067;1371;Libor;25Y;8;-4345.4
12040;7227;Sonia;1Y;9;-899.835982122846
12939;2542;FedFunds;25Y;9;-3069.7177201119102
12501;4177;FedFunds;1M;7;-595.3845953996675
12708;7033;SOFR;1Y;3;-5513.106370170014
10769;8485;Estr;30Y;2;-4173.630434672409
10589;6242;Euribor;25Y;9;-7217.520773308723
10841;4303;Estr;20Y;1;-6381.53
12045;9112;SOFR;10Y;7;207.5396341631349
10227;7212;Sonia;20Y;3;2600.9650204472364
10597;7046;SOFR;30Y;7;-4379.9
12999;1543;Estr;2Y;5;6165.555251833523
12143;8380;Sonia;6M;2;7351.24
11488;9226;FedFunds;1M;2;-1136.628740008403
13012;2925;Estr;30Y;9;2769.212017847722
11666;8600;SOFR;10Y;6;5972.18
13138;1662;Sonia;6M;2;2595.78
11503;8846;Euribor;15Y;2;-1177.1
12782;2798;Estr;3M;6;4352.07
12391;9722;SOFR;10Y;5;4319.23
10226;2333;FedFunds;2Y;3;-2104.2500782875336
11825;2461;Estr;2Y;6;-2606.0437643208384
10553;2054;SOFR;2Y;3;-8169.8624465063895
11248;8160;SOFR;30Y;2;-1901.62
11504;9340;Libor;25Y;6;-5335.214296096079
10744;7901;SOFR;25Y;2;2991.59
10012;5297;Euribor;25Y;9;-942.5170110685222
12347;2263;Estr;20Y;9;2502.1707152473236
10537;1593;Sonia;20Y;3;3354.546340833756
13165;5905;SOFR;1Y;5;-380.67004775146575
12467;9509;Estr;1M;1;1798.4511816292948
11689;8370;SOFR;1Y;1;-112.2193548434152
12478;5001;FedFunds;30Y;6;927.6818418089097
12606;1914;Euribor;10Y;7;-860.5241556597484
11783;2331;Libor;1M;1;-6165.7
11417;4095;Sonia;1M;9;4606.63
11011;2141;FedFunds;30Y;1;-5106.12
12975;9550;Estr;15Y;5;-2041.943098887533
12518;7321;Estr;2Y;6;1424.7411067306055
11086;7801;Estr;20Y;1;-3978.9377912171667
11628;7475;Euribor;15Y;9;2431.65
11883;1120;Libor;15Y;9;5854.15
10383;6299;SOFR;6M;4;-9822.41
10797;8129;Libor;1Y;3;3156.87
13090;2151;Euribor;6M;7;4408.2
13021;7927;Euribor;5Y;3;3201.1936873031086
11226;6176;Euribor;25Y;1;-7065.03933034742
13208;2637;SOFR;1Y;8;-6767.741778409947
11939;5267;Sonia;2Y;6;-1243.9295432198928
11693;1565;Estr;6M;1;-2121.037467856202
12803;2549;SOFR;30Y;6;-5586.89
10672;4551;SOFR;5Y;5;-10971.178571293238
12426;9455;Sonia;15Y;8;7729.394249618397
10090;3786;Libor;20Y;6;2810.7679218102035
10533;7132;Sonia;2Y;9;-12813.16
12388;5917;Estr;25Y;8;1558.367058395987
12738;3928;Sonia;25Y;1;-2976.598980782076
10893;6737;Estr;5Y;8;-3620.51
10508;6075;FedFunds;1M;9;2284.26
13006;4143;FedFunds;30Y;8;-5197.795628647007
11996;9651;Estr;2Y;3;-4356.98
13146;6830;FedFunds;10Y;5;-2310.17
11056;7738;Euribor;1M;1;5037.42
11421;6424;Euribor;6M;1;538.2722884912919
11868;9245;FedFunds;30Y;6;307.850119780303
10770;5290;SOFR;2Y;5;6886.61
11473;3835;Estr;10Y;1;-1256.08
12219;4597;Sonia;30Y;6;-8923.83
13267;4756;Euribor;30Y;3;-10756.33
12669;1827;FedFunds;20Y;2;-11877.87
11122;1156;Sonia;25Y;9;-4265.859087237786
12727;5965;Estr;1M;8;8998.29
10937;3172;Estr;2Y;9;4803.801696995709
11541;9023;Estr;2Y;2;-6416.473434651698
13387;5723;Sonia;5Y;3;3266.64
12154;7989;Euribor;15Y;7;-1540.17
10095;3782;Euribor;1Y;6;-2694.48
12306;7627;FedFunds;25Y;5;-10436.13
10050;9352;Estr;1Y;4;-3274.8067340482476
12696;4956;SOFR;2Y;7;1691.89
12273;5004;Euribor;20Y;6;-4911.74
10549;7583;SOFR;3M;7;-5754.321135129943
12701;8899;Sonia;3M;7;-885.4
12575;8572;SOFR;6M;9;8579.36
10401;7140;Euribor;25Y;8;-1140.88
10287;9984;Euribor;15Y;8;-2589.99
10321;4081;Euribor;20Y;2;-2531.15
12188;6109;FedFunds;1M;6;3455.1179831391482
11357;3076;Euribor;25Y;2;7606.86
10387;8842;Estr;6M;6;1563.2378591936886
10806;9775;FedFunds;20Y;1;9014.267299898744
10220;8141;Libor;2Y;3;-9196.13
12981;6717;Estr;5Y;3;-3891.96
13325;4276;Libor;5Y;5;-9985.024179879321
13426;4290;Estr;2Y;6;2112.7752473305222
12557;5988;Libor;1Y;8;-6814.31787651096
11054;7326;SOFR;2Y;3;-5133.744988301469
12626;4240;Euribor;3M;4;-3122.62
11741;7963;Sonia;6M;6;2444.807930853276
11422;6560;FedFunds;3M;3;3291.4805091062594
11239;7523;Euribor;3M;8;3057.7394713137064
10379;9555;SOFR;1M;4;6718.61002036098
11921;9860;Libor;20Y;2;7080.02
13108;8975;Euribor;1M;3;5060.743942348401
10110;5910;Libor;1Y;3;2666.7902478785404
12511;2672;FedFunds;6M;8;-5338.48
11760;2388;Euribor;25Y;3;6531.56
13295;7232;Euribor;10Y;7;-5511.548593000382
10450;9667;Euribor;2Y;9;-4437.4
12527;2500;FedFunds;25Y;5;4690.239966716106
13290;7154;FedFunds;15Y;4;5459.94085962153
12352;6058;SOFR;25Y;5;-1727.41
13451;8280;Euribor;3M;5;2211.4706829044576
10033;8280;FedFunds;6M;5;-4679.934245017216
12768;3021;FedFunds;10Y;6;-599.59
13051;9290;SOFR;2Y;1;6861.809025198551
12260;7605;SOFR;10Y;8;3520.7230521363545
12471;8970;Euribor;3M;6;-11454.3
13465;5113;Sonia;2Y;7;1675.0124203200505
12280;4630;FedFunds;1M;9;11052.17
10910;1464;Euribor;3M;7;785.9951264570868
11615;5365;Euribor;5Y;8;-626.11
12761;5146;Libor;1Y;6;-2915.34
10021;9110;Euribor;1Y;7;9409.96
10100;8056;Sonia;20Y;7;-2166.2795914735643
10789;7837;Libor;25Y;8;890.73
12167;9596;Estr;5Y;2;2136.6026381102483
13390;4133;SOFR;20Y;9;-3643.84
10822;7139;Libor;2Y;7;-2289.4946848177824
12704;8862;SOFR;20Y;7;-825.2570875663114
13127;7448;Estr;25Y;5;832.6935075466833
12222;9125;Sonia;30Y;5;12834.91
11060;7221;Euribor;15Y;6;-6332.74
12019;8432;Sonia;30Y;3;3568.75
12109;9325;Libor;5Y;8;6320.55
11712;9123;SOFR;1M;3;-272.8836979981993
12955;5741;FedFunds;10Y;8;10497.877098971087
10219;6475;Euribor;30Y;4;-8209.91
13250;4837;SOFR;1M;8;1804.12
10782;9305;SOFR;1Y;7;-134.23434574177963
12764;5363;Euribor;2Y;8;-3065.24
13146;6830;Euribor;3M;5;-6296.52
13416;7340;Estr;1M;1;8415.92
11160;6935;Euribor;20Y;4;5016.98
11548;8727;FedFunds;5Y;5;-4007.96
12883;6122;Sonia;6M;5;-354.40261170357076
12449;4871;Sonia;2Y;3;6749.49
10117;6320;Sonia;20Y;6;2093.65
10815;6067;Sonia;2Y;1;-8951.5
10950;9832;Euribor;3M;6;1585.27
12425;9376;Euribor;1Y;7;-5491.14
11306;9867;SOFR;1M;8;8122.28
13041;2101;SOFR;25Y;7;-173.32
10877;8984;Estr;3M;2;4203.352426371437
10016;1064;FedFunds;5Y;2;583.9067112292307
13233;2744;SOFR;25Y;8;5314.32975208182
12618;4475;Euribor;15Y;6;-8028.35
10870;7686;Sonia;1M;1;-3400.0679551341764
12629;2374;Libor;1Y;5;3458.67
13113;4593;Euribor;2Y;6;10262.072230261445
10228;8101;FedFunds;1Y;6;-4691.28
12985;4613;Libor;20Y;5;3226.9374624341494
12699;2037;Sonia;5Y;8;12623.91
10154;1876;Libor;6M;2;4949.93
11033;1220;Libor;20Y;2;-8404.13386497453
11012;5270;Euribor;3M;5;-8311.071933018902
13456;3150;Libor;30Y;8;1746.69
10394;6179;Euribor;20Y;3;-7861.503011513056
12029;6718;Sonia;5Y;5;2634.070506841972
10312;2712;Libor;1M;6;-6350.789481991134
11411;8111;SOFR;20Y;5;-74.09737248532247
10515;1660;Sonia;2Y;7;-5413.95
12914;3282;Sonia;6M;1;-5148.35
12052;2614;Sonia;1Y;5;-11559.72
11205;9210;Estr;6M;2;-407.01898161945564
13427;5606;FedFunds;5Y;2;-7621.59
13489;3126;Euribor;20Y;4;5227.47
10078;6188;Euribor;20Y;9;2411.87
10282;4342;FedFunds;6M;5;1754.24
10744;7901;Estr;15Y;9;7386.75
11512;3934;SOFR;30Y;3;-745.7905155782471
10471;1572;Libor;2Y;7;-1373.51
13156;4044;Estr;30Y;9;9506.043577361379
11580;5323;SOFR;2Y;5;11344.57
12269;6399;Sonia;15Y;8;-1928.93
12569;9368;Euribor;1Y;3;-1768.010491531289
13372;6868;Sonia;15Y;3;-7165.818986566861
10023;2484;Estr;30Y;7;10070.131176750765
11271;5732;FedFunds;1M;5;2974.11
12123;6067;Euribor;15Y;9;6720.3592340615105
13317;3846;Libor;15Y;2;3808.25
11208;2381;FedFunds;1Y;4;384.63
11882;5858;SOFR;3M;8;-9132.28
12419;2976;FedFunds;15Y;3;-539.31
13467;7974;Estr;20Y;6;-11757.01
12964;8607;Libor;20Y;6;-5019.85
11911;6592;Libor;25Y;2;125.14756565076436
11415;8450;Euribor;15Y;4;-50.58321120315941
12102;1949;Libor;6M;9;-989.31
13297;8257;Libor;10Y;5;-1342.9854595246343
13222;5779;Libor;1Y;4;-9347.64
10176;9669;FedFunds;25Y;7;-742.0755429488507
13064;4376;Sonia;1Y;5;-7052.77
12483;9865;FedFunds;2Y;3;-7849.89
12542;6058;SOFR;25Y;3;-2633.8925986676004
10438;4083;Sonia;15Y;5;11557.71
12822;4038;SOFR;3M;4;-4858.94
10762;9235;Estr;1M;3;-723.63
12280;4630;Euribor;15Y;2;2154.9
12569;9368;Sonia;20Y;9;2157.699508468711
12754;6146;SOFR;6M;3;-9392.819136032867
12456;8535;Sonia;1M;8;5850.46
10330;1125;Euribor;15Y;9;-836.0965799748096
11393;2672;SOFR;5Y;4;208.88769886938007
12771;9129;Sonia;3M;4;-3371.3017118823227
10132;2331;Sonia;20Y;1;-4071.53
11050;4084;Estr;3M;4;-5662.89
10792;1615;Libor;25Y;9;384.3867286676441
10042;7616;FedFunds;20Y;3;-6879.96
11873;3939;FedFunds;2Y;9;-7176.030833058176
11993;1602;Sonia;2Y;5;2756.263806524825
12600;9110;Sonia;25Y;3;4620.52
12933;3771;Estr;6M;4;-297.4852843095414
11545;4034;Libor;1M;1;-1113.2020274651354
11190;5002;Estr;25Y;7;-2636.63
13447;6607;FedFunds;6M;3;5798.401527677224
12163;9520;Estr;6M;7;-1556.39
10071;8987;Euribor;25Y;4;5595.47
12717;9107;Sonia;15Y;4;1207.552770557273
13395;5290;Euribor;3M;2;6455.07
12306;7627;Estr;6M;1;-5888.39
12712;4205;SOFR;1Y;6;-770.9981625050996
11127;9834;Libor;20Y;4;-2111.1392680636927
10698;8162;Libor;2Y;4;5581.892423952531
13270;8234;Euribor;15Y;9;-1189.329875242603
13316;6789;Sonia;1Y;9;6118.032120159206
11452;4718;FedFunds;25Y;5;-2979.7063162034656
11646;9741;Libor;20Y;7;-5541.09596526605
10764;9995;FedFunds;10Y;6;-4224.3
10824;2666;Euribor;5Y;6;-6478.19122846702
11093;3173;Estr;20Y;9;-7552.64
10820;3535;Libor;2Y;7;-2116.14
13434;2097;Sonia;5Y;6;5243.19
12815;8263;Euribor;1M;9;8448.505825122567
10921;5713;Euribor;30Y;4;3830.16
11113;1666;Libor;5Y;3;540.28
10956;1242;Estr;25Y;3;13904.65
13145;2217;Sonia;25Y;7;1845.4435249677367
13460;9583;FedFunds;25Y;8;-3256.540070257111
11193;3911;SOFR;1M;2;-2773.78
12979;5838;Euribor;30Y;2;-180.42968844279721
10887;4854;Sonia;3M;3;-4117.58
10642;1619;Estr;30Y;1;560.86
12502;2544;Euribor;10Y;9;-1996.62
11772;5979;FedFunds;15Y;2;6315.67
11110;7413;Euribor;15Y;1;5948.23
11096;9082;Libor;25Y;9;-3538.24
10625;7919;SOFR;10Y;7;2046.5785400480422
10393;6947;Estr;15Y;3;440.97019152740063
12856;1533;Sonia;6M;8;2881.291983909838
12793;9748;Libor;1Y;3;2677.5992143938693
12351;5123;Estr;1M;5;-6660.79
10529;6482;Libor;30Y;4;4624.22
10577;4935;SOFR;5Y;1;-5790.52
13177;6127;Libor;6M;1;-5319.807810807409
11284;6336;Libor;1M;7;10049.9
12352;6058;Euribor;5Y;4;3472.61
11456;9817;Euribor;25Y;5;-3270.248939928517
10035;7528;Libor;1Y;6;539.32
10185;4531;SOFR;3M;1;-2032.24
10256;2796;SOFR;15Y;4;6849.73
10693;3606;Sonia;30Y;1;-2436.4592743053836
12398;9637;Estr;2Y;4;5236.86
13317;3846;FedFunds;25Y;1;12613.42
12280;4630;FedFunds;5Y;9;3837.31
10110;5910;Estr;5Y;2;-9679.84975212146
13470;2169;Libor;6M;5;5360.01
10867;8616;Euribor;20Y;7;8807.1
11111;4161;Estr;6M;7;697.8831602314133
10918;7382;Sonia;1Y;6;-10686.140599525555
12740;4155;FedFunds;6M;5;-1346.9181569836626
10011;8989;Sonia;6M;9;3467.873613808272
10741;4453;Estr;15Y;1;3116.06
11324;4936;Estr;15Y;4;-3654.63
10773;4940;Estr;10Y;1;5442.76
12591;1703;Sonia;6M;6;229.59207115178788
11486;9728;Estr;2Y;8;1825.16
13240;3419;Euribor;5Y;4;-9047.625817789114
10541;2628;SOFR;6M;4;-6705.22
13282;1163;Euribor;10Y;8;-8214.36698258928
11442;2325;FedFunds;1M;7;12090.258136174192
10790;4716;Libor;30Y;1;8214.68
13405;6519;SOFR;6M;5;-4683.157334860557
12732;9083;FedFunds;10Y;3;-8573.95651681958
12764;5363;Libor;1M;5;299.65
10228;8101;FedFunds;1Y;9;-1243.77
11153;1739;SOFR;5Y;8;-11444.789485666246
11823;6789;Estr;2Y;9;-4956.66
10798;6866;Libor;10Y;9;-781.0679746233709
12730;6444;SOFR;5Y;5;2653.9972744048982
10577;4935;Libor;1Y;6;8368.14
10327;1281;Libor;10Y;4;-8103.703702041999
11195;2173;Sonia;2Y;3;1560.79
11823;6789;SOFR;25Y;2;7349.22
11476;7166;SOFR;1M;2;-179.53450719650755
10533;7132;Estr;25Y;1;-2889.28
10236;6387;FedFunds;5Y;2;-8277.579704778514
11720;6873;Euribor;2Y;3;767.6431853555032
11540;2667;FedFunds;30Y;7;-370.29227373133745
10093;1728;FedFunds;2Y;4;102.5239568779898
10980;6402;Euribor;2Y;9;1154.1439139472939
11768;3634;Libor;6M;7;9368.21
13117;9444;Estr;25Y;7;-11634.56
13380;6318;Libor;1M;9;-557.6510825897794
12310;9645;Euribor;5Y;8;2694.991602182676
11028;9488;FedFunds;5Y;1;-5484.812332400007
10126;6997;Euribor;2Y;8;7140.23
11763;2501;Sonia;15Y;3;510.3
13254;6616;Sonia;5Y;8;5011.611846361326
12585;8681;FedFunds;3M;6;-7847.087612600962
12041;3913;FedFunds;15Y;5;-2654.370196023666
12075;5215;Sonia;30Y;3;6668.57
12160;1015;Sonia;25Y;3;777.012383419968
11010;6911;SOFR;5Y;5;-1609.21
13144;3348;SOFR;3M;5;-3201.2203626279997
10194;5971;Sonia;30Y;1;2071.9874931927543
12945;5496;Libor;20Y;9;9.235136708558912
11934;3292;FedFunds;10Y;9;292.7487561563139
13020;8973;Estr;3M;4;-7093.32
10254;8827;SOFR;6M;3;4269.41336406133
12978;5364;Libor;6M;6;-2182.571537157067
10546;4259;Estr;30Y;3;-3788.5904670625837
10567;9848;Euribor;2Y;1;6416.61
10081;8390;FedFunds;20Y;1;-2421.06
11678;8939;Sonia;10Y;6;1625.2458775487767
10512;9259;Estr;30Y;2;7771.851036998061
10259;1892;Estr;15Y;8;-11029.91
10867;8616;Euribor;15Y;7;-8623.16
11440;2777;SOFR;10Y;4;5348.98
12236;7459;SOFR;3M;8;3056.0271344438934
12991;1027;Sonia;10Y;1;-4516.015561012664
12989;9053;Estr;30Y;1;-2035.9454126693036
12094;1910;SOFR;10Y;3;-3383.04493301992
10187;5146;FedFunds;6M;8;1729.8998320134647
10044;3049;Euribor;30Y;8;-1781.82
13179;3416;FedFunds;1M;6;-8812.6
12220;9135;Estr;15Y;2;2930.095463797189
12890;5835;Estr;3M;5;-4805.04
12580;5029;Estr;10Y;6;395.19
10220;8141;Libor;10Y;6;1903.87
10224;3866;Euribor;5Y;5;7370.26
11886;9994;Estr;2Y;1;7382.199676296879
10997;2353;Estr;5Y;4;-4880.66
11109;8481;Estr;20Y;6;-1061.8573515559146
10778;9490;FedFunds;5Y;7;3574.75
10531;5492;Libor;15Y;2;-4566.42810414028
13145;2217;SOFR;20Y;8;-308.50647503226355
11945;2193;Libor;2Y;4;4390.81
12765;2868;Estr;3M;4;-5212.98
12367;6413;SOFR;10Y;6;-6830.637583037951
12481;1388;FedFunds;20Y;7;426.7089075135423
12825;2376;Libor;3M;8;-9118.879012373303
11351;7376;SOFR;1M;1;7746.72
13203;8769;Sonia;10Y;3;-174.31583352692587
10919;2873;Estr;6M;4;-135.9715189496044
11617;1909;SOFR;5Y;8;-224.39357640540084
10788;8845;Libor;20Y;8;-6485.56
10372;4610;Libor;25Y;8;6034.183487144033
11474;2909;Libor;5Y;9;-2925.01
11877;2536;Euribor;6M;2;-5070.619490353276
13274;7621;Sonia;1Y;2;-3753.5727602641377
11266;8525;SOFR;6M;5;-1989.31
10372;4610;Euribor;1M;3;-1678.8165128559672
11573;4167;SOFR;10Y;8;1702.1452232762122
10266;7183;SOFR;25Y;4;-9045.66
11118;1888;Sonia;10Y;2;4466.49217925012
12909;3416;SOFR;20Y;3;-401.8
11984;3343;Libor;15Y;6;7470.870047206929
10756;9397;Euribor;1Y;1;8505.989435366657
12762;5983;Estr;10Y;8;-3069.73
13162;5509;Estr;5Y;6;-1907.81
12733;6735;Euribor;25Y;9;-1204.1203070955526
13349;5714;Estr;6M;8;5795.843653288422
10120;8418;SOFR;6M;6;-8166.85
12042;6289;Euribor;2Y;6;797.0541842900111
11295;4670;FedFunds;10Y;3;-2696.34
10819;8185;Sonia;20Y;9;-8695.41
10868;7251;Euribor;30Y;5;5043.634641201726
10817;8124;Sonia;15Y;7;-2281.6712903553916
10628;6223;Sonia;15Y;1;3653.32
11729;2054;Libor;1M;9;4194.16555850994
10972;5780;SOFR;30Y;8;11557.55
10706;5396;Estr;30Y;9;10964.29
11597;4414;Euribor;30Y;4;3992.69
11327;7041;Euribor;20Y;7;-5429.82
10760;6255;Euribor;1M;4;-9273.82600882538
11029;7060;Estr;25Y;8;-9629.13
10881;8504;Euribor;1M;2;2737.779216576888
12967;6376;Euribor;2Y;2;-12473.6
10655;4786;Libor;5Y;3;6466.6954756035
11762;4523;Libor;20Y;5;4724.128538674594
11678;8939;Sonia;6M;6;-7692.424122451224
12991;1027;SOFR;6M;7;4722.364438987337
12840;9594;Libor;5Y;4;-260.47
10958;5039;FedFunds;1Y;4;-10098.77
11669;3460;Sonia;5Y;3;-10907.57
10006;4556;SOFR;6M;4;2133.79
12965;6412;Libor;3M;8;-4123.3239044798065
10025;5636;Libor;25Y;4;1931.96
10644;3409;SOFR;6M;1;-4711.49
13006;4143;Estr;3M;7;-1639.5256286470062
13484;5275;FedFunds;3M;4;157.73681045659578
10213;1804;Euribor;30Y;1;-6562.48
10792;1615;Libor;15Y;4;-5200.323271332356
13366;3349;Sonia;1M;1;-785.6967213803573
10205;4462;Sonia;3M;4;-6449.317316827794
11551;7331;SOFR;5Y;5;6218.711557357388
13228;5365;SOFR;25Y;2;49.88673216925804
11733;1456;Libor;20Y;8;-3303.73
12390;1565;Sonia;6M;6;6941.28
13080;1159;Euribor;1Y;1;11003.5
12961;6992;FedFunds;1Y;2;-13.699386632884853
11283;1437;Euribor;5Y;1;1792.5244926798769
10947;9976;Libor;2Y;5;-785.13
10341;1488;Sonia;1Y;4;117.41453549585844
10212;5841;FedFunds;30Y;6;-3180.98993753221
12834;8160;Euribor;15Y;5;5404.17
10727;3668;FedFunds;10Y;7;7936.185159671644
13127;7448;Euribor;5Y;6;-1545.8164924533169
11365;4071;SOFR;1M;2;-1761.2975512584198
12903;5323;Sonia;1Y;1;1847.6156014050798
12065;9272;FedFunds;20Y;3;-4861.51
10122;4925;SOFR;20Y;4;-8365.111052962624
10901;4561;Estr;25Y;6;247.84152998327818
10871;3432;Estr;1M;6;1661.3296507588666
12057;8730;Euribor;15Y;7;-4637.75
12638;3551;Euribor;20Y;1;581.4106252904912
11352;4123;FedFunds;10Y;2;-6284.817493308004
13382;4236;Sonia;15Y;1;-9440.29
11831;1815;FedFunds;20Y;7;-1337.58
10512;9259;Euribor;1Y;1;1585.2510369980612
11121;3148;FedFunds;30Y;7;-1449.1434340885573
10445;7643;FedFunds;30Y;8;-2432.5914046297667
11401;6085;SOFR;3M;6;9568.03
10889;8119;Euribor;25Y;2;-2447.0
11275;3944;SOFR;1M;1;9930.94
11295;4670;Sonia;5Y;5;10785.13
11609;8819;Estr;5Y;8;-3419.49
12484;9401;SOFR;3M;5;-1007.5513769291501
11686;2848;SOFR;25Y;6;-9547.07
10117;6320;Estr;3M;3;-14390.14
13452;7978;Estr;15Y;6;3906.33
12852;4716;FedFunds;15Y;8;1072.68
10981;9750;Estr;20Y;3;4754.626635523282
10706;5396;Estr;10Y;7;10173.8
10455;7900;Libor;3M;4;-591.0589879169061
11599;6221;Euribor;5Y;2;-2430.86
11794;5023;FedFunds;3M;7;5845.806149314428
12823;1605;Euribor;20Y;5;7109.375559002404
11082;2567;FedFunds;1M;4;9186.108232204619
11497;4808;FedFunds;25Y;8;-2409.64
11456;9817;Euribor;3M;7;7802.901060071483
11815;1444;Estr;30Y;2;-7803.19
10344;1454;FedFunds;1Y;8;1981.7934165215213
10334;8519;Euribor;15Y;3;3241.425760245729
10885;9378;Libor;25Y;2;8572.380721293743
11854;2421;SOFR;5Y;5;-3409.11
10373;3428;Sonia;10Y;5;-8245.89216007525
13292;8458;SOFR;3M;9;1487.5923716137897
10921;5713;SOFR;1Y;6;-9476.01
10583;5208;SOFR;10Y;4;-5325.577507105047
11762;4523;SOFR;20Y;8;-3982.9814613254057
11849;2750;SOFR;30Y;2;-5611.962329186176
13069;2358;Libor;6M;9;8093.036971600359
12202;2392;Sonia;30Y;3;-2927.85
11400;6021;FedFunds;20Y;3;6867.73
11564;3889;Euribor;5Y;3;7177.963568793967
13490;3832;Euribor;1M;6;1845.8859440896035
11693;1565;SOFR;25Y;9;-388.4
11151;6200;Sonia;1M;6;-6063.54
11327;7041;Sonia;6M;9;3574.88
12457;5297;Sonia;25Y;9;-9128.68
13189;4174;Sonia;1Y;7;-4982.59
12124;3631;SOFR;5Y;6;4579.59
12470;1834;Estr;2Y;5;-10856.075590038135
10121;3193;Sonia;15Y;3;-8535.99
10590;8913;Estr;10Y;8;-10547.54
10780;3964;FedFunds;20Y;2;-4659.33
10300;4041;Sonia;25Y;6;2173.828957441944
10405;1671;Estr;1Y;1;8766.41
11605;8999;Estr;10Y;7;3774.48
11296;5631;Estr;5Y;8;8453.49
13418;4941;Libor;2Y;5;5880.36
11261;2189;Sonia;1Y;4;-7433.669172163833
13211;9361;Sonia;5Y;2;5153.55
13227;6462;Euribor;2Y;4;4256.38
10134;1137;Libor;10Y;2;-3319.56
10324;7099;Libor;25Y;7;6261.67
11377;4543;Libor;20Y;5;-4367.72224041958
12774;5682;Euribor;1M;4;-6148.33
13404;1333;Euribor;5Y;1;-7700.98
10820;3535;SOFR;6M;5;-1551.66
12480;2326;Sonia;30Y;7;14123.686304713176
10750;6057;SOFR;5Y;1;-4697.65824694999
11284;6336;FedFunds;1Y;1;-3408.11
10751;5637;Euribor;2Y;5;-7089.076027979161
10422;6607;FedFunds;5Y;6;-12430.55
11420;9809;Euribor;10Y;1;64.23704453385699
12783;7337;Euribor;25Y;3;2957.2345638952766
10120;8418;Estr;6M;6;-6440.18
12008;5717;Euribor;1M;2;-664.458283462558
13399;9939;SOFR;2Y;5;4740.44
11280;8397;SOFR;1Y;6;3961.33
10368;3349;Sonia;25Y;1;-3420.13
10544;8064;Estr;15Y;5;3418.6853065041614
13023;6171;Sonia;1Y;8;-3305.14
12071;3655;Euribor;3M;2;-1148.52
12086;9167;Euribor;5Y;7;5347.12
13130;3818;Sonia;5Y;8;9510.65
12570;5402;SOFR;20Y;6;-6047.79
12478;5001;SOFR;5Y;8;-1001.0881581910903
13256;3964;Libor;30Y;7;1207.81
10472;5624;Libor;15Y;3;4219.75
13282;1163;SOFR;15Y;6;1732.643017410721
13463;8952;Sonia;1M;2;2272.8079709998005
11958;9705;Estr;20Y;9;6140.6475512020725
11126;1786;Sonia;30Y;1;-5287.38
12628;5878;Libor;25Y;8;-6199.61685123359
10259;1892;Sonia;25Y;8;-4485.5
11104;6398;Libor;10Y;9;-7050.15
12392;4767;FedFunds;10Y;9;6062.634125936003
12777;2248;FedFunds;5Y;7;-2939.929163290554
11244;1508;Sonia;20Y;3;6459.14
11523;5864;Euribor;1Y;1;-174.32374729499497
10217;8368;SOFR;30Y;9;-6023.89
12808;5470;SOFR;25Y;7;-1549.0008309531913
11065;6417;SOFR;1M;5;-4295.5522970572065
13443;5694;Estr;5Y;9;-1970.364948317534
12164;4536;Estr;5Y;2;-6367.723184098571
11460;7982;Estr;25Y;3;1026.5037424870366
13405;6519;Libor;2Y;5;-5355.707334860557
13481;8237;Sonia;1M;3;-9690.85
10219;6475;SOFR;1M;2;1553.52
11713;7806;Estr;2Y;1;4923.6440777630305
12229;8720;Euribor;2Y;8;-597.33
10010;8555;Estr;25Y;4;2228.3238883075305
12754;6146;Libor;3M;3;2673.480863967133
13068;3448;FedFunds;10Y;6;-4685.7770623000715
11341;9558;Libor;5Y;8;-1590.42
12363;6069;Libor;1Y;9;-5577.143084653031
13155;1693;SOFR;6M;2;3118.0836237793865
11846;1144;SOFR;1M;8;-6847.8
10247;9436;Estr;3M;3;2408.62
13463;8952;FedFunds;5Y;5;3133.0979709998005
12515;8813;SOFR;10Y;7;-4072.14
10622;5063;Sonia;5Y;7;1773.9674337163387
11225;3775;FedFunds;1M;3;-6469.37
11713;7806;SOFR;25Y;3;-4381.06592223697
12963;3155;Estr;10Y;9;-1670.78
11735;9634;Libor;25Y;3;6213.731927595605
12129;9784;SOFR;6M;5;-832.6849859386243
13160;4749;Estr;10Y;9;-1500.17
11958;9705;Sonia;2Y;5;-2963.712448797928
10226;2333;Libor;5Y;5;1287.5699217124668
12462;9802;FedFunds;1M;6;7215.321010712774
10452;3125;Sonia;30Y;4;-4377.23
13338;6351;Libor;20Y;3;4973.22
13404;1333;Estr;25Y;5;-7167.44
10123;8266;FedFunds;20Y;4;-5891.699285430965
13054;2220;Estr;3M;9;2501.57
11028;9488;FedFunds;30Y;6;-1013.4723324000074
13352;4062;SOFR;6M;6;4189.340514321836
11438;7852;Euribor;30Y;4;-9760.99
12015;6055;Libor;1Y;4;12761.53
10245;9502;FedFunds;30Y;9;-5085.068767702177
10159;5289;Estr;10Y;6;7496.93
11551;7331;Libor;20Y;3;-7372.4
11901;3169;SOFR;25Y;5;-1914.4554603951597
11061;8389;Estr;1Y;4;2557.12
11129;8011;FedFunds;1Y;7;1337.05
12184;4126;Sonia;25Y;2;-13678.52
10254;8827;Libor;15Y;2;3555.67336406133
11926;2914;SOFR;2Y;3;9448.97
12390;1565;Sonia;10Y;8;-4784.23
10379;9555;Sonia;5Y;6;-6515.16997963902
12200;7321;Libor;1Y;6;-11409.36
12940;2381;SOFR;10Y;7;-5226.036802294506
12815;8263;FedFunds;15Y;7;-7063.664174877433
13208;2637;FedFunds;1Y;6;-549.7417784099475
13159;2486;SOFR;1M;2;1723.51
11236;7378;FedFunds;5Y;4;3580.0666190632137
11556;7458;FedFunds;30Y;6;5366.11
12623;5830;Estr;5Y;4;-379.8944586874111
12592;1950;SOFR;1Y;9;2069.0229808255694
10073;9308;Libor;25Y;8;-726.6368451154749
10496;7416;SOFR;6M;7;-3342.7005815092857
13380;6318;SOFR;15Y;9;-5258.06108258978
10913;7940;Euribor;6M;9;-5046.663538302133
10860;3341;FedFunds;15Y;9;-2181.56089692401
12806;1800;SOFR;15Y;4;329.54
11959;7900;FedFunds;15Y;3;6193.75
11238;6470;SOFR;30Y;1;5542.031568070497
11610;9459;Euribor;30Y;1;2655.278466820037
10276;8059;Euribor;15Y;6;-1453.66
11685;2025;FedFunds;20Y;7;-2859.4502140920413
10506;5249;SOFR;5Y;7;-6929.388603555157
11734;2937;Estr;15Y;7;7835.7
13131;6305;FedFunds;6M;1;7238.87
10173;3192;Estr;3M;9;-10978.1
13022;1292;SOFR;2Y;5;5955.45462395636
12353;9702;FedFunds;2Y;3;5853.93
11593;6374;Euribor;3M;8;411.55891375663487
12483;9865;Sonia;5Y;4;-5933.08
10773;4940;FedFunds;3M;9;-2804.68
12204;5841;Sonia;3M;2;-7270.01
13452;7978;Libor;1M;1;3540.03
12796;7658;Libor;6M;3;5286.36
12437;7086;Estr;1M;8;-4076.57
12007;2536;Sonia;3M;9;-7205.685527628845
12666;2787;Euribor;2Y;7;-815.2121718842609
11277;2211;Sonia;1M;6;7021.07
12914;3282;Euribor;1Y;6;1005.14
10503;5741;FedFunds;30Y;9;8820.53252135839
10629;7683;Libor;3M;5;10197.85
10114;2353;Estr;1M;1;-3514.84
11972;2417;Sonia;1Y;9;-7462.680668740296
10947;9976;Libor;2Y;4;-83.96
13070;5193;Libor;3M;4;3182.78
11256;9708;Libor;1M;3;-1238.79
10999;6515;SOFR;30Y;9;664.3089858804294
13058;9964;Libor;30Y;1;-1284.2763435440036
10755;1634;Libor;1M;5;3933.14
10282;4342;Libor;20Y;7;3700.57
12705;2967;Libor;5Y;7;9205.42
13442;5680;FedFunds;10Y;2;-4477.469102803021
12021;5889;Estr;25Y;7;4835.73
12272;9567;Sonia;20Y;3;-5385.24
12515;8813;Libor;15Y;3;-1874.3
12129;9784;Estr;1Y;2;3125.4150140613756
11849;2750;Libor;20Y;1;3563.087670813824
12203;5589;Sonia;15Y;9;351.70996861747426
11941;1756;Euribor;1Y;9;-4492.57
10742;4005;FedFunds;6M;6;4991.886873164157
13096;5518;FedFunds;3M;1;-4820.35
12390;1565;Sonia;1Y;2;824.87
12285;8723;Libor;10Y;2;1493.14
10439;8544;SOFR;1M;5;4974.609550093433
11542;3587;FedFunds;20Y;3;724.3
12620;8532;FedFunds;2Y;1;4341.466086002122
12364;1885;Euribor;20Y;8;-5665.0
12592;1950;Estr;10Y;2;-4521.757019174431
10340;8848;SOFR;3M;5;5301.11
10494;5079;SOFR;3M;6;1411.6811381360685
11635;1773;Estr;1M;6;-377.3890822285084
11993;1602;Euribor;1Y;3;-1569.616193475175
11415;8450;SOFR;15Y;8;-7275.7532112031595
12642;4712;Libor;30Y;7;4657.62
11649;8727;Euribor;25Y;7;429.5697544946164
10835;3828;Sonia;5Y;1;-3101.72
11333;3073;FedFunds;6M;2;4485.21
13157;2688;SOFR;1Y;1;4919.23
10732;2029;Euribor;2Y;2;-5591.89
12067;3523;Libor;30Y;5;-8841.672468980632
13482;8546;SOFR;3M;7;-4528.2215491571005
10714;9252;Libor;30Y;2;-5145.24
10482;1007;Estr;10Y;6;1968.601218479423
12230;3181;Euribor;6M;6;-689.45
10677;1680;Sonia;6M;5;-6447.98
10190;6031;Sonia;6M;2;11001.06
10637;2932;FedFunds;10Y;9;4320.49
11124;8950;Euribor;1M;5;-1866.41
12980;2054;SOFR;25Y;8;-5883.35
12883;6122;Euribor;15Y;4;1913.3973882964294
10116;5964;Euribor;1M;3;-431.32296311816253
10784;1067;SOFR;2Y;3;65.35637808941442
10681;4490;FedFunds;5Y;6;3957.17
12457;5297;FedFunds;6M;9;3643.25
12446;1944;FedFunds;2Y;6;7750.63
11431;8314;Estr;3M;1;345.1193153588065
10106;5268;Euribor;10Y;1;445.17
11428;3568;Libor;20Y;9;-3213.8780866301413
13471;2405;Estr;15Y;5;-1161.6941012658062
10349;9234;Libor;10Y;1;4354.86
13396;1561;FedFunds;10Y;7;2973.69
13027;8392;SOFR;25Y;9;-143.2247285734793
11639;6829;Estr;1Y;7;-9534.156350299307
10096;8266;Estr;3M;7;-5911.894115191162
11964;6493;Sonia;25Y;3;-4877.753332297744
11500;1604;Estr;3M;7;-2926.2251379982467
12546;2354;FedFunds;25Y;4;-6857.862551424445
11315;8823;Euribor;1M;8;7215.055490798001
11737;5775;FedFunds;1M;3;-1724.530735054666
12452;8556;Libor;5Y;7;11743.03
13340;5536;SOFR;20Y;5;-2287.4
10173;3192;Estr;15Y;9;5206.76
13483;9452;Libor;25Y;3;8968.047778709102
11434;5808;Sonia;6M;7;3264.33
11219;9118;Euribor;5Y;6;-1186.1473489175798
13400;5027;SOFR;30Y;2;3003.906156974971
13373;8290;Euribor;5Y;8;743.74
11130;7704;FedFunds;10Y;9;-4180.642508515763
12184;4126;Libor;25Y;8;-3829.69
11128;6427;FedFunds;25Y;1;4336.674959086176
13213;3076;FedFunds;2Y;3;-4070.08
10324;7099;FedFunds;15Y;8;4187.92
13453;9796;SOFR;15Y;4;-5643.48
12997;8084;Estr;30Y;4;5078.34
10960;3799;Euribor;15Y;8;-4070.757278279413
12434;5329;Sonia;2Y;1;7150.29
13083;6848;FedFunds;2Y;9;7173.05
11292;1282;Sonia;6M;3;-2187.1978260177475
10923;2907;Libor;6M;1;10235.66
10510;3723;Euribor;6M;9;557.2211424273573
10146;1364;Sonia;1M;4;-6783.0587828776115
12646;2682;Libor;2Y;7;8500.84
10737;5757;Sonia;3M;4;-244.58
12465;9697;Libor;30Y;5;-3353.36
10693;3606;SOFR;30Y;4;-7663.989274305383
10739;9306;Euribor;10Y;2;-14449.172594215106
12615;8868;SOFR;5Y;9;10271.985656461668
11095;5493;Euribor;5Y;3;-685.6410006898923
12783;7337;Libor;3M;9;-9211.815436104724
12487;2067;FedFunds;6M;2;-4309.07
10408;4493;Sonia;15Y;7;3320.17
13094;1097;Sonia;25Y;1;-4419.7315075854285
12776;6783;FedFunds;3M;8;-5637.276916397115
13177;6127;Euribor;10Y;2;-570.1078108074084
12385;2285;Euribor;10Y;4;-5256.64
10312;2712;FedFunds;6M;3;3787.420518008866
10743;6097;Estr;5Y;7;-3921.782011700793
10987;8928;Sonia;1M;4;4316.07235699004
11119;3415;Libor;5Y;8;2755.82
10164;6287;SOFR;20Y;6;1899.51
11658;5611;Estr;2Y;1;-6158.19
12556;7637;Sonia;15Y;7;3482.8108947507094
11922;7635;Sonia;1Y;4;-3454.35
11837;7609;Estr;1M;6;-3936.44
11647;6733;Sonia;3M;9;8846.08
10213;1804;Euribor;15Y;8;10567.66
10878;5485;Euribor;15Y;2;-11280.751064578779
12748;4477;Euribor;30Y;9;-4542.54
11733;1456;Euribor;10Y;8;3766.75
11486;9728;FedFunds;1Y;6;7378.6
11348;4257;Euribor;2Y;4;-4876.928495440771
10732;2029;Libor;3M;3;8503.58
13083;6848;Euribor;5Y;1;-8256.21
11331;2353;SOFR;1M;8;5805.079215537547
11026;8966;Estr;2Y;9;2910.6304349647703
10981;9750;Libor;30Y;9;-1207.1833644767185
11360;3024;Sonia;6M;2;-6906.81
13300;3263;SOFR;10Y;6;5727.467888606565
12897;3439;Estr;10Y;4;-6563.85
12236;7459;Libor;6M;3;195.26713444389316
13390;4133;Euribor;15Y;2;-2260.21
12040;7227;Euribor;20Y;1;2024.2340178771542
11446;6316;FedFunds;5Y;6;5695.67
10714;9252;FedFunds;10Y;3;-8961.36
11724;4816;Euribor;1M;9;8765.914386602284
10641;7102;SOFR;1Y;5;-8717.87
11541;9023;Libor;10Y;3;6623.226565348302
12655;5378;Sonia;10Y;1;-5607.4
10991;1421;Libor;25Y;3;-847.7064760067885
12481;1388;Sonia;6M;8;2239.638907513542
13103;9928;Libor;25Y;8;5765.52
11434;5808;Estr;6M;1;7297.91
13288;9740;Euribor;25Y;2;-7850.278336574184
10613;7469;Libor;6M;2;1428.1660934357965
10066;6919;Euribor;15Y;3;1957.3
11058;4197;SOFR;20Y;3;-397.87
13243;7891;Euribor;30Y;2;-4204.87475105396
11366;3553;SOFR;15Y;2;-3458.22
12337;7110;Sonia;30Y;7;5017.093306862912
13288;9740;Euribor;3M;5;-864.2883365741848
12198;2345;Libor;1M;3;-813.6020333053787
11732;1096;Euribor;1M;5;-838.2565763733828
12911;9898;Estr;25Y;6;4283.72
12871;8902;SOFR;20Y;9;4475.0609448061205
11000;7663;Estr;15Y;5;-4731.794022699416
10136;4818;SOFR;10Y;8;-6039.39
12477;8430;Libor;20Y;4;5652.22
13379;6171;Sonia;1M;2;-2555.33
13387;5723;SOFR;1Y;2;2172.36
12934;1305;FedFunds;10Y;8;-3751.8
11507;7256;Euribor;6M;7;-3814.68
12161;8274;Estr;20Y;9;3300.61
10907;9430;Estr;1M;2;1643.03
11559;1801;Libor;1M;9;-13087.2
12971;4480;SOFR;1M;9;-2873.36
10989;2184;Libor;15Y;9;-4711.268621430938
13131;6305;Euribor;25Y;3;6689.17
12725;1740;Sonia;15Y;4;-825.9129021525332
11636;6344;FedFunds;10Y;9;-2865.146596318431
10478;1781;Libor;25Y;4;1327.2
12858;9833;SOFR;30Y;9;-5621.85
12850;2212;SOFR;6M;1;-2320.526722465969
10858;3230;Sonia;30Y;9;-1730.88
12006;8013;Libor;20Y;9;-4490.79
13079;4481;Euribor;1M;3;446.59477134876124
11121;3148;Euribor;20Y;7;-5171.8634340885565
13454;2236;Libor;3M;6;10110.883314130495
11410;9712;Libor;10Y;5;-3.0779354352891914
10170;3898;FedFunds;15Y;9;7532.22
11856;3575;Euribor;15Y;3;-531.8891569001357
11730;4553;Estr;6M;5;-205.46766558072704
11579;3759;Estr;1Y;8;10382.52
11418;7854;Euribor;30Y;6;-6204.61
10648;4638;SOFR;10Y;6;1346.9234505777304
13295;7232;SOFR;1M;9;-10744.048593000382
11137;4276;Libor;15Y;5;1802.6195855447368
11429;1233;FedFunds;1Y;8;8412.487280552765
13421;1110;Libor;1Y;4;-3674.22
11078;7468;Libor;15Y;3;2233.55
12865;6970;SOFR;25Y;5;-2760.89
12245;7229;FedFunds;2Y;8;409.98
12797;9313;Libor;1M;2;8212.06
10843;9615;Estr;5Y;6;-10280.386752832093
12311;1362;Libor;1M;9;731.5477585890494
12960;4630;Estr;1Y;4;-8034.03
12988;5075;Libor;3M;8;1855.76
11581;8060;Sonia;3M;1;-4582.380832005271
13056;7993;FedFunds;30Y;6;231.35
12896;1777;Euribor;1M;3;-4382.722605002589
11991;1916;Sonia;25Y;7;6030.4090066627405
10449;7256;Libor;25Y;1;8479.39
10849;4359;FedFunds;10Y;2;-5804.845367698074
13176;3018;Sonia;2Y;8;1247.4161682767813
11106;4140;Libor;30Y;9;-1857.59
10609;6777;Estr;15Y;7;-2747.9075539665
12184;4126;Euribor;2Y;9;-5862.33
12791;4577;Euribor;15Y;5;6074.1
11542;3587;Libor;15Y;7;12838.14
11702;5482;Libor;25Y;1;-4183.9
10121;3193;Libor;2Y;3;1486.09
11058;4197;Libor;3M;4;-5471.25
11302;2603;Euribor;10Y;3;9829.55788870663
11515;4264;Sonia;6M;3;5261.42
10544;8064;FedFunds;15Y;8;2483.705306504161
13445;3840;SOFR;1Y;4;-504.1103912063527
10718;1690;FedFunds;2Y;9;-3028.361488055929
12212;3288;Sonia;1Y;6;-177.3853868503329
10521;1771;FedFunds;30Y;7;5281.93
13316;6789;Euribor;3M;2;4987.562120159207
10875;7509;Euribor;15Y;6;4647.250518130596
12136;1944;SOFR;10Y;6;5824.26
11439;7519;SOFR;30Y;1;-3237.78411915971
12476;3562;Libor;25Y;9;-10480.01
10362;4273;Libor;5Y;8;263.1012484607436
10295;4496;Libor;1M;6;5425.173512146978
10304;1894;Estr;3M;9;-1978.0578659340354
10098;7541;SOFR;25Y;4;7020.886768286059
12642;4712;Estr;1M;4;-742.18
11639;6829;Libor;5Y;7;-11862.546350299308
12605;2496;Estr;30Y;4;2941.7
11172;6092;FedFunds;1M;2;-628.8599748474462
10477;6774;Sonia;20Y;9;6379.751293478302
12390;1565;Libor;6M;3;-9545.05
13079;4481;SOFR;10Y;2;464.6347713487612
13474;1360;Estr;20Y;6;4209.666294905772
13374;1807;FedFunds;10Y;4;-5598.65
11879;6935;FedFunds;3M;7;4811.587705937816
10393;6947;SOFR;1Y;3;8051.43
11058;4197;Euribor;25Y;3;-7987.16
13376;1079;Sonia;2Y;1;415.18513067708363
11639;6829;Sonia;3M;4;8394.183649700692
11886;9994;SOFR;10Y;9;-9063.200323703122
11142;2797;FedFunds;2Y;7;23.34569906322247
11470;3803;Euribor;25Y;7;-4748.054937176117
12912;9727;Estr;1Y;5;-8308.34
10980;6402;Euribor;1M;3;-7241.796086052706
13393;6625;Euribor;1Y;5;-1920.7470061961362
10061;5014;Estr;1Y;2;6670.88
10039;1659;Libor;15Y;6;-650.5671327284867
11876;6644;Sonia;2Y;8;4214.113113313167
10209;1822;Sonia;30Y;9;-7923.51
11412;2541;FedFunds;25Y;2;-1552.04
12548;5105;Libor;1Y;6;-373.8200983265019
13056;7993;Estr;3M;7;2174.11
12659;4039;Sonia;6M;8;5825.408328432618
10400;8870;FedFunds;5Y;9;-8083.122793567955
11322;9511;SOFR;5Y;3;-644.1541305534556
10413;8340;FedFunds;5Y;7;-4650.30314530151
11411;8111;SOFR;15Y;4;1456.3326275146776
11945;2193;Estr;10Y;8;4407.06
13486;1433;Sonia;10Y;1;-8858.240940902302
11861;8876;Euribor;3M;9;606.8844090852385
13172;8802;Estr;2Y;7;10861.693194029074
13481;8237;SOFR;1M;9;3429.9272161209383
12469;6366;FedFunds;2Y;5;-4003.45
11112;5078;SOFR;1Y;2;1169.6910947491087
12192;4132;Libor;5Y;2;-4448.974543503357
11825;2461;FedFunds;5Y;8;-5410.563764320839
12844;8894;Estr;20Y;2;-2935.4
11782;1768;Sonia;1Y;2;670.5481505251746
10749;7773;Libor;30Y;3;11759.35
12864;5145;Estr;10Y;5;1654.6910117449625
11360;3024;FedFunds;20Y;5;10073.62
10480;5869;Libor;6M;4;5198.743122429847
12760;1677;Sonia;1M;2;-3056.82
12360;7457;Euribor;5Y;4;-7948.26
10728;1195;SOFR;1M;8;7691.54422023067
10986;3645;Sonia;10Y;3;-3617.61
10167;2908;SOFR;1M;9;1429.5658153445129
11603;7265;SOFR;25Y;9;-6683.99
13344;7028;Estr;20Y;3;8334.35
11269;1564;Sonia;1Y;1;-6808.423698816217
13380;6318;Estr;1Y;2;861.28
12811;4597;Sonia;2Y;4;2310.04
13414;8313;FedFunds;30Y;8;2309.507274776347
12273;5004;Sonia;20Y;2;9879.67
11605;8999;Libor;15Y;3;-10049.72
11354;8610;SOFR;6M;5;1942.9913458646488
10345;3875;SOFR;6M;6;7718.714952670507
10258;8312;FedFunds;25Y;8;-5577.74
12997;8084;SOFR;15Y;8;3661.37
13229;7160;Euribor;10Y;9;-5833.28
12967;6376;Libor;1M;1;6990.15
11103;4129;Euribor;1Y;3;-603.6340792264774
12621;2820;Estr;15Y;9;828.447277472098
11114;9321;SOFR;30Y;7;13037.353997762451
12013;1847;Estr;10Y;5;9382.070768488293
13232;4801;FedFunds;15Y;3;-643.32
13432;7097;Estr;2Y;8;1777.74
13357;6884;Estr;20Y;4;5781.50568064084
13423;4261;FedFunds;10Y;5;-4446.620444252212
12369;3606;Sonia;5Y;6;5833.165914045178
11552;9111;Euribor;1M;7;3324.48
13475;2756;FedFunds;15Y;4;-1882.24
13077;4989;SOFR;2Y;7;1567.89
11269;1564;Sonia;30Y;1;-3540.583698816217
13308;9154;Euribor;6M;6;4167.41423458639
10934;6593;Estr;3M;9;9301.241958607954
10209;1822;Sonia;25Y;8;-5883.78
11898;7333;Euribor;30Y;8;-14610.48
12995;6681;Euribor;2Y;6;7727.896523339108
10488;8183;FedFunds;6M;1;4316.6
10005;1189;FedFunds;6M;6;1072.8518598236615
10268;2704;Estr;5Y;1;4636.156185589249
12565;7817;Estr;2Y;9;4143.47
13009;7653;SOFR;1M;3;-7331.448626551626
12310;9645;Estr;10Y;4;-6294.148397817324
10415;9599;Estr;6M;1;-6200.651945973661
10684;7426;Sonia;25Y;5;-5383.33
12954;8513;Libor;30Y;7;494.24
12629;2374;Libor;5Y;7;-11349.83
11384;9624;SOFR;1M;1;-151.29
10477;6774;SOFR;1M;2;698.9412934783013
12146;3517;Estr;5Y;6;-10138.533380156212
12078;7758;Euribor;15Y;6;7342.882826341041
10485;1258;Euribor;15Y;7;-818.83
13417;6140;FedFunds;6M;5;-3322.327880566704
12809;8177;SOFR;2Y;6;5546.991367849434
13338;6351;SOFR;5Y;9;7630.77
11084;5567;Sonia;3M;9;796.99
10883;5895;Euribor;3M;4;-11722.14
12912;9727;SOFR;1M;3;1173.91
11846;1144;Sonia;10Y;5;-3737.72
11465;9071;Libor;20Y;7;5892.69
12680;8011;Estr;10Y;1;-9127.68
11414;7571;FedFunds;5Y;5;2575.932982082365
12745;6016;Estr;10Y;6;5686.897606390093
12952;6656;Euribor;25Y;9;-5414.731243595059
12337;7110;Sonia;10Y;7;6976.263306862912
11124;8950;FedFunds;1Y;3;-9240.81
10488;8183;Euribor;25Y;1;8240.48
13215;5231;FedFunds;15Y;1;1876.2087804073567
12386;4022;Euribor;2Y;7;3770.17
12294;4490;SOFR;1M;2;-6881.88
12339;1895;Libor;3M;4;244.48971411624734
13011;3064;Euribor;5Y;1;-1782.28
12271;8261;FedFunds;3M;4;-4905.64
12668;5318;FedFunds;10Y;6;5548.95
11012;5270;Libor;6M;1;2435.7880669810984
12453;4512;Libor;1Y;1;-1867.77
12040;7227;SOFR;5Y;6;-653.1459821228457
12292;3236;FedFunds;2Y;8;2981.259946210774
12297;6025;Euribor;6M;8;6601.13
12931;3339;FedFunds;15Y;5;-11327.701235677092
12936;6691;Euribor;1M;4;841.87
13495;4996;Estr;10Y;6;-3873.180265844971
13108;8975;SOFR;3M;6;9054.2739423484
11285;9677;Libor;30Y;7;-4262.584856949671
11801;6008;Estr;2Y;6;-2176.0867273252516
13065;2963;Estr;30Y;5;1842.3038697298298
11730;4553;Libor;1M;2;-5042.657665580728
10533;7132;Sonia;25Y;5;-10271.05
11944;4196;Sonia;3M;6;-7992.50615495761
11488;9226;Libor;6M;8;-4498.438740008402
11113;1666;SOFR;15Y;1;4154.95
13458;2300;SOFR;30Y;6;3802.1671520489226
10614;2461;Estr;15Y;3;3281.77
11305;8169;FedFunds;1Y;3;-3499.63
11347;5753;Estr;5Y;5;-507.89
12505;6760;Estr;25Y;4;-7756.4
10911;3843;Sonia;1M;6;-7188.34
13140;3106;SOFR;15Y;8;-4254.803055410334
10328;6178;Sonia;1M;6;-8498.610722978281
12290;3800;FedFunds;1Y;3;2110.79
12142;8686;SOFR;30Y;5;-11560.995159106405
10472;5624;Sonia;2Y;3;-443.48
12279;1912;SOFR;6M;8;6552.259711472892
11540;2667;Estr;6M;7;792.3477262686624
10475;5666;Sonia;2Y;6;-1510.6337261557928
12891;7936;FedFunds;1Y;1;2300.49
11290;6192;Sonia;10Y;7;1775.0662648549173
10689;8291;Estr;1M;1;-2964.690723463529
11047;1790;Euribor;10Y;1;3445.48
13393;6625;Sonia;30Y;5;1030.9429938038638
11028;9488;SOFR;15Y;9;4516.267667599993
12627;8020;Sonia;5Y;4;-2339.64
10285;2682;SOFR;1M;3;870.69
12076;4909;SOFR;5Y;7;-3399.0910248912037
10598;8016;Euribor;1M;3;3732.62
11253;3443;SOFR;5Y;9;-3111.94
13405;6519;Estr;10Y;6;4368.352665139442
11853;8102;FedFunds;1M;7;5985.14
13054;2220;SOFR;3M;5;-12770.44
11009;8235;Sonia;15Y;5;-2997.7618836724137
10935;9713;Libor;1M;9;326.6143062262536
12379;7862;Estr;5Y;9;-7619.16
11827;2287;Euribor;2Y;6;6487.55
13112;3728;Estr;5Y;7;-2821.535643339768
12099;5781;Estr;6M;8;4807.779517878753
13101;8347;Euribor;5Y;4;7295.367842757664
11179;3508;Euribor;2Y;4;-6016.41
10819;8185;Euribor;25Y;3;6182.23
10806;9775;Sonia;20Y;1;-4900.09
10516;8156;Estr;6M;8;-4157.01
10496;7416;FedFunds;15Y;4;2649.1994184907144
10993;2473;Libor;5Y;8;-869.7857901482894
13049;4759;Libor;1M;1;-1923.6032382573226
11589;8325;Sonia;10Y;1;-7528.15
13194;1637;FedFunds;1M;2;377.98
13152;7668;Estr;3M;4;-11666.14
12249;8053;Libor;6M;3;-2798.13
11563;7772;SOFR;20Y;9;2473.44
11063;4829;Estr;5Y;8;-3969.16
13050;8097;Sonia;15Y;2;-3476.91
10788;8845;Estr;10Y;2;-2987.2
10515;1660;Libor;1M;7;219.73
11448;3242;SOFR;10Y;1;1878.53
10968;9557;Sonia;25Y;9;-3549.047234170823
12199;7596;Euribor;6M;7;2343.13
10909;5670;Estr;3M;8;-6542.730343848356
10947;9976;FedFunds;5Y;3;-2956.27
12739;5274;FedFunds;3M;1;-9787.047700858499
10322;6897;Euribor;25Y;3;-636.0007070430665
11052;8099;Estr;5Y;6;-5785.335477755108
10189;4030;Libor;6M;3;-4786.56
10153;3739;SOFR;10Y;2;4479.73
12573;9820;FedFunds;10Y;4;1163.15
12454;3060;Sonia;6M;5;533.77
12308;1557;Estr;30Y;4;10675.31
12064;4766;Libor;5Y;7;-700.0841410048065
10845;7999;SOFR;1M;1;-4500.83
11274;5433;SOFR;3M;3;-6637.43
10494;5079;Euribor;10Y;1;-4550.558861863932
11741;7963;Libor;5Y;9;1758.6479308532762
11868;9245;Sonia;1Y;9;-5011.889880219697
11041;4332;Euribor;25Y;2;1217.91
13177;6127;Euribor;6M;2;-835.0578108074087
12244;9052;SOFR;3M;7;-10501.63
12052;2614;SOFR;6M;2;3459.025745849665
12847;7209;FedFunds;3M;5;-1038.987812231016
12258;5506;Euribor;15Y;1;-11367.15
11152;4518;Euribor;15Y;6;-6540.78
12141;6768;Euribor;30Y;6;-9722.1
12041;3913;SOFR;30Y;8;6676.359803976334
12216;3057;Euribor;3M;6;1926.9
13254;6616;FedFunds;15Y;9;-11380.82
11898;7333;Sonia;15Y;5;6187.55
11862;1264;SOFR;1Y;6;-3511.46
12671;6840;Euribor;1M;6;2323.72
12015;6055;Libor;20Y;7;8104.03
10573;5494;Sonia;15Y;5;4069.05
10895;6054;Euribor;2Y;7;-2087.689623168043
10612;2772;SOFR;10Y;8;-8523.27
12442;8157;Libor;1M;7;976.81
13117;9444;Libor;1Y;7;5829.45
12818;2946;FedFunds;3M;8;-2001.5971576549796
11190;5002;Libor;20Y;8;1636.7586043483898
10724;5970;Sonia;1Y;6;7208.168615934488
12741;8962;Libor;6M;1;-7746.2
12613;4412;Estr;2Y;3;-4016.99
13254;6616;FedFunds;1Y;8;4150.651846361326
12896;1777;SOFR;5Y;9;4843.817394997412
11789;3015;Libor;25Y;6;2195.367236179509
12752;1458;FedFunds;2Y;5;-551.5664473480097
10167;2908;FedFunds;3M;2;-1905.1141846554865
12807;2238;FedFunds;20Y;9;3192.258925443004
12206;9108;Sonia;15Y;3;-13283.35
10557;3172;Euribor;1M;1;10301.703688456786
11614;2721;SOFR;1Y;6;-8258.241328944718
12313;9035;FedFunds;10Y;1;1269.3888289134902
10912;6901;Sonia;2Y;4;-1371.949525178396
12007;2536;Sonia;30Y;5;337.34447237115455
11540;2667;Sonia;2Y;3;-3751.9922737313373
13075;5313;FedFunds;6M;2;-9450.93106135069
10096;8266;Libor;25Y;8;3945.505884808838
10428;8165;FedFunds;5Y;8;-102.35066597587684
12099;5781;Libor;6M;1;-6033.300482121248
11253;3443;Euribor;1Y;5;2827.96
12566;6297;FedFunds;1M;6;-6230.09
12205;2059;Sonia;30Y;9;4943.44
12865;6970;SOFR;30Y;6;-3461.8
10471;1572;FedFunds;2Y;7;5407.54
11852;7474;Sonia;10Y;2;-5849.563426569361
13459;3529;Euribor;30Y;1;-5873.67
13443;5694;FedFunds;2Y;2;-2004.9649483175344
10229;2524;Libor;1M;7;5562.25
11246;1324;FedFunds;1Y;5;7116.84
11877;2536;Estr;25Y;4;4230.390509646724
11234;3594;Euribor;10Y;4;-9250.500099590809
10123;8266;Libor;30Y;6;-4123.449285430965
11906;1815;Estr;3M;8;-770.0
10600;7056;Sonia;30Y;3;2870.403435206781
12943;9066;Estr;2Y;8;371.25511549071507
11211;4555;FedFunds;25Y;2;2952.864933862672
11663;5321;Libor;20Y;9;-3097.49
10049;5433;Sonia;1M;4;10274.93
11828;9104;Estr;5Y;6;-5677.346005353766
10238;8124;Euribor;6M;5;-7224.5
10204;7305;Libor;1M;4;-3205.0329725618326
13091;7303;Estr;10Y;2;4947.19
11410;9712;Sonia;15Y;5;-1351.4179354352893
10400;8870;SOFR;6M;3;6686.737206432045
11022;6014;Libor;15Y;8;5918.63
10302;1552;Sonia;1Y;5;-309.1334109843898
10888;4847;Estr;30Y;1;4938.633835373731
12718;3995;Estr;2Y;7;-9832.966589146283
10529;6482;Libor;15Y;7;-1165.5
13217;7705;FedFunds;25Y;6;-7648.43
13178;5517;FedFunds;30Y;8;-3553.43
12213;8501;Estr;10Y;4;1438.6842473279594
10538;4808;Sonia;30Y;1;5401.06
12368;1005;Euribor;1Y;3;-9109.58
11353;6153;FedFunds;30Y;9;9131.93
10541;2628;Sonia;25Y;6;-1705.62
12617;5312;SOFR;6M;1;-1388.8
11889;5681;Estr;25Y;6;-4767.57
12061;8069;Sonia;1Y;4;-341.08363988651274
10571;5761;Libor;1M;7;4333.75
11434;5808;Euribor;25Y;7;-1872.18
10834;4357;Libor;6M;4;3182.83
11403;9405;SOFR;5Y;1;-11086.92
13143;1087;Sonia;2Y;4;-961.7
12204;5841;FedFunds;25Y;3;-1445.41
11051;3933;Libor;25Y;5;777.6623243347613
11372;5133;Libor;1M;7;-1543.6018909468612
13337;2848;Libor;3M;5;1159.16
11326;3161;Libor;20Y;2;652.42
11857;1065;Libor;3M;1;-11166.47
12187;9140;Euribor;30Y;1;4669.32
12236;7459;Sonia;1Y;2;-3118.992865556106
12769;6969;Estr;20Y;8;6931.55
12508;4761;SOFR;30Y;4;-148.02020027540038
10311;1956;FedFunds;25Y;8;-3398.59
10105;5186;Libor;5Y;8;9943.786258584107
11009;8235;Euribor;1Y;1;2771.318116327586
10829;3985;SOFR;30Y;8;-8227.39
11103;4129;SOFR;3M;9;198.68592077352264
12190;7804;Libor;6M;6;2230.29
11453;9587;Estr;6M;3;10510.91
12927;6748;Estr;15Y;7;894.1947399830538
11251;3817;FedFunds;1Y;8;-4098.428436165499
10985;3646;Estr;1Y;3;-4364.2857861281145
11798;1889;Libor;6M;4;6220.23354946438
10065;3368;FedFunds;10Y;6;3777.49
10234;2341;Euribor;20Y;3;604.5528515724552
10760;6255;Sonia;30Y;3;10436.893991174622
10705;2271;FedFunds;6M;4;-5102.147930117878
12097;7655;FedFunds;1Y;5;-930.0140937959684
11269;1564;Sonia;5Y;6;560.64
13282;1163;Estr;6M;8;-735.306982589279
11151;6200;SOFR;5Y;8;-4543.27
12792;9707;Sonia;6M;7;2810.361653662297
10160;7469;Libor;2Y;9;3750.634270432039
12454;3060;SOFR;1Y;5;-5599.71
10504;5596;SOFR;15Y;6;4780.58
10049;5433;FedFunds;10Y;3;-8464.02
13183;5865;FedFunds;1Y;2;-1365.06
10841;4303;SOFR;25Y;7;9347.99
12435;3765;Libor;20Y;6;7864.384601602507
12966;4262;SOFR;25Y;9;-1225.9283695262648
10469;7588;Estr;1Y;8;2414.84
12060;4535;FedFunds;1M;1;-6356.04
10731;3854;Libor;15Y;9;8781.56
11312;7093;SOFR;5Y;5;-4592.251232433546
12313;9035;Estr;1Y;4;-358.2611710865099
12259;6659;Euribor;1Y;9;7405.65
13293;4651;Sonia;1Y;4;4070.04
11883;1120;Libor;2Y;6;3880.59
11871;5567;Libor;20Y;3;-628.82
10947;9976;FedFunds;5Y;6;-5376.35
10645;6158;SOFR;25Y;1;-2078.73
10059;7102;Estr;6M;8;9663.914710590987
12694;7651;FedFunds;25Y;1;4610.52
12230;3181;Sonia;6M;4;-4747.42
10611;5424;FedFunds;10Y;4;-1401.2895934244839
11466;4883;Sonia;1Y;7;4031.24
11579;3759;Sonia;10Y;8;-2007.0
11704;2782;SOFR;3M;5;12363.81
11177;7154;Sonia;3M;4;-4024.23
13085;4747;SOFR;25Y;4;8166.32
12184;4126;Estr;10Y;3;-1117.88
10654;3161;Sonia;2Y;8;6224.88
10891;3710;Libor;10Y;6;-3335.09
12456;8535;Sonia;6M;4;-3865.26
12423;5654;Sonia;5Y;9;7398.66
12259;6659;SOFR;1Y;8;-4129.853168814312
11210;4645;Libor;6M;2;890.84
10174;4687;SOFR;20Y;8;-5267.96
11817;5253;FedFunds;30Y;8;226.87
10499;7144;Sonia;10Y;7;-5255.02
10722;8697;Libor;1Y;2;4974.550150601396
10155;2733;Euribor;1M;1;-15852.593015970773
10054;6600;SOFR;20Y;4;1347.5904863918572
12669;1827;SOFR;1M;4;7335.53
10909;5670;Euribor;3M;8;6772.73
13456;3150;Libor;2Y;9;7339.77
11014;7893;FedFunds;5Y;4;10483.616356577413
11880;1569;Euribor;10Y;1;8036.57
10721;9933;Estr;1Y;2;-969.6834252569238
11025;3387;SOFR;30Y;2;-2722.7053508499885
13351;2548;Libor;15Y;2;4818.2
10316;1525;Estr;15Y;4;-3826.7230761249807
10584;4363;Libor;10Y;6;1180.87
12071;3655;Sonia;6M;8;12819.66
11262;4932;Euribor;25Y;1;-979.4349717466466
13238;5310;SOFR;10Y;6;-5745.146894726811
12772;6106;Estr;30Y;9;-3844.03
13410;6439;SOFR;2Y;2;471.2957797548597
10480;5869;Sonia;30Y;7;463.97312242984754
11823;6789;Sonia;30Y;4;9034.93
12618;4475;FedFunds;30Y;7;-4182.482359173135
13285;6247;Euribor;10Y;5;5723.94
13094;1097;Sonia;3M;2;3382.018492414572
12246;1500;FedFunds;25Y;8;-3670.4213811790796
12654;1325;Euribor;6M;6;3815.6124853857145
12628;5878;Estr;20Y;6;11497.08314876641
10475;5666;FedFunds;15Y;3;-3034.423726155793
10130;7544;Libor;25Y;9;-6970.1
12402;6700;Libor;30Y;8;-11355.75
13092;5378;FedFunds;2Y;3;2600.43
11994;6249;FedFunds;20Y;4;-3036.3504115348987
10117;6320;FedFunds;30Y;8;-2806.63
13149;9576;Estr;20Y;4;-3783.944785148232
12053;4653;Estr;20Y;6;-4084.24
13073;1324;FedFunds;10Y;1;855.61
11189;5196;SOFR;30Y;7;5840.83
12213;8501;FedFunds;25Y;2;-470.09575267203945
12323;7601;Euribor;15Y;7;-801.39
12847;7209;SOFR;10Y;1;1175.802187768984
10883;5895;FedFunds;3M;6;-2810.97
11012;5270;Euribor;5Y;9;5454.7480669810975
10154;1876;SOFR;2Y;7;7135.15
11867;8640;Estr;1M;8;3609.27
10128;1249;Sonia;10Y;9;3308.814530473826
11403;9405;SOFR;15Y;1;6951.1
12041;3913;FedFunds;3M;5;-2886.830196023666
10095;3782;SOFR;15Y;8;6107.99
12691;9366;Sonia;20Y;9;7801.712015011417
11839;3970;Euribor;1Y;2;-4066.1343748168633
13180;9406;Estr;30Y;2;-385.44
12427;7655;SOFR;10Y;6;765.2956757198403
11790;1565;Estr;30Y;1;5926.808862963106
10618;9578;Estr;30Y;7;362.58
13387;5723;SOFR;10Y;2;5855.9
11959;7900;FedFunds;20Y;6;7731.51
12220;9135;Sonia;10Y;2;-3829.114536202811
12940;2381;Sonia;5Y;2;1796.6131977054943
11205;9210;Libor;5Y;6;2934.151018380544
10249;3050;Estr;10Y;7;-8252.333872211877
13244;1439;Estr;15Y;3;994.1930425227138
11566;7745;Libor;3M;8;998.4549390612682
10095;3782;SOFR;1M;3;-8484.29
10925;4178;SOFR;1Y;6;8435.775405899047
12756;5301;Euribor;2Y;3;1489.6012744159434
10021;9110;Estr;3M;6;-5658.85
13391;9772;Estr;5Y;5;-7506.246920850732
10365;8327;Euribor;20Y;7;-1484.5515716222967
11780;5233;Libor;30Y;5;2559.371009737105
11268;8959;Euribor;10Y;8;-5768.94
11030;9052;FedFunds;6M;1;-188.46977485338948
12704;8862;FedFunds;1M;8;-1640.0170875663114
12866;3846;Sonia;15Y;8;-7485.68262791773
10567;9848;Sonia;3M;1;5739.36
10183;7166;Euribor;25Y;6;-139.5345732498722
11481;1356;SOFR;20Y;9;-2281.5511127143245
13174;1204;Sonia;15Y;7;5577.04
11972;2417;Euribor;3M;3;7183.909331259703
11135;7048;Sonia;3M;5;1827.568030692351
12999;1543;Sonia;5Y;5;1432.9852518335238
12861;3372;FedFunds;6M;8;-4145.6
13285;6247;Libor;1M;5;-2133.14
11008;2342;Sonia;20Y;7;-5432.89
10494;5079;Sonia;10Y;6;-2968.188861863932
10997;2353;Euribor;3M;2;8409.42
11779;4785;SOFR;1Y;9;1179.35
12347;2263;FedFunds;5Y;9;-6528.269284752677
11945;2193;Estr;5Y;1;6584.16
11471;1581;Libor;1Y;3;10900.61
11748;4683;SOFR;20Y;9;4727.12
13210;7107;Euribor;6M;5;760.6458989839771
10918;7382;SOFR;25Y;2;2459.9694004744447
10334;8519;Libor;25Y;5;-4044.8742397542715
10469;7588;SOFR;2Y;8;1299.02
10445;7643;Estr;6M;7;-3289.7414046297667
13290;7154;Euribor;1M;5;-7657.48914037847
11831;1815;Libor;15Y;3;10657.8
11576;9641;FedFunds;3M;1;-6488.839837513884
10989;2184;Euribor;10Y;4;-2963.9886214309377
10537;1593;Estr;20Y;4;1347.4463408337565
11617;1909;Sonia;6M;2;6321.68
11238;6470;FedFunds;25Y;1;5054.551568070496
13344;7028;SOFR;15Y;5;6457.05
10619;8703;SOFR;30Y;3;-2553.60308853523
13323;5723;Sonia;30Y;6;-1220.3040475338776
11255;4957;Estr;10Y;8;-1079.6583006272392
12444;1473;SOFR;15Y;6;-1238.1347979095208
10987;8928;FedFunds;10Y;3;5433.142356990041
10436;9033;Estr;25Y;4;13325.71
11145;5500;Libor;2Y;4;1471.0079523859663
11997;6633;Sonia;3M;9;-7273.272107679978
10805;7628;Estr;25Y;9;-1567.98
10083;7833;Libor;20Y;5;3886.92
12253;4154;Libor;10Y;2;-434.33202186770995
12941;4574;Libor;15Y;2;-9943.8
10859;4970;Estr;1M;4;5344.81
10921;5713;Euribor;20Y;3;5093.9
10752;4719;SOFR;10Y;9;811.34
12133;9792;Libor;15Y;5;-6407.7
11564;3889;SOFR;1Y;7;-6799.016431206033
12415;2655;FedFunds;1Y;6;3113.48
13289;7406;FedFunds;20Y;1;-5291.43
11901;3169;FedFunds;10Y;6;7826.87453960484
13014;4436;Libor;10Y;5;-143.39192313661624
10640;3743;FedFunds;30Y;2;3847.95
13341;1063;Libor;20Y;2;-4540.56
11403;9405;Euribor;2Y;1;4929.9
11685;2025;SOFR;25Y;9;2768.729785907958
11598;6295;SOFR;10Y;7;1912.2171665934402
11394;5864;Estr;30Y;4;1659.9730573530837
12143;8380;FedFunds;6M;5;-5702.46
12930;1615;Sonia;5Y;3;2525.23
12932;1378;Libor;1Y;2;287.4073206276098
11443;2831;Libor;15Y;5;29.942813780757433
13242;1068;Sonia;25Y;8;-4660.103397095557
12147;1309;Sonia;20Y;5;1341.18
13262;1837;Euribor;30Y;1;3916.51
13450;4724;SOFR;6M;5;-3991.4220319913156
10017;3695;SOFR;20Y;2;-1852.0831311413501
12344;4833;FedFunds;20Y;8;11902.607253511394
11349;5006;SOFR;1M;9;-7458.66
11927;6044;Estr;25Y;7;-4217.45
13010;1888;Estr;15Y;5;10006.94
10882;2895;FedFunds;3M;7;4889.02428843346
11129;8011;FedFunds;1M;9;-3091.07
12447;4560;SOFR;30Y;6;-5433.18
13498;2248;Libor;30Y;7;-3396.128274297087
13217;7705;SOFR;25Y;5;-7456.43
12943;9066;Sonia;3M;8;-2039.9348845092854
11210;4645;Euribor;6M;7;10760.86
10918;7382;Sonia;10Y;2;849.2694004744449
12649;2436;SOFR;10Y;8;-7628.51
11449;2469;Libor;25Y;1;-2240.9340586892254
10815;6067;FedFunds;30Y;3;-5892.92
10808;5134;FedFunds;25Y;8;427.69
11983;8701;Libor;1Y;2;2636.09
10515;1660;Sonia;2Y;3;-6588.43
12586;6311;Sonia;5Y;6;5397.37
11491;1028;SOFR;10Y;1;2319.15
10986;3645;Estr;6M;6;10406.4
11389;5439;Libor;10Y;6;3339.95
12970;5818;Sonia;10Y;5;1511.46
10306;4638;FedFunds;1M;3;-6475.54
10931;8845;SOFR;10Y;1;-178.58289651050518
13144;3348;FedFunds;6M;5;-5760.730362627999
10757;8739;SOFR;15Y;1;709.56
10380;7549;Euribor;20Y;6;211.5140333450584
10820;3535;Euribor;10Y;8;3559.2
10780;3964;Libor;20Y;7;7018.56
11836;9252;FedFunds;1M;5;-2473.345875414946
13012;2925;FedFunds;30Y;3;-7321.227982152278
10609;6777;Sonia;30Y;5;-6462.0175539665
12772;6106;Sonia;1M;9;4978.39
10237;9238;Libor;1M;7;1528.700947785234
10402;7548;FedFunds;10Y;3;-10605.52
11613;7287;SOFR;1Y;4;-10419.88
10900;3931;Estr;1Y;3;8430.14
11956;8018;FedFunds;1Y;5;-669.8622173008289
10432;2376;Sonia;5Y;8;4698.07
11256;9708;Libor;1M;2;5356.403439559503
10825;7855;Euribor;6M;9;11672.44
11642;5803;SOFR;5Y;3;4845.35
10529;6482;Estr;5Y;9;5977.79
10311;1956;Libor;3M;9;-3813.31
11542;3587;SOFR;2Y;4;-5124.39
10630;1025;Euribor;1Y;8;-2665.433732077958
13215;5231;Estr;10Y;5;3312.048780407357
12707;3285;Sonia;15Y;5;2087.76
10892;3541;SOFR;1M;6;-5264.102293421313
13132;1842;Libor;1Y;1;5554.52
13484;5275;Libor;5Y;3;-7592.773189543404
11881;8641;FedFunds;15Y;7;8985.18
12071;3655;Estr;6M;7;-4743.71
11604;3810;FedFunds;30Y;9;-6877.87
11943;4017;FedFunds;15Y;6;112.19
10053;1225;SOFR;30Y;9;-938.6053238423265
10825;7855;FedFunds;15Y;1;-2900.47
11845;4044;FedFunds;3M;1;1600.0598800394496
12852;4716;FedFunds;5Y;9;-6975.94
12141;6768;Euribor;20Y;5;-4723.58
10176;9669;Estr;20Y;6;189.3944570511493
13229;7160;Estr;2Y;3;-7649.92
12496;8282;Sonia;30Y;4;-5984.089906805684
11499;2075;Euribor;15Y;3;16.43670806272985
12665;3121;FedFunds;1Y;8;-250.26864799601753
12783;7337;Estr;5Y;8;7288.354563895276
10224;3866;Euribor;2Y;6;461.94
11543;3440;Euribor;2Y;3;221.5646048583376
13352;4062;Libor;10Y;8;-8059.45
13265;6243;Euribor;15Y;6;8438.25
10958;5039;Euribor;1Y;7;1183.17
12614;9499;Sonia;30Y;2;9032.43
11099;1534;Euribor;15Y;2;9084.06
12430;3268;SOFR;3M;5;3675.62
10759;1670;FedFunds;1M;9;-669.1252194921319
11965;6913;Euribor;6M;6;-6445.77
10807;1191;Estr;1Y;1;-2970.356630639744
10880;8566;Euribor;10Y;3;894.4675675678736
10277;9073;FedFunds;6M;5;-3033.61
10217;8368;Euribor;10Y;8;1698.63
11362;2906;Estr;3M;8;220.776256425474
10512;9259;Libor;1Y;8;-3104.5789630019385
11702;5482;FedFunds;20Y;4;9558.87
13234;8001;SOFR;2Y;9;-3676.8116508702797
13070;5193;FedFunds;10Y;4;-1576.31
10730;3591;Sonia;5Y;1;-7438.25
12727;5965;Estr;1M;3;1791.71
11297;7016;Euribor;5Y;9;-1796.7950372663909
12509;1533;Estr;5Y;5;3706.55
12780;6250;Euribor;5Y;9;1591.63
12774;5682;Libor;5Y;7;6704.94
10446;1593;Euribor;1M;8;872.9795934421422
10368;3349;Estr;3M;5;-938.7841863262577
13489;3126;Estr;20Y;7;-9478.35
13383;2161;Libor;2Y;2;-3458.939555888789
11235;7310;FedFunds;1M;6;8051.0031388990565
13278;7228;Euribor;25Y;3;1080.05
11702;5482;Euribor;5Y;4;4713.59
10131;7881;Estr;10Y;9;-5500.73
12331;6196;Estr;1M;7;-1290.08
11057;7691;Sonia;2Y;1;-3227.916999606962
10558;1785;Sonia;2Y;8;13576.7
11757;1849;FedFunds;10Y;8;2946.579638440954
11412;2541;Sonia;10Y;9;-9023.51
10039;1659;FedFunds;1M;4;-4159.2871327284865
12281;5124;SOFR;6M;7;-1206.9016998217062
12621;2820;Euribor;6M;6;-675.3827225279019
13082;4405;Euribor;10Y;7;-6686.79
10583;5208;SOFR;1M;5;6140.102492894954
10741;4453;FedFunds;1Y;6;2382.16
10062;1784;FedFunds;10Y;9;-4211.29
11903;3980;Estr;30Y;7;3561.399646745259
11279;1969;SOFR;15Y;8;4390.904040862293
10030;5413;Estr;2Y;5;-10000.13
13358;5409;Libor;10Y;3;982.7321700388337
12770;8203;SOFR;30Y;6;-63.74394811930688
10531;5492;Libor;2Y;9;1471.3718958597206
13217;7705;Estr;30Y;7;4366.77
11664;4988;FedFunds;10Y;6;1249.427143961511
12392;4767;Euribor;20Y;7;2812.1441259360035
10897;3806;Euribor;1M;5;2208.61
12994;5443;Libor;10Y;6;760.19
12104;7994;FedFunds;5Y;2;2508.22
13056;7993;Sonia;20Y;8;7507.45
11911;6592;SOFR;2Y;8;7834.327565650764
12224;6291;Euribor;3M;7;-74.50931742928276
10069;6691;FedFunds;2Y;6;6112.109973256232
12618;4475;FedFunds;6M;7;-305.55235917313416
11797;2391;FedFunds;20Y;2;-3525.025079328323
11844;2830;FedFunds;20Y;4;-10434.872386153858
12397;3303;Libor;1Y;1;8421.81
10658;1699;Libor;25Y;5;9553.34
11313;8226;SOFR;15Y;8;4326.292931398446
10972;5780;Sonia;2Y;3;-749.13
13479;8634;Sonia;5Y;4;2762.378124211041
11769;6955;SOFR;2Y;6;-7768.49
10401;7140;Libor;1M;8;739.29
12423;5654;SOFR;1Y;8;1143.25
10559;6619;Euribor;15Y;1;-1907.628996921434
11220;6616;SOFR;20Y;3;1856.086323435965
10078;6188;SOFR;2Y;6;-1814.67
12681;5812;Estr;20Y;2;-2167.1727866837437
13448;8892;Libor;5Y;4;3562.08
13076;2671;Estr;5Y;2;-3697.79
11809;7747;SOFR;25Y;7;5006.373741648356
11203;8060;FedFunds;25Y;6;-3033.73
13021;7927;Sonia;5Y;3;-8400.17631269689
12222;9125;Libor;1Y;2;-6751.78731815024
12408;7457;FedFunds;1Y;3;-4586.062366817642
12932;1378;Estr;20Y;7;1335.6073206276096
10940;5535;Libor;25Y;3;-11547.05
11924;4807;SOFR;25Y;8;4890.529560617999
13487;9787;Estr;15Y;7;3167.8243811813454
10291;2875;SOFR;10Y;3;4588.670351142002
11207;5137;FedFunds;15Y;1;292.14
10823;4262;Libor;1Y;5;-10681.55566378265
12920;5828;Euribor;30Y;4;942.6261756653585
12948;1018;Sonia;1M;3;3220.8093711373476
10935;9713;Sonia;20Y;7;-2317.075693773746
11939;5267;Sonia;10Y;2;8353.160456780108
12080;8470;SOFR;25Y;3;-7068.69
11562;4401;Euribor;20Y;5;411.0768636551793
11554;3956;Estr;10Y;6;-1110.14
11435;1235;Sonia;1M;2;1811.3914163951247
10503;5741;Libor;30Y;7;2802.022521358389
10479;3113;SOFR;6M;9;1390.6888425545894
10115;7819;SOFR;3M;6;-3818.03
10740;3294;Libor;10Y;5;9885.882577018383
10368;3349;FedFunds;20Y;4;-4072.6941863262573
11391;2447;FedFunds;6M;9;6114.75
13364;6700;Estr;20Y;2;-6896.54
11576;9641;Sonia;20Y;4;9007.080162486116
10425;8128;Euribor;1M;1;-465.73
10861;8192;FedFunds;5Y;9;1442.9807441860064
13302;1746;SOFR;5Y;8;-3836.77
12977;1391;Sonia;15Y;5;13865.34
11117;5704;Estr;10Y;8;4211.33
10802;4856;Sonia;5Y;3;-6740.291092850276
12443;9806;Euribor;1Y;6;4085.55
12592;1950;FedFunds;15Y;8;-9886.267019174431
12998;8537;FedFunds;25Y;4;1526.66
11125;1153;SOFR;25Y;9;674.43
11347;5753;SOFR;1Y;9;-9049.48
10790;4716;FedFunds;5Y;2;-8914.1
11545;4034;Libor;1Y;9;-7906.982027465136
12476;3562;Estr;1M;3;799.61
11360;3024;SOFR;5Y;2;11716.63
12739;5274;FedFunds;2Y;8;9769.852299141503
12408;7457;Euribor;30Y;4;-5888.2023668176425
11544;3367;Sonia;3M;5;-5024.82
10337;5440;Euribor;1M;6;658.6332714426608
11920;2348;Libor;15Y;1;926.7298563306235
12038;3283;Libor;2Y;7;-248.47455660290598
13330;6629;Estr;6M;2;-9403.82
11911;6592;Euribor;1M;5;-51.732434349235746
12250;5964;FedFunds;1M;1;-6408.14
12015;6055;Sonia;2Y;9;5970.21
11387;8910;Euribor;20Y;7;1798.8280189481547
11439;7519;Euribor;2Y;2;7968.00588084029
13105;1461;Sonia;25Y;5;-3542.52
11902;1574;Sonia;10Y;3;3853.17
13021;7927;SOFR;30Y;8;5378.003687303109
12304;9050;Estr;20Y;3;5466.48
11253;3443;Estr;25Y;6;9704.18
12175;4360;Libor;20Y;3;-1093.38
13183;5865;SOFR;20Y;4;8428.74
12967;6376;FedFunds;15Y;6;-14231.53
12658;2239;FedFunds;10Y;4;7080.45
13452;7978;Libor;1Y;1;-12216.69
10742;4005;Libor;2Y;7;3015.5368731641584
10378;8446;Libor;25Y;1;-2337.67
11986;6897;Euribor;20Y;5;-7472.9016593628585
13339;2466;FedFunds;10Y;7;-5819.7
13422;8641;Sonia;3M;7;-7037.56
13164;3301;Euribor;30Y;5;7403.73
12546;2354;Libor;1Y;6;-5127.482551424445
11839;3970;Sonia;10Y;2;5962.4156251831355
10424;8569;Libor;2Y;3;1461.59
11003;5321;Estr;5Y;6;-169.44
12925;1256;Sonia;25Y;1;6383.410146418944
12751;6322;Sonia;2Y;6;-151.48325267824202
10894;3671;Libor;3M;6;678.1510575643943
11765;2050;Estr;15Y;2;707.58
10198;6182;Estr;1M;3;9897.37
10525;8616;Sonia;1M;9;-13838.38
10395;7488;Estr;20Y;8;-6112.17
11939;5267;Estr;20Y;8;-6477.849543219892
13158;5507;Euribor;15Y;7;-998.89839108194
10024;7019;FedFunds;6M;7;-1558.8313867448223
10071;8987;Estr;6M;2;-1863.92
12263;3745;SOFR;6M;2;1631.4391455158416
11174;6636;Estr;10Y;6;12828.036841739473
13321;8679;Estr;20Y;2;-2006.02
11936;8980;FedFunds;3M;2;-11782.89
10967;4637;Sonia;15Y;4;-6581.74
12023;1510;Estr;6M;6;-1718.1948056918845
13324;6363;Libor;5Y;6;7021.97
10585;9068;Sonia;15Y;7;4904.33
12488;5066;Estr;25Y;2;-5129.152903609109
11225;3775;Libor;20Y;6;-5595.96
12026;3063;Estr;2Y;9;-2481.15
11808;9107;FedFunds;6M;9;3062.74
12535;3006;Euribor;2Y;6;-254.97421321522233
12025;1990;Estr;10Y;7;-8813.6
13233;2744;SOFR;3M;2;-1848.3902479181802
10515;1660;FedFunds;30Y;8;10858.36
11275;3944;FedFunds;25Y;3;865.14
10166;4490;SOFR;1Y;9;13478.73839938289
13431;5768;Euribor;15Y;9;778.07
12855;4194;FedFunds;15Y;8;519.7022115878553
12377;4603;Sonia;10Y;3;-3091.01
10485;1258;Estr;2Y;2;3959.39
10181;7898;Sonia;3M;7;-4901.825897443119
11318;5067;Euribor;6M;7;-5940.21
11362;2906;SOFR;10Y;2;2577.196256425474
13242;1068;Estr;20Y;6;7383.726602904443
10284;1988;FedFunds;20Y;4;5865.75
10643;9436;Euribor;30Y;2;2509.45
11626;5348;SOFR;30Y;3;-7563.204801872648
11314;2537;FedFunds;25Y;8;-2248.7274614426183
10950;9832;SOFR;20Y;3;-9828.41
11516;4241;Libor;20Y;1;5853.340033070426
12579;7598;Estr;2Y;6;-7333.035548162915
11581;8060;Libor;1Y;4;2058.029167994728
12100;4469;Sonia;6M;9;-5141.9415272638325
11106;4140;Euribor;5Y;5;7867.14
13380;6318;Estr;30Y;5;-3067.43
12361;8664;Euribor;1Y;7;-2010.63
13485;1604;Estr;2Y;8;2185.5357871186798
11785;3793;Sonia;6M;1;3511.2378052119866
13357;6884;Sonia;10Y;6;9139.64568064084
11946;4598;Libor;6M;5;-3464.207795869976
13233;2744;Estr;3M;8;6125.899752081819
13162;5509;Libor;30Y;7;969.42
12168;5107;FedFunds;15Y;3;-3485.8
10279;9954;Sonia;5Y;4;-369.4739451806536
12012;7213;Sonia;10Y;3;-4413.123824948089
10555;8597;Estr;6M;1;1744.141028629458
13006;4143;SOFR;5Y;5;1793.3543713529941
12444;1473;Estr;15Y;8;-4345.15479790952
12670;7056;Libor;6M;4;-349.28497332437314
11625;4406;Estr;1Y;6;-884.68
10350;7570;FedFunds;2Y;3;-3788.0836207856955
10921;5713;Sonia;1M;6;-1800.93
12375;5599;Libor;30Y;8;8858.63298589394
10128;1249;Sonia;1Y;4;-1299.915469526174
11844;2830;Libor;5Y;4;-8346.28238615386
10350;7570;Euribor;25Y;4;-578.843620785696
10110;5910;SOFR;15Y;3;10199.95024787854
12496;8282;Sonia;1M;8;4119.6900931943155
11352;4123;SOFR;6M;1;2545.342506691997
13268;2982;SOFR;10Y;5;655.9896748999138
12234;8111;FedFunds;30Y;6;10185.77
10319;3113;Euribor;20Y;2;1920.5183285248672
10723;8352;Libor;1Y;5;6327.515773022469
11298;5141;Estr;6M;9;11423.35
12872;1700;Estr;10Y;1;-271.2507743466722
10945;8940;Libor;15Y;4;7131.149128805496
11181;7496;Libor;25Y;9;-4524.19
12027;5919;Libor;1M;3;-5615.742783725149
12286;6386;Euribor;15Y;9;-503.81014035571275
10615;2548;Sonia;25Y;8;-898.156076880331
12714;8485;Euribor;3M;5;-7417.13
11391;2447;FedFunds;30Y;6;814.54
10868;7251;FedFunds;30Y;5;-1788.0953587982747
13166;8288;SOFR;20Y;8;-2718.05
12104;7994;Euribor;25Y;1;1075.61
12197;4759;Sonia;2Y;9;-4099.85
11786;6467;FedFunds;30Y;3;968.48
13300;3263;FedFunds;20Y;3;-5971.392111393435
12929;3233;Libor;30Y;8;5649.24
11512;3934;Sonia;30Y;1;-3353.1805155782467
10226;2333;SOFR;1M;3;-4295.410078287533
10776;9092;Sonia;30Y;8;-2210.9248027037584
11829;8416;Euribor;1Y;5;4089.938670012739
10111;6348;Libor;2Y;4;-1476.32
12876;2466;Estr;2Y;8;-4316.115234798498
11006;4917;Libor;2Y;2;6615.49
12882;9239;FedFunds;1M;8;-8328.44
12070;2291;Estr;30Y;1;8899.78
12870;5445;Sonia;25Y;2;4274.85
12336;4729;Euribor;10Y;3;7181.29
10409;1016;Sonia;3M;4;8969.927464694596
11043;5712;Estr;3M;6;-731.9364488181154
10534;7246;Sonia;3M;4;11401.33
10462;3014;Euribor;3M;7;-9435.31
10442;3023;Euribor;6M;4;4328.334073120323
13317;3846;Estr;30Y;8;-7040.22
12635;3882;Euribor;25Y;2;-5188.94
12901;8660;SOFR;1M;6;-3469.83
10283;4093;Libor;3M;7;3763.67
11118;1888;Sonia;1M;9;1430.7321792501202
11446;6316;Euribor;1Y;1;3790.17
11796;4131;SOFR;10Y;5;9452.09
10878;5485;Sonia;3M;8;2223.8089354212207
13234;8001;Euribor;1Y;9;2299.9783491297208
10521;1771;Estr;25Y;9;3801.12
10652;4696;FedFunds;15Y;7;712.0907896136474
10960;3799;Libor;30Y;7;-734.377278279414
11068;2391;FedFunds;5Y;6;11072.974557232485
13278;7228;Euribor;3M;7;2885.52
10468;2938;Estr;2Y;4;-4176.72
13196;6938;Euribor;25Y;9;-27.942823070536633
10568;4162;Estr;1Y;1;-698.68
11266;8525;FedFunds;3M;4;5163.08
12749;4839;SOFR;10Y;7;4568.05
11759;7435;Estr;15Y;5;-2983.12
11484;5784;SOFR;25Y;2;-12107.62
13204;3609;Estr;2Y;8;-8275.17
11459;1667;Libor;10Y;4;1848.7250341402294
11345;7694;Euribor;25Y;5;-266.6734114405051
11585;1076;Libor;5Y;6;-831.7723559350684
12272;9567;Libor;10Y;9;-3109.31
12069;9400;Libor;25Y;8;8872.11
10434;7279;FedFunds;25Y;7;-7573.01
13128;8354;FedFunds;30Y;2;3804.27
12313;9035;Estr;30Y;2;-3464.7111710865097
10084;6732;Estr;6M;2;9237.77
12414;4322;SOFR;10Y;6;961.7140418900594
12536;7247;Sonia;15Y;6;-1820.6114003162957
11898;7333;FedFunds;3M;7;4137.82
12783;7337;Libor;2Y;7;2803.59
11195;2173;Libor;30Y;2;-9715.81
10221;3074;FedFunds;25Y;4;-7185.95
12890;5835;Libor;10Y;1;1110.93
12393;8248;Euribor;30Y;7;184.56748283677643
11947;8636;SOFR;10Y;9;-8333.99
13257;7792;Euribor;10Y;9;5990.231739843982
10465;1671;SOFR;10Y;7;1.4585952867901142
10507;8789;FedFunds;30Y;6;2747.48
11680;2509;Sonia;6M;5;-4783.402115870497
11315;8823;Estr;20Y;3;-10400.38
11399;9328;Estr;5Y;6;1892.81
12326;4299;Sonia;1M;4;5204.068697689352
13357;6884;Estr;1Y;1;7430.78
10778;9490;Euribor;15Y;8;6264.6
10809;3148;Libor;3M;6;-279.9591577347501
10847;2051;Euribor;1M;5;4047.54
10702;2742;Euribor;1M;9;-5966.73
10193;9666;Sonia;30Y;9;-7088.06
10475;5666;SOFR;25Y;7;1022.0862738442073
11960;8496;Libor;20Y;8;-2723.6
11352;4123;SOFR;2Y;3;3488.8425066919967
10218;9996;Libor;6M;9;2161.689829825961
12506;5289;FedFunds;3M;1;-6798.84456539781
13352;4062;Sonia;1M;3;4219.13
11779;4785;FedFunds;1M;4;5351.353748732161
11728;6591;SOFR;25Y;9;1376.8046554801758
12604;5885;Libor;3M;3;3581.43
13463;8952;SOFR;10Y;4;-1220.9320290001992
12585;8681;Euribor;2Y;6;8643.302387399039
11124;8950;Sonia;10Y;4;-4185.43
10301;7082;Estr;20Y;8;8870.26
10613;7469;SOFR;1M;1;-4614.903906564203
10124;6989;Estr;3M;4;8259.47
11432;6917;FedFunds;1M;7;-12608.21
10621;7091;Libor;25Y;1;-393.3651770089473
13452;7978;Estr;2Y;6;1176.42
10531;5492;FedFunds;5Y;4;-3679.4881041402796
12849;4603;Libor;5Y;5;-2769.1361921983676
12943;9066;Libor;3M;4;-2968.46
11205;9210;Sonia;25Y;9;-2036.1889816194557
10058;1699;Euribor;30Y;3;326.16986201214877
11511;2353;Libor;15Y;7;-5280.94
13247;6862;FedFunds;1Y;1;-5815.12
10250;5388;Libor;2Y;3;-3574.58
13274;7621;Libor;10Y;9;4033.457239735862
13055;6479;Libor;6M;6;3778.3167769975225
12305;2992;Estr;6M;1;6488.37
10300;4041;SOFR;20Y;5;-778.9210425580563
10992;5675;FedFunds;2Y;6;-711.0215250194865
10525;8616;FedFunds;25Y;5;-9169.51
10010;8555;Euribor;10Y;4;5915.383888307531
12870;5445;FedFunds;5Y;6;624.35
11661;5300;Euribor;30Y;3;-5295.663424393246
10729;9468;FedFunds;15Y;4;2230.979293717228
11159;9992;FedFunds;10Y;5;-1380.94671236728
12564;6468;Estr;25Y;8;8041.53
11779;4785;Libor;20Y;2;-4849.54625126784
13428;3646;Libor;10Y;5;6578.25
11509;5798;Euribor;5Y;6;1637.8
11553;9974;FedFunds;1M;1;7226.725747521699
10211;5177;Libor;1Y;5;9283.65
13076;2671;Sonia;6M;8;-1001.87
13238;5310;FedFunds;25Y;4;7164.41310527319
12590;6200;Libor;1Y;6;-7503.22
11235;7310;Euribor;6M;4;-4311.326861100944
10195;6299;FedFunds;3M;4;7118.671250851647
10680;4171;FedFunds;15Y;4;4891.156441022611
12996;7348;Estr;2Y;9;2526.8662954344145
11345;7694;SOFR;30Y;1;-2127.1734114405053
12305;2992;Libor;30Y;5;4721.44
11229;4392;SOFR;2Y;6;1276.7549894261497
11858;7255;Euribor;6M;9;858.2411894829047
10325;4568;Sonia;20Y;2;4722.75
10928;7553;Estr;1Y;1;6678.29
11654;4081;Estr;6M;9;-983.2
12316;3586;FedFunds;6M;5;-4764.58
13404;1333;Estr;30Y;5;-1168.51
11398;3072;Euribor;2Y;7;-8337.116788027175
13266;8466;Estr;30Y;6;-5422.635781060729
12736;6718;Euribor;6M;3;-679.7542480675984
13217;7705;SOFR;5Y;2;147.06
13342;3415;Libor;1Y;4;942.99
12455;3780;Euribor;1M;9;4838.55
11826;3515;FedFunds;30Y;9;5322.67
12644;7387;Sonia;10Y;5;6836.25
11371;3739;SOFR;1M;1;-7761.905842205775
13286;1994;FedFunds;30Y;3;-5961.188072190987
10996;7559;SOFR;1Y;6;-7402.81
12126;7656;Estr;2Y;5;-4996.444691508096
12337;7110;Estr;30Y;4;-5521.366693137088
10538;4808;Euribor;2Y;7;-7340.0
13073;1324;Estr;30Y;4;8400.74
12304;9050;SOFR;5Y;9;7292.026289603044
11724;4816;Libor;15Y;8;-4627.725613397715
12532;8595;Sonia;2Y;2;-7424.4
12140;8377;Estr;10Y;7;-4877.392930445192
11311;5917;Libor;3M;1;-3608.71800561849
11981;6604;Estr;30Y;3;-3312.721612019259
11384;9624;Libor;1M;9;3981.29
11004;3313;SOFR;2Y;4;-3891.4438584171025
13334;7270;SOFR;25Y;1;403.8
10169;7413;Libor;3M;1;-3376.3789372653546
12104;7994;Libor;1M;5;-4799.43
10619;8703;SOFR;1M;2;4923.336911464769
12675;1357;FedFunds;2Y;2;-4388.39
10536;7993;Euribor;5Y;5;384.49
10555;8597;Libor;1Y;7;-589.7489713705418
10253;2868;Euribor;5Y;7;-4700.42
13464;8838;Sonia;10Y;9;-653.5087697698818
12484;9401;Libor;25Y;1;-4181.62137692915
13224;4563;FedFunds;15Y;2;8065.114042597599
10702;2742;Libor;5Y;4;1215.09
10006;4556;Estr;30Y;1;-2699.56
11695;4019;Libor;1Y;5;11243.34
11501;8320;Estr;25Y;1;5252.54
13294;6765;SOFR;5Y;7;13815.42
11078;7468;Estr;20Y;3;-568.04
10431;5082;SOFR;5Y;9;-6713.32
13443;5694;Estr;15Y;6;-1336.194948317534
12262;6715;FedFunds;6M;1;-11542.61
10869;7078;Libor;15Y;2;-5984.7
10542;5008;Libor;15Y;5;-5414.920765231846
12298;5278;Sonia;1Y;9;-92.86705697908417
10273;2136;Libor;5Y;1;-5362.37
12905;5000;SOFR;6M;8;-8770.68
12966;4262;Estr;25Y;7;2217.46
13047;6091;FedFunds;15Y;7;-4734.45
11869;5675;Sonia;20Y;4;3494.29
12202;2392;Euribor;6M;3;13471.0
11413;9598;FedFunds;3M;3;-4800.42
12378;4811;Euribor;10Y;5;949.28
10434;7279;Sonia;1Y;6;-858.48
12871;8902;FedFunds;6M;4;-2343.829055193879
11581;8060;SOFR;25Y;8;6871.34
13340;5536;Libor;5Y;9;1611.59
13206;7121;Estr;20Y;2;-5493.7866122410505
10324;7099;SOFR;10Y;7;-8086.35
13275;9803;Euribor;25Y;8;3754.7267257199715
12254;1214;Libor;20Y;3;4140.67
10746;6126;Euribor;5Y;9;282.1131937028258
13490;3832;Libor;1Y;5;-904.9240559103964
11544;3367;Libor;10Y;6;-3952.76
10712;9560;Euribor;20Y;1;-13029.82
10803;7065;Libor;2Y;6;3082.5
10211;5177;Euribor;1Y;1;-820.08
10728;1195;Estr;15Y;3;522.21422023067
10760;6255;Libor;2Y;7;-4021.3360088253794
12053;4653;SOFR;5Y;6;2250.72
10710;4676;Euribor;20Y;4;10342.15
12233;8276;Euribor;6M;2;-1768.44
10555;8597;FedFunds;5Y;8;-2792.73
12091;6161;Euribor;30Y;7;-8133.24
12336;4729;Sonia;10Y;6;10009.83
10402;7548;Libor;10Y;4;-5255.11
12195;9253;SOFR;20Y;5;3641.7911645634026
10498;1155;SOFR;30Y;8;4724.17
12869;7828;Estr;6M;9;-425.0186703726031
10363;1482;Estr;3M;7;-5453.05
10915;5933;SOFR;6M;6;-6247.3259137461855
13329;3156;Libor;2Y;4;1757.3355018600416
10531;5492;Libor;3M;8;6981.731895859721
12973;3293;Libor;2Y;5;1065.9282201112258
10922;6308;Euribor;20Y;1;4335.208179939467
11833;3550;Euribor;2Y;3;-1492.93
13079;4481;SOFR;1Y;9;-4438.565228651239
13413;5053;Sonia;20Y;2;8178.66
12607;1149;Euribor;10Y;7;-394.1403450332273
11475;6153;Estr;15Y;9;-1274.7923768544633
11808;9107;Estr;25Y;6;2267.58
10061;5014;Libor;15Y;1;-830.29
11566;7745;FedFunds;2Y;5;4531.974939061268
11104;6398;Libor;15Y;8;3204.16
11724;4816;Euribor;15Y;7;-6065.61
11813;2690;FedFunds;3M;5;-7601.02
12888;4317;Euribor;10Y;4;-2022.878784513944
10276;8059;SOFR;20Y;7;-192.7
11024;4159;SOFR;3M;1;-4519.0
11865;3179;Sonia;30Y;9;-3213.5730691701538
10471;1572;Sonia;2Y;2;131.64
10500;7659;Euribor;20Y;1;12262.79
10819;8185;Estr;10Y;9;-9885.05
12976;6495;FedFunds;10Y;2;7728.781795939389
11466;4883;Estr;25Y;8;7428.26
13324;6363;Estr;30Y;3;4002.73
12985;4613;Libor;15Y;8;4849.82746243415
10149;9905;Sonia;30Y;6;-4222.225574326785
12842;1751;Estr;25Y;1;6919.57
11973;8391;Estr;3M;4;-3312.1222312336063
10989;2184;Euribor;1Y;2;12392.93
12351;5123;Estr;10Y;7;3102.3
11228;1919;Euribor;30Y;8;10579.646248088915
12299;8635;Sonia;1Y;4;8499.44
12866;3846;Estr;1Y;4;-6229.59262791773
12786;8973;FedFunds;5Y;1;-12036.358922969815
13196;6938;Euribor;10Y;4;-5575.252823070536
12053;4653;Estr;1Y;7;7062.72
13411;1245;Libor;5Y;4;-2018.4927242676704
12650;5025;Euribor;10Y;1;3730.66
13118;6557;SOFR;2Y;7;-1446.5789601819515
11243;9177;SOFR;3M;2;-5139.45
10548;2141;FedFunds;10Y;7;432.8811582552971
10571;5761;FedFunds;5Y;8;5071.48
10656;2772;Sonia;2Y;8;-2423.95621658856
10677;1680;Sonia;1M;3;-10191.19
10333;8175;SOFR;20Y;1;1486.69
12615;8868;FedFunds;1Y;7;-4333.404343538332
13496;1867;FedFunds;2Y;3;7246.791421436532
12074;9814;Libor;15Y;6;4310.66
10151;1232;SOFR;1Y;7;-14145.48
12473;3835;FedFunds;15Y;8;3165.19
12907;5671;Euribor;10Y;3;-7945.34
12967;6376;Estr;3M;6;242.24
10630;1025;Euribor;1Y;5;1579.4262679220417
10081;8390;Libor;30Y;4;-4460.42
11319;8281;Libor;5Y;7;-777.0754624796568
13299;3108;Libor;25Y;5;-2551.07
11735;9634;FedFunds;20Y;5;920.9419275956061
11746;6873;FedFunds;20Y;1;606.15
12739;5274;Sonia;1Y;5;-178.857700858498
11675;8773;Sonia;25Y;8;-2459.0040365543764
11155;3283;Sonia;20Y;8;1701.8630371369918
12185;2385;FedFunds;1Y;2;-8739.06
12146;3517;FedFunds;20Y;4;-3575.863380156213
12102;1949;Libor;5Y;8;8089.89
12711;6966;FedFunds;25Y;8;3093.1325497909274
13315;1858;SOFR;15Y;5;7504.84
11747;3520;Euribor;1M;1;-223.19077121121973
12003;2245;FedFunds;15Y;2;-7626.436434534135
10978;8680;Estr;30Y;3;7335.440826573144
12907;5671;Estr;10Y;6;-277.26
11945;2193;FedFunds;30Y;4;13840.38
10632;9682;FedFunds;3M;2;-1849.98
11843;6957;Euribor;2Y;7;500.004833036645
12181;8379;Libor;3M;1;1034.78
12615;8868;Euribor;10Y;2;884.0956564616677
12703;9261;Sonia;1M;5;10283.396854635303
12023;1510;Estr;3M;5;6936.275194308115
11082;2567;Estr;5Y;4;1362.5382322046187
12265;8008;FedFunds;1Y;6;7357.43
12177;4325;SOFR;6M;6;7593.230272198241
10265;1317;Euribor;15Y;6;4881.944522061745
12474;3696;Libor;30Y;8;3952.06
10071;8987;FedFunds;30Y;2;1178.11
13155;1693;Euribor;20Y;3;-7579.976376220613
11659;9378;Libor;2Y;9;-5173.0
12678;4526;Estr;5Y;1;859.852057070401
13002;4811;Sonia;25Y;5;-2180.29
13160;4749;Estr;30Y;8;1173.37
12238;4273;Sonia;2Y;6;5193.07
12837;3758;Libor;1Y;3;-3189.77
11003;5321;Estr;3M;3;8724.84
13046;2987;Libor;15Y;8;-603.3456111155451
12828;2952;SOFR;10Y;4;2575.52
12763;4966;Estr;30Y;6;226.8015619538255
12126;7656;Estr;30Y;4;9538.255308491905
12198;2345;Libor;6M;6;-7618.112033305379
11526;9215;SOFR;2Y;3;2554.4743150230306
11244;1508;Sonia;5Y;4;5973.24
12818;2946;FedFunds;20Y;8;1029.1228423450202
13177;6127;SOFR;1M;9;3739.2321891925912
10937;3172;Sonia;25Y;7;-4638.478303004291
11516;4241;SOFR;6M;2;626.4900330704259
13329;3156;FedFunds;10Y;1;-1169.8844981399584
10020;9996;SOFR;1Y;2;2278.472887111098
13155;1693;Libor;25Y;5;4510.313623779387
10085;2066;Euribor;30Y;4;387.54
11947;8636;Sonia;5Y;8;-5175.97
11400;6021;Libor;30Y;7;-2454.27
12690;4936;Euribor;1M;8;-5116.07
10463;6347;Libor;10Y;4;-2960.35
13463;8952;SOFR;1M;9;-5974.862029000199
12592;1950;Estr;1M;7;8009.0029808255695
10732;2029;FedFunds;3M;2;11010.02
12171;9713;Libor;2Y;7;1538.76
10044;3049;SOFR;25Y;2;-6375.6
11684;7823;Libor;25Y;5;106.78
11246;1324;Euribor;20Y;5;3463.6
10827;8869;Libor;2Y;8;3765.62
10268;2704;FedFunds;25Y;3;-3208.9138144107515
11412;2541;FedFunds;2Y;2;-785.12
12955;5741;Sonia;5Y;1;-8423.662901028914
12186;3233;Euribor;5Y;9;-5124.9
11772;5979;Sonia;6M;2;-7222.83
13151;6828;SOFR;15Y;6;-2033.3581384692384
10190;6031;Estr;10Y;5;984.08
11669;3460;SOFR;2Y;7;3505.04
12110;1881;FedFunds;30Y;1;-2135.7042454393563
11594;6390;Estr;6M;5;-3094.08
13475;2756;Euribor;1Y;8;-1131.37
11947;8636;Euribor;1Y;9;-4968.98
11190;5002;Estr;15Y;5;-9167.121395651611
13127;7448;Estr;25Y;8;-6446.236492453317
11544;3367;Sonia;6M;1;-7009.09
11228;1919;Euribor;6M;6;-8344.843751911087
12141;6768;Estr;20Y;1;-4722.7
10349;9234;Euribor;25Y;9;-4448.19
11442;2325;Libor;1Y;1;-879.6218638258076
11766;5018;SOFR;5Y;7;8212.06
10813;4318;Sonia;2Y;2;1419.51
11143;9634;SOFR;30Y;8;-4612.521863606514
11972;2417;SOFR;15Y;9;-307.06066874029625
12921;6254;Sonia;25Y;7;912.7852124779001
12291;9772;Sonia;3M;1;23.104127409248576
12580;5029;Sonia;15Y;5;5593.86
13148;6376;Sonia;25Y;8;4329.53
12628;5878;Libor;25Y;5;4613.153148766411
13492;5896;Libor;3M;5;-5303.313284648008
11943;4017;Estr;1Y;8;-6439.41566538406
10442;3023;Euribor;5Y;7;-5094.975926879677
12226;1641;Libor;15Y;3;4013.9525187524996
10487;7509;FedFunds;10Y;1;-1736.9352198286879
12140;8377;Estr;30Y;2;453.5670695548074
12205;2059;Libor;20Y;7;6630.11
10678;3292;Sonia;25Y;9;423.4750340544115
12461;6761;SOFR;3M;1;2814.51
13227;6462;SOFR;1Y;2;-5058.386786610194
11595;5023;FedFunds;15Y;7;123.02376377163864
11675;8773;FedFunds;3M;7;7994.825963445624
12685;7099;Sonia;30Y;6;-10542.63
11926;2914;Libor;5Y;3;4557.12
11504;9340;SOFR;1Y;4;3870.37570390392
12086;9167;Estr;15Y;1;-9676.39
10184;8783;Estr;5Y;9;2613.7632649508632
12005;3356;Estr;20Y;8;2212.23
12598;1926;FedFunds;1M;9;5995.71
10925;4178;SOFR;10Y;7;-751.0845941009529
13102;9642;FedFunds;10Y;2;-6867.366474790319
12735;6918;Libor;6M;4;209.71288627952617
11974;9289;FedFunds;30Y;7;1615.98
11863;3354;Estr;20Y;5;-1605.08
12914;3282;FedFunds;1Y;1;10789.11
10636;8557;FedFunds;1M;1;-10249.81
12771;9129;Libor;15Y;2;-1969.7317118823228
11716;7655;FedFunds;3M;9;-4056.286168168933
10049;5433;SOFR;25Y;7;-10553.24
13397;9848;Libor;1Y;4;9422.52
12901;8660;FedFunds;30Y;1;3002.18
10616;8982;Sonia;1Y;2;-1244.93
12457;5297;Euribor;3M;6;2659.15
10344;1454;SOFR;30Y;9;-1902.4165834784787
10712;9560;Sonia;10Y;3;3529.28
10669;1205;Estr;3M;4;-5123.93
12622;8411;Libor;1M;2;3164.888697669509
13071;1891;SOFR;1M;1;1043.28
10306;4638;FedFunds;10Y;6;-3513.51
12872;1700;Sonia;20Y;8;-217.17077434667226
13065;2963;Estr;20Y;6;-1708.7961302701704
10913;7940;FedFunds;2Y;5;2230.5164616978664
11418;7854;SOFR;15Y;5;2842.87
12614;9499;Euribor;20Y;7;1715.17
11569;4416;Sonia;15Y;7;790.3621475811724
11597;4414;Sonia;1M;4;-3257.0157319172313
12284;3682;SOFR;1M;4;3838.76
12798;3749;Sonia;1M;5;-6880.63
10544;8064;Sonia;1M;9;-12176.55469349584
11693;1565;SOFR;15Y;7;-3181.067467856202
13423;4261;FedFunds;1Y;9;453.07
11447;7382;SOFR;15Y;6;-1100.49
10696;7361;FedFunds;6M;4;7435.479106848645
11093;3173;FedFunds;1M;9;2244.77
10011;8989;Euribor;15Y;1;2204.4036138082724
11649;8727;Estr;6M;3;10136.569754494618
11600;7722;Euribor;3M;9;3410.24
13033;2238;Euribor;15Y;9;-5077.96
11180;7479;FedFunds;1Y;5;552.0667463167028
10509;2531;Libor;1M;3;1715.8167933670743
11517;6920;Estr;6M;3;-3470.97
12567;1305;Sonia;1M;2;-1145.35
11854;2421;Euribor;5Y;2;1345.12
11691;3666;Estr;2Y;3;-2297.9252824783484
12499;7373;Euribor;3M;2;3740.637519634652
12464;7556;Sonia;1Y;2;8151.32
11604;3810;FedFunds;3M;4;5747.09
10525;8616;Libor;1Y;1;-284.87
10580;4906;Sonia;30Y;8;1123.28
10203;9038;Euribor;5Y;4;-1307.3936692411646
12110;1881;Libor;2Y;4;-811.9042454393561
11945;2193;SOFR;6M;5;1470.32
10265;1317;Libor;5Y;7;-3668.4254779382545
10290;7059;Euribor;1M;1;-383.06418155464416
11930;7319;FedFunds;1M;7;203.53414199088002
12489;6856;SOFR;15Y;4;1646.7
11618;3784;Sonia;30Y;9;110.9227593516257
10941;9671;Euribor;25Y;7;10979.11
10394;6179;Sonia;15Y;5;-881.8930115130556
12478;5001;Libor;15Y;5;2064.16184180891
11561;1583;Sonia;30Y;2;1395.58
11785;3793;SOFR;30Y;7;-2470.9021947880133
11381;8135;SOFR;5Y;8;-107.26797843215536
10287;9984;Estr;15Y;8;-312.08
11829;8416;Sonia;1M;8;2449.4286700127386
11625;4406;Sonia;1Y;9;-12897.11
10533;7132;Euribor;20Y;1;-892.61
12297;6025;Euribor;15Y;6;-4752.92
12053;4653;Euribor;30Y;9;-665.93
11812;7539;Euribor;3M;8;-8493.48
13353;8210;Estr;15Y;4;-277.07703189874337
12421;7060;FedFunds;25Y;3;-6953.19
10811;8357;Libor;25Y;3;-131.59933224830547
11847;6024;Sonia;15Y;3;6470.81
11019;7453;FedFunds;6M;2;-1615.75
11515;4264;Euribor;10Y;7;-6088.91
10031;2998;Libor;15Y;4;3412.8450383455684
10264;4020;Estr;25Y;8;-15165.638742385734
12049;3939;Estr;30Y;8;-3215.79
11797;2391;Sonia;30Y;1;10523.344920671678
10258;8312;SOFR;20Y;2;-2819.55
10064;9716;Sonia;3M;6;4685.73
11383;5155;Libor;6M;4;-8826.982142112945
12962;7023;SOFR;25Y;4;-8565.63817047817
13063;9168;Euribor;10Y;5;-682.9361602916233
12613;4412;Libor;1M;4;-3793.43
10364;9853;Estr;15Y;9;1721.65
10680;4171;Sonia;1Y;2;-4513.70355897739
10973;1506;Sonia;10Y;5;-1661.7
10493;3504;FedFunds;2Y;3;5917.67
12626;4240;Sonia;30Y;5;4401.84
10284;1988;Euribor;3M;9;-3847.89
12744;1774;Sonia;5Y;9;2042.9
10503;5741;Estr;15Y;1;-3825.027478641611
13491;6177;Libor;1Y;2;-6206.4286135682105
11398;3072;Estr;3M;5;-3162.7467880271743
11960;8496;Euribor;1M;4;4615.02
11532;1669;SOFR;20Y;1;-536.9912842505855
12475;1058;FedFunds;6M;8;-1266.5756188485427
12541;2865;Euribor;1Y;9;-7608.90496320513
10376;4374;Sonia;5Y;1;1215.72
11278;1501;SOFR;1M;6;4239.059353118076
10630;1025;Sonia;2Y;5;1988.6062679220418
10378;8446;Libor;3M;9;-3603.24
10348;2177;FedFunds;10Y;3;-5762.42
11092;4768;FedFunds;20Y;3;2295.74
10602;5523;SOFR;1M;3;141.9922710679184
13039;6578;FedFunds;25Y;4;-1498.3987837141467
10685;9850;Libor;10Y;7;3513.21
10743;6097;Sonia;15Y;3;-9811.702011700792
11992;1818;Libor;1Y;3;-2112.9138884853733
11001;9022;FedFunds;25Y;9;-8209.68
12768;3021;FedFunds;25Y;6;-1839.7
10715;2551;Libor;25Y;2;5773.78
11565;7902;Libor;10Y;4;5240.12
10907;9430;Sonia;5Y;7;5843.68
12111;1158;Euribor;30Y;8;-6324.46
12397;3303;Euribor;1Y;7;-6648.95
11873;3939;Libor;1M;3;-3749.160833058175
10967;4637;Euribor;5Y;5;-4510.7
11128;6427;SOFR;1Y;5;304.1149590861769
12609;9360;FedFunds;1M;9;5060.41
10504;5596;Estr;10Y;4;-5194.860187303197
10506;5249;FedFunds;25Y;4;-9286.758603555158
13014;4436;Libor;6M;1;878.6380768633835
12896;1777;Euribor;30Y;4;-3918.61
11307;3083;Euribor;6M;4;10381.714333741143
10235;2750;Libor;1Y;3;148.94
10313;6631;Libor;10Y;2;2029.51
10008;3612;FedFunds;20Y;7;-2771.14
12112;8803;SOFR;10Y;2;2203.53
11629;9283;Libor;1Y;2;-3049.73
12039;9534;Libor;15Y;5;560.5532729735523
12631;6426;Estr;6M;3;-6133.13
10425;8128;SOFR;5Y;5;-739.37
12467;9509;SOFR;30Y;2;3065.441181629295
11343;4022;Sonia;6M;7;11918.76
12141;6768;FedFunds;2Y;1;-2847.66
11839;3970;Libor;15Y;1;6225.245625183135
11551;7331;Euribor;1M;5;153.30155735738845
13134;6020;FedFunds;5Y;4;5034.57
12055;5364;Euribor;6M;2;3279.7
10107;9647;Euribor;10Y;9;6786.64
11950;5412;FedFunds;30Y;5;7029.808929495351
12157;7174;Libor;6M;1;-4781.95
10848;7320;Euribor;1M;7;-5663.07
12156;4285;Estr;20Y;7;7836.25
12010;1288;Sonia;5Y;3;1354.88
12629;2374;Estr;20Y;2;-9563.74
13092;5378;Sonia;5Y;4;5227.62
10069;6691;Euribor;5Y;7;2018.889973256231
11799;1731;Sonia;10Y;1;699.0863916688049
12155;7324;SOFR;3M;6;-3356.1
10953;9320;Libor;1M;4;-3014.571811534939
11213;1261;SOFR;3M;4;3189.6
11918;8045;Libor;20Y;9;1252.2719897132538
13222;5779;Libor;10Y;3;3147.18
11757;1849;Euribor;5Y;2;-3578.310361559046
13113;4593;SOFR;2Y;4;-3107.8177697385545
12106;4765;Euribor;15Y;3;4865.113777308265
12268;6158;SOFR;2Y;3;-6006.10591888095
11984;3343;FedFunds;10Y;4;5887.61004720693
13019;7181;Libor;10Y;6;-8767.02
12534;6964;Sonia;2Y;2;7793.7
13126;7172;FedFunds;20Y;5;-4521.231113316153
13317;3846;FedFunds;1M;2;-6059.07
13328;6562;FedFunds;10Y;8;-261.07450109789715
11850;6938;Estr;6M;5;-4893.644155683807
12176;5674;Sonia;2Y;3;7210.21
12015;6055;SOFR;5Y;8;-866.05
10063;6596;FedFunds;1Y;6;-5207.0
11216;6724;FedFunds;15Y;2;1363.23
12480;2326;Estr;2Y;5;1875.896304713176
13199;2865;SOFR;1M;9;-1936.146641618168
11801;6008;Libor;10Y;4;-171.20672732525236
11892;3696;Libor;15Y;6;8129.51
12947;2150;Libor;3M;4;-1552.86
12157;7174;Estr;15Y;9;-6592.58
11975;3196;Libor;2Y;9;-6959.71
13023;6171;Euribor;10Y;8;4875.05
10706;5396;Libor;15Y;6;2063.41
10542;5008;SOFR;30Y;5;2007.7792347681539
11460;7982;Euribor;6M;5;-6739.986257512964
12716;9339;Libor;10Y;1;-3951.2111469976526
11813;2690;FedFunds;6M;6;5252.4
12860;4051;SOFR;1M;9;1452.38
11610;9459;Libor;25Y;8;-4685.931533179963
10308;1661;Estr;10Y;1;7564.922608397595
11794;5023;SOFR;2Y;4;-11647.393850685574
11291;8131;Sonia;1Y;3;-4226.52
12765;2868;Libor;2Y;5;1641.76
10905;6450;FedFunds;5Y;2;-584.4990306338386
11407;8095;Euribor;20Y;6;8196.476666739569
10459;1685;Sonia;2Y;7;1857.88
10569;7538;Euribor;10Y;1;-1183.4024844163305
12801;7581;Sonia;30Y;8;1251.53
12069;9400;Estr;30Y;3;2046.21
11139;3831;SOFR;1Y;7;-7541.47
12676;3596;Sonia;15Y;7;-6980.225733684105
12865;6970;Libor;15Y;9;-1252.55
12539;6007;FedFunds;3M;2;11404.698811769947
12474;3696;SOFR;3M;9;11366.94
12550;9808;FedFunds;5Y;2;5121.99
10433;6926;Libor;1Y;2;1908.1790797869048
10899;2814;Libor;2Y;8;4371.19
11395;9428;Estr;1M;6;8515.771503847685
11016;7219;FedFunds;25Y;3;2627.43
12243;8041;Sonia;25Y;6;2705.2217214288257
13320;7849;Libor;20Y;5;5071.75
12304;9050;Euribor;1M;9;-12729.543710396956
11935;5406;SOFR;25Y;3;-589.8503712126612
10587;9605;Sonia;6M;5;-7484.116061385768
11859;5419;Euribor;25Y;5;2528.73
12499;7373;Libor;20Y;9;2187.2375196346525
10592;5727;Libor;30Y;5;-1683.31
12907;5671;Euribor;6M;6;11163.98
13212;2325;Libor;30Y;4;374.69842202924974
12057;8730;SOFR;6M;5;2621.47
13102;9642;FedFunds;25Y;2;1603.2035252096803
11583;6166;FedFunds;1Y;5;3045.9
11783;2331;Sonia;1Y;7;3538.26
11313;8226;Sonia;25Y;1;-3823.127068601555
12265;8008;Euribor;2Y;7;3385.4
13247;6862;Euribor;20Y;8;-1666.89
11136;8067;Libor;5Y;5;-1255.5218081024532
10034;5737;Sonia;2Y;7;-944.33
10266;7183;Libor;1M;6;-4386.44
11212;1445;Sonia;5Y;7;1777.796487270809
13229;7160;Euribor;3M;1;-7913.3
11622;7720;Sonia;30Y;1;453.6594949567443
13350;2135;SOFR;20Y;3;4235.27
11537;1486;Euribor;1Y;6;6505.94
11431;8314;Estr;15Y;8;1176.0493153588068
12497;2073;FedFunds;2Y;6;-2516.38
12937;7030;Euribor;1M;7;1530.387955836119
12292;3236;Estr;1M;3;5205.989946210774
11759;7435;Estr;25Y;4;10840.45
12627;8020;Libor;10Y;8;-9440.18
10514;6154;Sonia;5Y;1;1356.9438800856942
11926;2914;SOFR;2Y;7;-2232.62
13092;5378;Sonia;1M;9;-6713.16
12547;9339;Estr;5Y;3;2793.55
11513;6141;Libor;3M;8;6683.815911738751
11870;8096;FedFunds;1Y;3;-6131.504950173414
10184;8783;Euribor;1M;7;3691.673264950863
10076;1580;Estr;25Y;8;-369.78234769443793
11032;3476;Euribor;25Y;1;1447.5820413704391
11914;2265;Sonia;1M;9;445.16330156808453
11804;8313;Sonia;5Y;5;-1548.5119709342375
11315;8823;Euribor;15Y;7;-3574.53
11449;2469;Sonia;10Y;7;1976.5259413107742
11795;1390;Libor;15Y;3;-7885.454335199145
13141;2375;Euribor;15Y;6;-379.07489355741745
10111;6348;Sonia;10Y;6;-9787.15
12179;8965;Libor;3M;8;6205.76
12974;7162;FedFunds;30Y;4;470.54925569713123
12567;1305;Euribor;2Y;9;-654.14
12973;3293;Sonia;6M;9;-341.0117798887741
13474;1360;Libor;5Y;5;-4656.373705094228
10249;3050;Libor;6M;4;558.496127788123
13124;2025;Estr;3M;8;-3475.85
11437;7400;Libor;1Y;7;7539.85
11891;8011;Sonia;1Y;2;3470.83
10250;5388;Euribor;2Y;7;9648.94
10217;8368;Libor;30Y;8;1373.52
10289;9782;Sonia;1Y;5;4844.248392676493
10535;4741;Libor;6M;5;10809.79
10734;7968;Libor;30Y;2;3011.7143779380476
12874;2468;SOFR;25Y;4;-14268.06
12876;2466;SOFR;5Y;2;-2635.6752347984984
11761;9708;FedFunds;25Y;6;-4287.973286661489
11795;1390;Estr;6M;4;2274.025664800855
10299;8833;Sonia;3M;4;-956.1831094679123
11339;9159;SOFR;2Y;8;-685.6743409455594
13098;9233;Estr;6M;1;-10304.905052791857
10737;5757;Libor;3M;4;-6525.11
10386;8629;Estr;1Y;6;-5275.76
10504;5596;Estr;30Y;4;11786.53
11775;2361;SOFR;2Y;8;1524.98
11083;8867;Euribor;2Y;4;979.5254533809393
11359;1028;Euribor;6M;2;10817.06
12591;1703;FedFunds;20Y;4;8647.062071151788
10312;2712;Euribor;25Y;7;7966.650518008866
13046;2987;SOFR;5Y;3;4147.884388884455
11888;2151;Euribor;15Y;3;-7880.22
10663;7614;Sonia;1Y;9;1731.52
10104;4141;Sonia;2Y;4;-4103.330372149824
12104;7994;SOFR;30Y;9;13161.68
10129;5363;FedFunds;15Y;4;-7465.167972093792
10181;7898;Euribor;30Y;3;-3554.035897443119
11803;4088;SOFR;3M;8;-804.6295899066836
11932;4598;SOFR;2Y;7;-5746.15
12819;4449;Euribor;5Y;1;9891.4
10692;4951;Libor;25Y;9;-156.3769917296695
13152;7668;Sonia;2Y;3;2802.54
11973;8391;Sonia;10Y;7;4205.437768766393
12866;3846;SOFR;25Y;6;13506.337372082271
13116;6303;SOFR;2Y;1;-4340.2
10074;1512;Sonia;5Y;9;728.6371614841328
10895;6054;Libor;10Y;5;-13007.43
12215;8562;SOFR;10Y;1;-4104.82948330669
12875;1285;FedFunds;10Y;5;-4440.66
11512;3934;Libor;20Y;8;4350.029484421752
12062;1171;SOFR;1Y;3;1946.3909266533967
11696;5019;SOFR;2Y;2;-3904.4041102058686
12116;6645;Sonia;1M;2;2081.53
10498;1155;Libor;25Y;1;-7828.06
11860;4378;Libor;2Y;8;4988.252695371646
13459;3529;Libor;30Y;8;-9786.8
10138;1666;SOFR;15Y;4;-3154.98
11609;8819;FedFunds;1Y;4;7403.58
12034;3072;Libor;20Y;5;173.2312720359696
10441;2929;Estr;2Y;5;801.8490126507795
11890;4955;Libor;10Y;7;1061.4932139205957
12486;8137;Sonia;6M;7;-2974.500466879179
11335;3705;SOFR;5Y;4;8238.95
10849;4359;SOFR;2Y;6;5107.964632301925
12009;4879;FedFunds;15Y;5;-3326.3686596557313
12067;3523;Libor;1M;3;5002.277531019367
10471;1572;Libor;5Y;3;3440.7
11667;7411;Libor;30Y;2;2671.41
10081;8390;Sonia;1Y;4;-397.45
11620;2426;Libor;10Y;7;-6283.290745411038
10679;1174;Euribor;1M;3;7592.45
11625;4406;FedFunds;10Y;6;4217.08
10074;1512;SOFR;6M;2;-1480.9928385158673
11826;3515;Estr;5Y;4;-905.71
11875;4850;FedFunds;6M;8;-961.81
12358;3525;Euribor;6M;8;-7691.62
13146;6830;Estr;3M;7;1980.61
11529;2308;Euribor;1Y;2;-1362.8559717825792
12755;3241;SOFR;2Y;1;3725.733106488878
12323;7601;Libor;1Y;5;-4512.96
10260;2290;Sonia;2Y;8;7118.923842043589
12527;2500;Euribor;6M;6;-14.990033283893354
11063;4829;Libor;15Y;7;8516.599070275224
11556;7458;SOFR;10Y;1;-7094.64
11820;2883;FedFunds;6M;7;1773.3152810309539
10834;4357;SOFR;10Y;1;6158.02
12365;5215;Euribor;5Y;6;-991.6814227114373
11281;7799;Libor;1Y;9;13009.29
10480;5869;Libor;2Y;6;-1983.7268775701532
12401;4646;Estr;2Y;4;4796.73
13304;9887;SOFR;25Y;1;-1822.3268461563089
11499;2075;Euribor;1M;3;-831.6632919372696
10112;7190;Estr;15Y;4;11933.94
13477;3313;Sonia;2Y;3;-4765.5539034744925
11183;3665;SOFR;6M;3;3910.758722682745
10874;9848;Estr;1Y;9;270.7668017749563
12266;8727;SOFR;10Y;7;7428.97
12833;2242;Libor;1M;8;845.8419725045396
12984;4104;SOFR;10Y;7;5961.86
10228;8101;Euribor;2Y;3;260.19
11703;6241;FedFunds;30Y;6;-238.0155134676752
13042;1981;Sonia;5Y;6;2221.84
11971;4349;Libor;25Y;8;7640.0492027893915
11282;5958;Libor;1Y;2;10377.84
10400;8870;Estr;15Y;6;7414.677206432044
12626;4240;Libor;15Y;3;-7063.52
11345;7694;SOFR;3M;5;-521.8934114405051
13223;3045;SOFR;2Y;7;-9711.94061789262
12417;8081;Sonia;30Y;1;-3772.406111178275
10504;5596;Estr;20Y;6;-2.070187303197372
11222;3376;Libor;5Y;6;-12107.43
10164;6287;Sonia;6M;3;-2928.34
13389;4419;SOFR;25Y;6;-1315.23
13365;9645;Libor;3M;3;4816.3
11894;4708;Libor;15Y;5;8918.948206672654
13284;3251;SOFR;10Y;6;10794.569004796405
10363;1482;FedFunds;1M;4;3250.77
10763;3972;Estr;10Y;4;9887.57
13256;3964;Euribor;15Y;3;421.3
12636;4065;Sonia;2Y;6;-3026.59
10427;6341;Euribor;10Y;9;4634.1
12044;3160;FedFunds;30Y;2;-1771.02
12290;3800;Sonia;15Y;8;2081.55
11226;6176;Libor;15Y;9;-601.5
11274;5433;SOFR;5Y;1;9002.44
11290;6192;Euribor;15Y;4;-1609.0737351450825
11350;1943;SOFR;5Y;8;-6517.134991802181
10758;9026;Sonia;20Y;5;-1006.13
10097;2167;FedFunds;6M;7;4316.58
13272;4151;Sonia;3M;7;-6611.854829477215
10073;9308;SOFR;15Y;1;190.38315488452463
13371;7279;Libor;2Y;7;6263.82
12260;7605;Sonia;15Y;4;-9135.986947863646
10883;5895;Sonia;25Y;3;2099.81
10236;6387;Sonia;5Y;4;11611.790295221486
10581;7337;SOFR;20Y;3;536.365546819241
11997;6633;FedFunds;10Y;7;3600.65
11225;3775;FedFunds;10Y;1;-4360.45
11637;5477;SOFR;6M;7;2864.74
10051;7015;Estr;20Y;7;-6304.273002882099
13272;4151;FedFunds;10Y;7;4346.485170522785
11525;2309;Euribor;10Y;6;-9249.99
10174;4687;Estr;2Y;8;-4675.42
13000;3246;Sonia;15Y;2;3618.94
12558;9166;Euribor;1M;7;3528.752009192423
10526;2455;Estr;15Y;6;-1806.76
11855;6113;Estr;5Y;3;2282.418631416828
11172;6092;SOFR;3M;7;-2097.1199748474464
12183;9871;FedFunds;6M;5;4249.69
12735;6918;Sonia;6M;7;371.23288627952616
11824;1560;Sonia;1M;2;3499.0653377423046
13297;8257;Euribor;1M;2;-4612.095459524634
12409;2781;FedFunds;3M;8;6311.008360183003
12983;9080;Estr;1M;4;-1871.55
13136;1381;SOFR;2Y;1;8444.41
13065;2963;Estr;6M;7;1849.44386972983
13086;6074;FedFunds;1M;9;1504.1070828064312
10003;6051;Estr;20Y;2;-5020.397965828517
12896;1777;Sonia;6M;4;-9458.762605002588
12240;2562;Euribor;10Y;7;1923.87
11086;7801;SOFR;1M;9;3728.642208782834
12120;5131;Libor;20Y;9;5050.08
11634;9160;FedFunds;1M;7;4769.43
10923;2907;Estr;1Y;7;-8994.68
11849;2750;Libor;6M;7;1833.7276708138243
10987;8928;Estr;10Y;6;-8010.99764300996
11971;4349;FedFunds;25Y;6;1570.7692027893918
11392;8151;Estr;20Y;8;-993.5173149834582
10958;5039;SOFR;3M;2;3797.6
11852;7474;Libor;3M;6;9004.95657343064
12608;5476;Sonia;2Y;6;2396.91148831722
10959;1298;Libor;10Y;1;-844.07
10035;7528;Estr;20Y;7;1613.71
10739;9306;Euribor;5Y;9;-491.94
11777;9625;SOFR;20Y;4;160.91
12279;1912;Euribor;15Y;6;-711.330288527108
11369;7363;Sonia;15Y;9;3892.8597216299495
13350;2135;Libor;15Y;3;8052.13
10313;6631;FedFunds;1Y;6;2972.71
13362;6709;Estr;15Y;6;-8854.76
13167;2567;FedFunds;30Y;1;-2713.75
13424;7295;Libor;10Y;5;8257.887231536057
12597;6891;Euribor;20Y;8;-5005.88
10521;1771;Estr;3M;9;-8161.51
13436;9418;Libor;20Y;3;-4566.840102548533
11702;5482;SOFR;10Y;6;783.97
11066;6818;Sonia;20Y;4;-1666.94
12441;9967;FedFunds;20Y;6;-2871.77881673929
12141;6768;Libor;20Y;7;9233.0
12865;6970;Libor;1M;3;6146.29
12218;5948;FedFunds;20Y;7;8270.73
10134;1137;FedFunds;20Y;1;-4362.43
12449;4871;Sonia;1Y;1;-11492.19
10953;9320;Euribor;30Y;1;2399.358188465062
10618;9578;Libor;2Y;3;-6780.93
11704;2782;Estr;2Y;4;-6568.76
12484;9401;Sonia;10Y;2;5726.87862307085
10186;1126;Libor;3M;5;9161.684949570601
10785;8832;Euribor;15Y;5;4196.37
10175;2202;Euribor;6M;2;4060.94
13006;4143;Libor;10Y;6;7161.374371352995
12005;3356;Sonia;2Y;2;1990.52
13381;9062;FedFunds;25Y;1;6857.517103868159
13137;5074;Estr;1M;4;-2852.9680436004323
11403;9405;Libor;5Y;4;4774.46
10484;7971;Euribor;30Y;8;-542.98
10572;6347;FedFunds;25Y;7;-4109.942976470081
12060;4535;Estr;15Y;8;-908.36
12792;9707;Sonia;30Y;9;-4631.218346337703
11264;8645;Libor;30Y;1;-1399.6831495269807
11440;2777;Sonia;25Y;1;1382.66
10750;6057;Libor;20Y;3;-1922.3082469499898
12850;2212;Libor;3M;9;2102.6232775340304
13087;8645;SOFR;1M;8;11219.59
10801;4805;Sonia;25Y;5;3429.905640303852
12586;6311;FedFunds;3M;6;5630.22
13067;7079;Euribor;2Y;1;9069.27
11964;6493;SOFR;2Y;5;-3693.1733322977448
10448;1867;Euribor;6M;6;-4411.04
10547;7990;SOFR;6M;3;-9891.57
13272;4151;Sonia;5Y;9;4135.725170522785
10854;8678;SOFR;10Y;4;3111.4650890417993
12489;6856;Euribor;3M;2;3367.12
10930;4009;Sonia;2Y;5;-467.58536236303917
10684;7426;FedFunds;30Y;2;-2473.76
11586;7694;Estr;1Y;1;-1931.22
12028;1543;FedFunds;15Y;2;8560.76
12790;3076;FedFunds;5Y;1;2231.702601193588
10897;3806;Euribor;25Y;6;-8672.82
11296;5631;FedFunds;3M;6;822.6
13083;6848;FedFunds;10Y;3;954.97
10538;4808;Libor;1M;9;4337.78
11734;2937;FedFunds;1Y;1;-7017.93
11104;6398;SOFR;1Y;5;-106.81
10801;4805;FedFunds;1M;1;-2577.1343596961487
12022;5621;SOFR;3M;2;-3825.145841188837
10326;2274;Euribor;10Y;8;-3485.32
10850;6305;Estr;25Y;4;1393.5827688422037
11097;7996;Sonia;20Y;2;-4926.0696017630235
13316;6789;Euribor;5Y;8;-6658.047879840793
11752;7034;FedFunds;30Y;3;-2025.1203865780576
11256;9708;Estr;5Y;6;-13390.756560440497
10290;7059;Libor;2Y;5;-3864.794181554644
12345;5537;SOFR;30Y;5;-6405.58
10636;8557;FedFunds;5Y;5;3772.58
10078;6188;Euribor;3M;9;-4237.89
11129;8011;SOFR;15Y;6;-6964.18
13463;8952;Libor;2Y;1;1946.7179709998004
10225;6415;SOFR;1M;6;-7246.159040940818
12525;6308;Sonia;3M;3;11940.4
10608;6621;Sonia;15Y;9;2650.7725487335115
11277;2211;SOFR;25Y;3;-7316.19
13475;2756;Estr;1Y;8;3857.83
11182;5379;Euribor;6M;5;-2405.2149495952535
12491;3795;Euribor;30Y;1;5200.91
12222;9125;Euribor;15Y;9;5003.91268184976
12959;5533;FedFunds;25Y;6;2422.67
12967;6376;Libor;6M;7;9630.77
10613;7469;SOFR;5Y;2;6362.45
12380;3978;Libor;15Y;7;241.28574200080584
11023;2940;SOFR;20Y;4;-3734.31554876594
10248;1920;SOFR;25Y;6;917.37810013132
10825;7855;Estr;10Y;9;5267.71
12734;4746;Euribor;2Y;4;-2765.68
10386;8629;Libor;1M;5;-1261.6
11238;6470;Estr;20Y;3;-5516.9
12435;3765;FedFunds;2Y;7;2196.6746016025068
13361;1786;Euribor;3M;9;3158.41
10770;5290;Euribor;25Y;9;5590.27
12886;2436;Estr;10Y;7;-4803.062046736494
10348;2177;Euribor;1M;7;-5535.29
13193;2258;Estr;25Y;4;2318.26
10792;1615;Estr;1M;3;219.7667286676442
12252;4404;SOFR;20Y;7;2233.37
12500;3471;Libor;10Y;7;-9426.5
11711;4041;Estr;15Y;5;-5184.679430495195
11727;1632;Sonia;2Y;5;361.34993800935445
10857;7305;Sonia;6M;3;-5836.213809490469
12951;7861;Libor;5Y;8;4494.45
12970;5818;Sonia;20Y;7;-3842.01
12052;2614;Libor;15Y;9;-6877.854254150336
11250;6904;FedFunds;1Y;3;1082.0120623770003
10011;8989;Estr;6M;1;-3674.656386191728
13163;4950;Estr;10Y;8;-7340.44
13478;8483;FedFunds;10Y;8;-308.47297977103085
13316;6789;Libor;3M;7;7228.962120159206
10898;8483;Euribor;3M;3;-3530.407861932834
10194;5971;SOFR;10Y;1;2072.0674931927542
11580;5323;Sonia;1M;1;2052.72
10361;6699;Libor;6M;1;-12542.91
13020;8973;Euribor;15Y;3;-12703.54
13077;4989;Sonia;1Y;5;-7530.66
10662;4607;Sonia;1M;1;5742.6111194927735
10104;4141;Libor;2Y;3;-4943.920372149824
10719;8786;Estr;20Y;6;-12370.07
13018;3284;Estr;1Y;1;4394.49
12784;6489;FedFunds;15Y;1;-4057.98
11014;7893;Estr;1M;8;3703.586356577414
10790;4716;Libor;5Y;1;8649.35
11780;5233;Libor;2Y;5;-2843.038990262894
11123;5654;SOFR;5Y;2;-1651.4830344394568
12703;9261;SOFR;6M;2;-172.87314536469762
12868;1684;Sonia;2Y;4;3039.34
12765;2868;Euribor;1Y;3;8168.7
12344;4833;Libor;25Y;7;-4456.122746488606
10778;9490;FedFunds;5Y;6;1101.93
10075;8404;SOFR;3M;9;-3465.7459560789657
10985;3646;Sonia;2Y;9;5924.954213871884
10767;7859;Sonia;30Y;4;8837.39
11795;1390;Euribor;2Y;2;2320.5556648008546
12134;2152;Libor;3M;6;-1128.051811893807
11894;4708;Euribor;15Y;7;-9426.351793327347
10217;8368;Euribor;1Y;2;5568.77
13487;9787;Libor;20Y;3;3617.4643811813453
11771;2079;Sonia;6M;8;-3940.955799307879
10287;9984;Estr;3M;2;-192.92
10916;8108;Sonia;25Y;5;1246.0039560055964
11025;3387;Estr;3M;1;759.73
12524;7106;Sonia;25Y;3;-9317.62
10340;8848;Sonia;30Y;8;2695.31
10650;8432;Euribor;5Y;5;2063.185882458854
13217;7705;SOFR;1M;3;-4961.42
13462;6465;FedFunds;3M;8;633.33
12049;3939;SOFR;1Y;6;-2140.3
11971;4349;Estr;5Y;6;1935.609202789392
12733;6735;Libor;10Y;8;4420.199692904447
12401;4646;Euribor;15Y;5;7857.6
12997;8084;Sonia;5Y;6;5553.43
11275;3944;FedFunds;1Y;7;3779.22
10082;5611;FedFunds;1Y;6;4916.68
11430;9526;FedFunds;1Y;9;-1119.7459549573205
11434;5808;Sonia;6M;1;-539.44
13333;5869;FedFunds;5Y;3;-4698.74
11788;2892;Libor;5Y;8;964.0405627448145
10677;1680;SOFR;1Y;8;-7518.0
10804;5145;SOFR;30Y;3;-7120.43
11862;1264;SOFR;5Y;4;7985.63
10815;6067;SOFR;25Y;6;-2526.32
12796;7658;Estr;1M;1;1946.96
12541;2865;Estr;1Y;4;-627.04496320513
11347;5753;Sonia;2Y;9;439.44
10908;7785;SOFR;5Y;6;4744.509459688288
11027;7772;Euribor;3M;7;-6699.93
11943;4017;Sonia;2Y;1;-5230.0
11993;1602;Sonia;30Y;9;-4700.7861934751745
11735;9634;Sonia;1M;8;-9377.048072404395
10307;3356;Estr;20Y;1;-452.4800882417994
10449;7256;Libor;1Y;9;-10826.03
13308;9154;Sonia;6M;4;-5348.33576541361
13306;2928;Estr;30Y;8;533.3875376136111
12414;4322;Libor;6M;7;-1656.3159581099403
11777;9625;SOFR;6M;5;707.11
11827;2287;SOFR;25Y;2;4705.34
12743;3954;Euribor;3M;3;6980.4
12431;6973;Estr;1M;1;-783.3685438149046
13104;6435;SOFR;15Y;5;1153.75
11483;5357;Estr;20Y;1;-4123.61
13481;8237;Euribor;15Y;7;7369.927216120938
12961;6992;Estr;2Y;1;4308.160613367116
11970;1095;Estr;1Y;8;-2410.16
11776;2654;SOFR;10Y;1;4886.12
11085;1228;Sonia;3M;9;648.0411433963867
11710;5659;FedFunds;25Y;2;-3015.64981771956
12609;9360;FedFunds;15Y;5;2697.95
11564;3889;SOFR;10Y;1;4327.443568793967
10850;6305;Libor;6M;7;-1800.4072311577963
13423;4261;FedFunds;5Y;9;-3355.200444252212
13051;9290;FedFunds;1M;8;797.7190251985512
11761;9708;Estr;20Y;5;5106.506713338511
11718;5928;SOFR;1Y;2;-5197.22
11219;9118;Libor;20Y;2;6890.3126510824195
12470;1834;SOFR;25Y;7;4592.444409961865
11234;3594;SOFR;6M;5;-970.3700995908084
11268;8959;Sonia;5Y;3;-3245.32
11249;7763;FedFunds;25Y;4;1762.17
11376;7830;SOFR;3M;1;-5613.674677676933
12529;8959;Euribor;25Y;3;-3148.14
11101;5703;Estr;20Y;9;8581.65
10372;4610;Estr;6M;4;-2723.8165128559667
12133;9792;Euribor;5Y;6;-9171.62
13030;2841;Euribor;1M;1;9230.99
11409;8647;Libor;1Y;7;232.61
10694;3438;Estr;10Y;4;4588.578506322779
12935;4538;Estr;3M;8;7292.930647244981
12749;4839;FedFunds;15Y;2;-7686.4
10078;6188;Euribor;3M;6;-4620.23
11633;1364;Libor;10Y;6;848.43
10668;2849;Libor;3M;8;2310.0872919888297
12574;5340;Euribor;1M;2;-3378.85
10913;7940;Sonia;2Y;4;3717.376461697867
11315;8823;FedFunds;3M;4;6202.475490798001
12699;2037;Estr;10Y;6;-3796.22
10264;4020;Libor;1M;5;7117.811257614266
11954;8147;Estr;30Y;3;3125.75
11323;7713;Euribor;30Y;7;-10353.011295411088
11334;3032;Sonia;1M;4;-2476.92
10007;9792;Libor;1M;5;-679.8381337333012
10127;5544;Sonia;2Y;7;-285.5361823183666
10823;4262;FedFunds;1Y;8;9618.074336217349
12711;6966;Libor;5Y;4;-8256.947450209072
10759;1670;FedFunds;10Y;5;-3337.085219492132
13254;6616;FedFunds;5Y;5;-3092.728153638675
10955;6594;Euribor;6M;5;-6665.49
11502;6780;Euribor;25Y;6;2164.38860761484
12014;6600;SOFR;1M;4;-1558.83
12887;5552;SOFR;5Y;2;14703.06
11709;9663;Euribor;1Y;6;4130.154006918464
13192;9774;Sonia;15Y;4;2759.64
13280;2031;Sonia;10Y;7;2808.757747555589
12999;1543;Libor;20Y;8;-7387.324748166477
12789;4797;Libor;3M;9;2944.61
10907;9430;SOFR;3M;1;-5883.62
13314;3599;Libor;1Y;3;-3519.481607942581
12778;7444;Sonia;2Y;7;-6497.898363180433
13144;3348;Estr;15Y;2;4297.559637372
11333;3073;Libor;15Y;5;2449.03
13459;3529;FedFunds;6M;6;3722.23
11210;4645;Euribor;15Y;4;-2243.67
11735;9634;Euribor;1Y;6;1295.601927595606
12789;4797;Libor;3M;7;5808.9
10948;1935;Libor;30Y;5;-4012.09
13298;2624;Estr;20Y;6;-10376.400414563155
11453;9587;Sonia;2Y;5;-11235.34
11515;4264;Sonia;1M;8;5273.56
11869;5675;SOFR;5Y;4;1675.38
13349;5714;SOFR;10Y;4;5740.58
10463;6347;FedFunds;15Y;9;-5823.46
12000;2620;Libor;6M;9;-4910.5
10605;7318;SOFR;1Y;5;-1365.25
11048;1178;Estr;1Y;8;-3158.83
12671;6840;Estr;1M;3;2880.5934839344623
10186;1126;SOFR;5Y;6;-7708.925050429399
11255;4957;FedFunds;3M;1;628.481699372761
12873;4048;Sonia;15Y;8;-995.26
10271;7506;Libor;15Y;4;5649.56
12667;2196;Euribor;1Y;4;-1208.8532767625975
13283;2877;Estr;5Y;2;-1058.2520330756602
11547;5264;SOFR;25Y;9;2027.2896997187136
11166;4235;FedFunds;20Y;5;-139.5534527297723
10146;1364;Libor;15Y;8;-3920.7287828776116
13304;9887;Sonia;3M;1;479.71315384369154
11695;4019;Euribor;25Y;6;2313.73
11177;7154;FedFunds;3M;5;2725.29
10783;8609;SOFR;15Y;1;12431.74
11249;7763;FedFunds;5Y;3;-11384.96
10348;2177;Estr;3M;2;-9031.62
10142;8240;SOFR;1Y;4;12752.91905886554
10939;6573;Libor;10Y;7;-1866.94
11397;4513;FedFunds;1Y;9;6090.099592917577
13367;8358;SOFR;5Y;2;7970.449544714736
13118;6557;FedFunds;5Y;7;917.4410398180485
11974;9289;SOFR;1Y;1;3233.49
12832;7369;FedFunds;30Y;7;2610.51
12926;1594;FedFunds;3M;7;-4698.7611876170595
12371;8381;Euribor;30Y;3;3046.8613190878928
12419;2976;Euribor;1Y;5;11693.69
12062;1171;SOFR;2Y;2;-6156.349073346603
13101;8347;FedFunds;30Y;1;2141.9578427576644
12814;1098;Estr;1M;2;1331.8401495040707
10468;2938;Estr;1Y;6;-378.08
13029;1169;FedFunds;3M;5;1793.07
10777;3378;Estr;2Y;3;2778.3707834234297
12226;1641;Estr;25Y;7;-839.8274812475001
13416;7340;Euribor;1M;4;6818.51
12021;5889;Sonia;5Y;6;-3676.41
11958;9705;Estr;30Y;9;4732.38
12538;8789;Euribor;3M;2;5519.01
12537;1813;Sonia;25Y;4;7698.707326564483
10301;7082;FedFunds;1M;7;-8612.29
10996;7559;SOFR;15Y;4;-12197.12
12917;9814;Estr;25Y;3;7096.15
10299;8833;Sonia;30Y;5;-2007.5331094679127
12317;1805;Estr;6M;4;3452.2853577934434
10408;4493;Estr;20Y;5;6322.45
12977;1391;Sonia;2Y;5;6059.69
10668;2849;Sonia;1M;4;-1840.2027080111711
13485;1604;FedFunds;5Y;1;4276.765787118679
11840;4185;Libor;6M;4;-7349.39
13175;8219;Euribor;1M;2;1282.94
12348;2351;Sonia;15Y;2;-619.54
10435;1448;Sonia;30Y;2;-658.1370524582626
10224;3866;Estr;5Y;2;8916.44
11032;3476;Sonia;2Y;4;-3849.6879586295604
11535;1145;Sonia;15Y;4;-998.41
11233;7654;SOFR;1Y;2;-364.92
10732;2029;SOFR;20Y;2;6563.65
10841;4303;Euribor;10Y;7;5749.39
10339;5033;FedFunds;25Y;1;8954.61
13050;8097;Estr;20Y;8;-3137.78
10631;4764;Sonia;5Y;2;-3056.7269762171964
12587;1987;Sonia;6M;2;5675.33
10105;5186;Euribor;1M;2;-4382.393741415892
11000;7663;Estr;25Y;1;-226.17402269941567
11439;7519;SOFR;20Y;3;-4112.73411915971
13092;5378;Sonia;1M;7;4877.37
13149;9576;Estr;6M;1;-1316.2647851482322
12147;1309;SOFR;1M;3;691.94
12139;3567;Euribor;5Y;5;7238.35
12200;7321;SOFR;25Y;3;-7169.03
12983;9080;Estr;6M;6;-5130.7
13450;4724;FedFunds;30Y;4;-6140.562031991316
13092;5378;Libor;10Y;8;-6141.87
10540;5658;Euribor;15Y;5;-3541.33
10526;2455;FedFunds;20Y;3;-9491.9
10003;6051;SOFR;15Y;7;2029.562034171483
11096;9082;Sonia;1Y;2;-2923.59
11519;2079;Sonia;1Y;6;4740.920694739485
10027;3693;Sonia;20Y;7;8311.06
12984;4104;SOFR;6M;2;-7117.45
12226;1641;FedFunds;2Y;2;-3793.4774812475
12162;2361;SOFR;10Y;2;2235.45
11943;4017;Euribor;25Y;7;-13269.65
11212;1445;SOFR;15Y;9;-1937.7335127291908
11691;3666;SOFR;10Y;5;8384.674717521651
13487;9787;SOFR;2Y;5;-6025.175618818655
12943;9066;Libor;10Y;2;-6452.634884509284
10489;1669;SOFR;15Y;7;6851.469103107438
10427;6341;Sonia;10Y;8;-192.72
11446;6316;Libor;15Y;2;-1850.44
12998;8537;Sonia;30Y;2;-5782.79
10421;5285;Estr;5Y;6;-935.11
12356;5431;SOFR;25Y;1;3212.4822116589976
11519;2079;Estr;5Y;9;-532.7993052605157
12450;4145;Estr;1M;8;823.75
11932;4598;Euribor;20Y;7;3541.76
11984;3343;FedFunds;30Y;6;-4559.609952793071
12713;7606;Sonia;2Y;9;-2874.64
12954;8513;Estr;25Y;7;5327.13
11752;7034;Libor;25Y;2;1455.0296134219423
12587;1987;FedFunds;1Y;2;1402.45
11109;8481;Estr;30Y;4;-2581.047351555915
10472;5624;FedFunds;25Y;3;-5152.25
12087;7000;Sonia;25Y;3;-696.7653551718558
13362;6709;Libor;25Y;4;-5565.65
12031;9839;FedFunds;3M;8;6841.922463300131
10908;7785;Sonia;30Y;2;-4197.6805403117105
11503;8846;Libor;3M;5;-833.74
11817;5253;Estr;2Y;3;-3131.33
10660;4180;Euribor;15Y;4;-11835.06
11418;7854;Estr;2Y;6;8932.83
11391;2447;Estr;5Y;6;8143.84
11925;8790;Estr;15Y;5;-1647.48
13318;9896;SOFR;5Y;6;-5021.97
10304;1894;Estr;6M;6;3539.722134065965
11014;7893;Estr;1Y;5;-11685.553643422587
12420;5381;SOFR;1Y;6;5730.795176196659
12199;7596;Libor;2Y;3;-8915.74
12911;9898;Euribor;5Y;8;-1558.59
11387;8910;Libor;5Y;2;1587.5980189481547
12603;5177;Sonia;15Y;2;4105.12
13361;1786;Estr;6M;5;10179.15
12455;3780;Estr;10Y;9;-4622.0
11701;5284;FedFunds;25Y;3;2593.0822578485413
10167;2908;Estr;1Y;6;4563.795815344513
13455;2517;FedFunds;15Y;4;2511.41
10672;4551;Libor;5Y;3;743.6614287067625
12263;3745;Euribor;10Y;8;261.09914551584154
10663;7614;Euribor;15Y;6;151.21
11278;1501;Estr;20Y;9;-5311.810646881924
11536;7382;Estr;1M;5;-4706.05
12733;6735;SOFR;30Y;6;-2458.450307095552
11942;1258;Estr;15Y;2;530.2039290849034
13130;3818;Sonia;1Y;4;-1100.4
10861;8192;Libor;20Y;8;2880.6707441860062
12388;5917;Sonia;30Y;3;4491.857058395986
10131;7881;Euribor;1Y;1;-3706.31
11306;9867;SOFR;6M;8;-4466.63
12396;7194;Euribor;30Y;8;-404.87
12863;8034;FedFunds;10Y;7;4046.96
12572;8707;Libor;10Y;5;-976.35
11977;6228;Euribor;10Y;7;3703.8261368383787
10547;7990;Estr;1M;5;-1794.4
11030;9052;FedFunds;20Y;5;2005.6402251466102
10467;7164;Sonia;15Y;4;7259.18
10459;1685;Euribor;2Y;4;4792.18
10601;8818;Libor;1Y;2;211.40771426631727
13102;9642;Sonia;20Y;6;6102.82352520968
11604;3810;FedFunds;20Y;5;-1860.83
13113;4593;Libor;1M;2;-5847.707769738555
12729;7360;FedFunds;6M;6;-6645.6
10104;4141;Sonia;5Y;3;-489.16037214982407
12700;6642;SOFR;10Y;2;1520.0788845345799
11088;1192;Estr;1M;2;5866.716519037338
10967;4637;SOFR;1M;3;-3374.28
12118;4319;Sonia;5Y;5;-11927.15
11572;3463;FedFunds;10Y;1;745.3523126730788
12209;8962;Libor;25Y;1;-5367.66
12974;7162;Euribor;6M;6;-923.5507443028682
12557;5988;Sonia;20Y;7;6451.49212348904
13339;2466;Estr;15Y;7;7742.93
11540;2667;Euribor;6M;1;-11922.14
12352;6058;Estr;1M;9;2902.78
12980;2054;FedFunds;5Y;9;-2669.24
11653;8939;Estr;3M;2;-733.8638482568217
12902;9491;Euribor;15Y;8;6915.3176023656215
10844;1191;FedFunds;2Y;7;-3358.2369698371804
11226;6176;FedFunds;5Y;5;7594.480669652579
12047;7101;Sonia;20Y;7;10690.02
13127;7448;Euribor;1M;5;-6897.336492453317
13039;6578;Libor;30Y;2;-6912.838783714146
10207;4054;Sonia;3M;1;4832.307936783333
11793;6520;Sonia;1Y;3;733.4148144171977
10759;1670;Libor;1M;6;10010.544780507867
13375;1743;Euribor;1M;7;64.81660642369548
12689;1304;Sonia;6M;8;6769.73
10859;4970;SOFR;10Y;5;-4162.35
10725;9312;Libor;10Y;1;-3436.08
12977;1391;Estr;20Y;6;-1795.12
11106;4140;Libor;3M;6;3442.28
10895;6054;Euribor;1M;9;3539.5903768319577
10025;5636;Estr;6M;4;2324.1
13491;6177;Estr;6M;7;-6777.23861356821
13365;9645;Estr;3M;6;-1456.84
13151;6828;Sonia;1Y;8;5648.771861530762
11274;5433;Euribor;10Y;7;6699.19
11442;2325;FedFunds;10Y;8;-5147.341863825808
12609;9360;FedFunds;15Y;3;9616.37
12617;5312;Euribor;2Y;1;11635.65
11986;6897;Sonia;15Y;5;1417.9183406371415
10103;2365;Sonia;1Y;8;7853.01
10368;3349;FedFunds;5Y;8;-3565.64
11254;9684;SOFR;6M;6;-327.4
11586;7694;SOFR;6M;8;5714.86
10660;4180;Euribor;20Y;9;-4317.7
12115;6008;SOFR;3M;4;6568.24
10182;6779;Sonia;5Y;1;446.71
10627;6345;SOFR;20Y;7;-4364.16
11808;9107;Sonia;1M;2;-3614.16
11995;1802;Sonia;10Y;5;1048.9217271670805
11174;6636;Sonia;1M;4;8878.276841739473
11846;1144;SOFR;5Y;8;116.83
12827;2234;FedFunds;1M;4;3375.09
11509;5798;FedFunds;6M;2;3091.6
10592;5727;Libor;2Y;1;4194.77
12314;7583;Estr;30Y;8;-11910.82
13076;2671;SOFR;20Y;8;-2306.55
13153;6914;Sonia;2Y;3;3822.22
12783;7337;Sonia;1Y;5;-9960.985436104724
11252;3581;Libor;25Y;6;3599.32
10877;8984;Sonia;5Y;2;65.27242637143718
13058;9964;Estr;6M;4;-693.0863435440035
12119;1356;SOFR;20Y;4;-2128.92
10364;9853;Estr;30Y;2;-3678.52
11292;1282;FedFunds;6M;3;2495.9721739822535
12959;5533;Sonia;6M;7;-6565.64
12139;3567;Euribor;3M;4;5568.047898850432
11591;8631;Sonia;1Y;1;13265.25
12367;6413;Sonia;30Y;8;11164.902416962048
11316;6131;Estr;2Y;5;-4676.19
13067;7079;FedFunds;30Y;3;3396.21
10451;2283;FedFunds;10Y;1;2024.507991794555
10884;2956;Sonia;3M;7;3748.6711147921706
12562;5507;SOFR;2Y;4;3507.14
13343;6179;Sonia;20Y;6;2871.33
12632;8040;Estr;5Y;8;2624.484284972816
13270;8234;SOFR;30Y;1;3007.0101247573975
12444;1473;Sonia;25Y;7;-1714.6647979095205
10595;7555;Libor;1M;8;-1595.0354946525313
12036;7634;Sonia;10Y;3;-5951.78
11800;8624;Libor;20Y;1;-1745.63
11563;7772;SOFR;20Y;8;1442.45
10166;4490;Estr;30Y;3;-7146.46160061711
11555;3170;Euribor;30Y;3;-270.20053148114755
10385;9785;SOFR;2Y;4;-6116.27
12939;2542;SOFR;20Y;6;-5686.277720111911
10351;6243;Sonia;5Y;7;-5659.2036124182
12292;3236;Euribor;30Y;5;-4649.180053789226
10069;6691;Sonia;3M;5;-7430.470026743769
10128;1249;Euribor;20Y;2;-38.17546952617408
11479;3224;Euribor;1Y;8;3693.46
12049;3939;Sonia;25Y;9;10106.25
11992;1818;Sonia;3M;6;75.19611151462686
10196;5757;FedFunds;10Y;5;992.7508654032963
11064;1463;Libor;3M;7;7273.52
12506;5289;Sonia;10Y;9;4696.835434602191
11032;3476;SOFR;6M;4;-1713.147958629561
10756;9397;Sonia;5Y;7;26.989435366655698
11587;1244;Libor;20Y;4;291.55562025635163
11569;4416;FedFunds;15Y;6;3640.602147581172
11396;3681;Sonia;3M;8;-3320.84
10439;8544;FedFunds;20Y;6;-3565.710449906566
10276;8059;FedFunds;1Y;3;-4403.75
12812;7194;Sonia;5Y;8;1254.5933849692742
12717;9107;Estr;1M;3;-162.32722944272655
11737;5775;FedFunds;6M;8;4372.2192649453345
11190;5002;Estr;15Y;5;-3843.07
13030;2841;Estr;5Y;2;-9916.2
11298;5141;Libor;10Y;9;-7604.98
13381;9062;Sonia;15Y;4;-1430.74289613184
12794;5852;Euribor;10Y;2;962.7778425759388
10982;9111;Libor;10Y;4;-6984.207454131565
11653;8939;Libor;20Y;5;108.33615174317856
12886;2436;SOFR;1M;8;7584.31
10803;7065;Euribor;20Y;1;3067.75
13062;5609;Estr;30Y;7;-5254.394552443587
13299;3108;FedFunds;30Y;6;2528.9
11626;5348;FedFunds;3M;7;6119.805198127351
10057;3327;Estr;25Y;5;8442.76
11144;1534;Estr;6M;2;941.123132923025
11705;5016;SOFR;5Y;8;-779.56289217464
12610;7374;FedFunds;1Y;3;5447.858569915996
13166;8288;Sonia;15Y;2;1598.38
13327;4326;SOFR;1M;3;9375.78
11997;6633;Sonia;10Y;4;1989.2278923200222
12413;3126;Estr;1M;5;-8316.88
10226;2333;FedFunds;1Y;3;-4173.830078287533
11844;2830;Estr;6M;6;8674.33761384614
10585;9068;Euribor;5Y;4;2014.86
12324;7083;Euribor;2Y;3;-719.0218209490072
13485;1604;Sonia;6M;5;-1650.3042128813204
12819;4449;Euribor;1M;8;5458.16
10012;5297;Estr;1M;3;617.2329889314778
11574;1329;Estr;1M;5;-9428.35
10981;9750;SOFR;1M;3;-2573.793364476719
12975;9550;SOFR;6M;7;-322.03309888753313
13267;4756;Estr;3M;2;620.69
12264;5090;SOFR;25Y;5;563.5252821855438
10420;2827;SOFR;1M;5;-4871.08963703571
12816;9464;Libor;20Y;4;-4499.8
10290;7059;FedFunds;15Y;3;9312.375818445356
10512;9259;Libor;15Y;1;4412.981036998061
10099;9010;Libor;6M;3;-7374.433808492007
12345;5537;FedFunds;1Y;8;-1416.25
12373;7004;FedFunds;20Y;3;-851.61
10633;8605;FedFunds;3M;9;-3877.446503829152
10168;3560;Estr;2Y;9;-5720.992882829579
12510;8289;FedFunds;3M;3;-435.1678783742627
12512;1183;FedFunds;30Y;7;-2495.3
10857;7305;FedFunds;6M;2;2086.17619050953
12317;1805;Estr;20Y;8;-1495.384642206557
10882;2895;Estr;1M;6;-5781.705711566539
13136;1381;Euribor;1M;9;-1102.48
11308;5402;Sonia;3M;8;5136.28
10978;8680;SOFR;6M;1;-5724.7691734268565
12568;1402;Sonia;15Y;7;6474.58
12796;7658;Euribor;3M;5;2002.78
10314;2394;Libor;1M;1;-3021.76
10451;2283;Sonia;3M;4;-6233.582008205445
10469;7588;SOFR;20Y;2;-5231.84
12004;1814;Libor;20Y;4;5241.3
10626;9835;Sonia;15Y;4;5437.24925917772
12067;3523;Sonia;30Y;4;-4159.002468980632
12825;2376;FedFunds;6M;8;146.30098762669604
10909;5670;SOFR;5Y;6;-2533.7803438483566
12470;1834;SOFR;3M;2;-54.30559003813528
12497;2073;Libor;20Y;5;-229.99
12311;1362;Estr;2Y;4;-11231.37224141095
12912;9727;FedFunds;15Y;2;2940.85
10111;6348;SOFR;5Y;6;-7205.02
13485;1604;Sonia;5Y;5;-4514.654212881321
12259;6659;FedFunds;2Y;4;-9118.663168814312
10228;8101;SOFR;6M;6;2299.78
11217;4497;Euribor;25Y;4;8661.08
11581;8060;Libor;25Y;2;-3453.1508320052717
10321;4081;SOFR;20Y;9;3517.75
12157;7174;Libor;3M;8;-2591.91
10153;3739;Libor;2Y;5;7578.06
12783;7337;Libor;3M;5;3127.65
13351;2548;Estr;2Y;9;4643.67
11162;2917;Sonia;5Y;6;11010.67
10996;7559;Euribor;3M;1;-5885.93
12128;4925;Estr;2Y;9;3463.173658080678
10205;4462;SOFR;3M;4;1704.2626831722068
12629;2374;Euribor;2Y;1;-1410.79
10832;2134;Libor;30Y;3;-1334.098125422886
12164;4536;SOFR;25Y;2;4877.486815901429
13024;8048;Estr;15Y;3;-796.9
11594;6390;Estr;1Y;4;-9646.39
13029;1169;Libor;15Y;3;9249.21
12358;3525;Estr;3M;4;261.85
11286;3311;Euribor;5Y;9;593.64
12895;4934;SOFR;25Y;8;4450.135539917706
13161;1399;Libor;1Y;2;-1566.5
12068;2164;SOFR;3M;8;-767.79
11050;4084;Estr;15Y;1;-3008.59
10732;2029;SOFR;15Y;5;-12269.04
11802;8171;Sonia;1Y;8;-4928.55
10726;1644;Euribor;10Y;2;5179.05
11013;4510;Sonia;1M;8;267.8067402779907
12851;1608;SOFR;25Y;3;-10342.281099468131
10489;1669;Euribor;30Y;5;-7766.370896892562
12507;5734;Sonia;20Y;9;7686.097614751286
10477;6774;FedFunds;25Y;7;-3153.278706521699
12010;1288;FedFunds;1M;3;-4479.13
11907;7516;Estr;15Y;9;-244.0495332666883
11687;2298;Sonia;1M;7;-3480.7767808523045
13441;9148;SOFR;2Y;8;-5301.110649569574
13496;1867;Estr;6M;8;-1588.2485785634685
12309;8034;Sonia;25Y;1;8105.71477090459
12298;5278;SOFR;25Y;1;-1493.637056979084
13054;2220;Libor;2Y;4;-6677.0
12397;3303;FedFunds;20Y;4;-9106.64
12803;2549;Libor;20Y;1;-8406.86
13204;3609;FedFunds;1Y;7;-4685.27
12382;3170;Sonia;2Y;7;8377.738295058305
10684;7426;Estr;1Y;3;5216.81
12110;1881;Euribor;1Y;8;5647.495754560644
13093;1090;FedFunds;6M;5;-2145.3572767724245
12084;6273;Euribor;1Y;2;461.441470187925
10651;5422;Libor;1Y;4;-728.0139676661811
10375;5211;Euribor;15Y;7;1727.7984129060815
11820;2883;Estr;1M;3;-2622.954718969046
12035;8254;Libor;1Y;6;3161.89
10414;5940;Estr;25Y;2;-12360.79997706374
12188;6109;Sonia;15Y;2;-2503.362016860852
10091;7806;SOFR;6M;5;757.7205517412226
11537;1486;Estr;15Y;1;-4017.85
10964;1375;SOFR;15Y;4;-307.52
12391;9722;FedFunds;20Y;6;-8151.09
12623;5830;Estr;2Y;7;1878.1355413125889
11699;7327;Libor;6M;4;-2282.484240731025
13424;7295;SOFR;10Y;7;-7489.172768463943
12615;8868;Libor;15Y;1;-5483.97
12947;2150;Sonia;5Y;2;-7985.8
10686;4731;Estr;2Y;3;-7136.08
10987;8928;Libor;3M;8;-5274.65
12828;2952;FedFunds;25Y;2;-6520.89
10654;3161;Estr;5Y;5;3180.87
10892;3541;SOFR;6M;3;-923.2822934213127
12776;6783;Estr;1M;4;173.67308360288416
10416;1365;Euribor;10Y;9;-9259.35
12831;3555;FedFunds;20Y;6;-6986.094743811589
12028;1543;Euribor;15Y;5;352.99
12392;4767;Libor;20Y;3;5935.214125936003
11425;2030;Libor;2Y;9;3841.9
11824;1560;Estr;1Y;6;-2664.494662257696
10727;3668;FedFunds;2Y;1;7898.955159671643
11017;6296;Euribor;2Y;6;-115.07585456083496
13450;4724;Sonia;20Y;9;4224.587968008685
10207;4054;Sonia;1M;1;-4873.222063216666
12493;7953;Sonia;1Y;8;2288.8495438108075
11399;9328;Sonia;3M;8;-3285.08
11147;4723;SOFR;6M;9;-2273.594875522812
11317;4145;Estr;25Y;1;-1579.3540173110487
11841;6154;FedFunds;1M;6;8017.746037421987
12384;5899;Sonia;5Y;1;-4317.26
12639;8699;Libor;30Y;4;7929.17
12375;5599;Sonia;15Y;1;-3614.0170141060585
10895;6054;SOFR;1M;2;556.7803768319573
12137;6783;Libor;1M;7;-7181.63
10445;7643;Sonia;30Y;1;5228.728595370233
11980;2563;FedFunds;6M;3;-7384.92
13309;2892;SOFR;20Y;1;878.9131898035357
12098;2400;Euribor;30Y;7;-4334.14
10408;4493;FedFunds;30Y;6;195.57
12787;8677;Libor;20Y;5;530.0099768132577
13260;7674;SOFR;5Y;9;-1944.9997411333607
10034;5737;Estr;15Y;6;-2915.19
12025;1990;FedFunds;2Y;6;12567.21
10744;7901;Libor;2Y;5;1705.39
12262;6715;Libor;15Y;4;5663.57
12766;6238;Libor;25Y;6;-4113.13
11042;3572;Libor;5Y;6;2285.32
10157;5324;FedFunds;1Y;2;-982.1012852616004
13139;1942;SOFR;6M;5;4166.120590097849
11446;6316;Libor;3M;9;-107.95
11963;6790;Euribor;6M;3;7113.94
11620;2426;Libor;5Y;8;11255.479254588961
11757;1849;Libor;3M;5;4194.709638440953
13175;8219;Euribor;1M;2;-257.56
12668;5318;Estr;30Y;2;-1832.9
12584;9168;FedFunds;25Y;5;4457.015721523156
11307;3083;SOFR;30Y;5;1214.054333741143
12348;2351;Libor;15Y;4;-4508.79
12031;9839;Estr;15Y;5;4465.022463300132
12682;2987;Estr;10Y;3;2115.11
12312;6349;Estr;15Y;6;-6974.75
13031;7189;FedFunds;10Y;2;-3416.0776603173003
11806;4430;Estr;5Y;3;12777.118859102173
13176;3018;Euribor;1M;4;-2949.513831723219
11256;9708;Sonia;10Y;4;-433.5465604404972
13022;1292;Libor;1M;5;3380.6546239563595
12738;3928;Euribor;5Y;5;2121.0010192179234
11436;8173;Sonia;10Y;9;-3978.563499181792
12065;9272;Euribor;2Y;1;13072.91
11184;9613;Libor;10Y;7;-7773.947842875428
12067;3523;Sonia;25Y;3;5630.6975310193675
10933;2260;Euribor;6M;8;8137.2
10712;9560;Libor;10Y;1;-2026.51
10495;7450;Estr;25Y;7;-4739.66
11082;2567;Sonia;6M;8;-10407.991767795382
11979;6660;Libor;5Y;3;5385.77
11545;4034;Libor;20Y;8;565.4979725348644
13224;4563;Estr;20Y;6;104.62404259759978
12308;1557;SOFR;15Y;1;1885.05
12524;7106;Estr;30Y;4;5228.69
10051;7015;Sonia;10Y;8;8829.326997117902
10946;3253;SOFR;5Y;8;2194.56
12580;5029;SOFR;10Y;9;4837.91
10287;9984;Sonia;1Y;1;-7335.53
11876;6644;Sonia;30Y;3;-4846.586886686833
11236;7378;SOFR;6M;8;-1669.7333809367858
10554;4415;FedFunds;5Y;4;-600.227822846221
11228;1919;Euribor;30Y;3;2670.2862480889144
12003;2245;Estr;10Y;8;4247.143565465866
12461;6761;Sonia;25Y;9;-3088.5
12546;2354;SOFR;30Y;9;8249.337448575556
10211;5177;Sonia;25Y;1;-3972.72
11266;8525;Libor;6M;3;-2194.22
11968;7170;Sonia;1M;9;8466.78
10538;4808;Sonia;10Y;8;-7271.95
11609;8819;SOFR;1Y;4;-1016.56
13074;4137;Euribor;20Y;5;-2771.4
11901;3169;Libor;2Y;1;-5228.235460395159
11947;8636;SOFR;3M;7;-2492.23
10261;2218;SOFR;1M;6;-4947.57
12654;1325;FedFunds;30Y;7;-1423.4275146142852
12124;3631;Euribor;1M;7;-3879.3
11275;3944;SOFR;15Y;7;10346.94
13055;6479;SOFR;1Y;6;7473.366776997524
10214;8083;Libor;25Y;4;8393.115734981411
11023;2940;Estr;5Y;8;-476.53
10645;6158;SOFR;1M;5;-1512.85
12421;7060;Estr;25Y;3;-7449.85
11665;9652;Euribor;1Y;7;378.58411321424774
13166;8288;FedFunds;20Y;9;-3341.05
13359;9041;SOFR;2Y;9;-9581.93
11766;5018;Sonia;5Y;9;3118.85
11888;2151;Euribor;15Y;5;-6634.22
13078;4354;Estr;25Y;9;-1724.81
12363;6069;FedFunds;30Y;5;-4574.973084653031
12841;2149;Sonia;3M;5;-3596.897133374451
13231;5526;Euribor;1M;7;6486.93
11662;9831;Libor;1Y;9;3717.09
11343;4022;Estr;6M;4;-1795.2
10568;4162;Libor;20Y;7;-11467.57
13110;6073;Estr;10Y;3;3577.1228365817324
10266;7183;Sonia;5Y;6;-3150.88
10908;7785;Sonia;1Y;5;-5396.950540311711
10040;9338;Estr;1Y;6;5193.1554275796825
12966;4262;SOFR;15Y;5;-6691.078369526265
13418;4941;Estr;1M;2;-6698.74
12723;2769;SOFR;10Y;8;-255.57
12659;4039;FedFunds;1Y;2;-1936.591671567382
12729;7360;Estr;3M;5;-6816.69
12065;9272;Euribor;6M;8;1548.98
10238;8124;Sonia;1Y;9;-702.92
10381;3785;SOFR;10Y;9;4635.446237376011
11793;6520;SOFR;10Y;1;-127.53518558280211
12822;4038;Sonia;1Y;2;8972.27
13458;2300;Sonia;1Y;7;-7403.332847951077
12586;6311;Sonia;6M;4;991.6
12899;6885;Sonia;25Y;1;-437.41274719324997
12655;5378;Sonia;6M;4;2178.282605909111
10027;3693;Sonia;20Y;6;1052.578142818998
11795;1390;FedFunds;3M;1;-7640.814335199146
12295;8244;Euribor;5Y;1;-72.92515146460607
13367;8358;SOFR;10Y;5;-3055.3504552852646
12930;1615;Sonia;25Y;3;6282.38
13435;1160;FedFunds;2Y;1;-672.2372430299506
11509;5798;Euribor;2Y;6;4213.3
13231;5526;Sonia;1Y;4;345.09
11271;5732;Euribor;6M;2;5220.69
12422;7094;Libor;25Y;7;2211.54
12540;6637;Estr;30Y;5;491.04
10034;5737;Estr;30Y;3;8588.59
13397;9848;Euribor;1M;2;-3440.18
11541;9023;Libor;20Y;5;-1051.1234346516985
10335;6238;Sonia;6M;4;-4374.58
11249;7763;Euribor;15Y;6;2443.36
11479;3224;Libor;5Y;5;-4654.01
12410;6949;Euribor;10Y;1;-6834.340506012687
10657;1660;Sonia;20Y;2;3458.17
12486;8137;Sonia;15Y;8;-377.29046687917844
13238;5310;SOFR;2Y;2;-641.4668947268101
13167;2567;SOFR;3M;8;-426.75
11342;6191;Sonia;1M;1;542.36
12214;1494;Sonia;5Y;4;-2636.8735917239064
10481;6546;Euribor;2Y;2;12096.95
11892;3696;Sonia;10Y;6;-1788.61
11900;3729;FedFunds;20Y;9;-384.94
11480;8013;SOFR;5Y;7;-3520.01
12364;1885;Estr;1Y;8;-4546.76
10242;8980;Libor;15Y;7;5448.94
10174;4687;Estr;15Y;2;-4271.17
11122;1156;Sonia;6M;5;708.0709127622142
10451;2283;Estr;20Y;3;4312.167991794555
12742;7597;Estr;1M;8;5778.3
10203;9038;FedFunds;10Y;2;-6430.833669241164
10078;6188;SOFR;2Y;8;3396.2
10741;4453;FedFunds;1M;8;11503.87
11912;1347;FedFunds;30Y;4;3925.534640840555
10357;6047;FedFunds;1M;5;3007.7377325197212
10819;8185;Euribor;3M;8;1867.84
12507;5734;Estr;25Y;5;-7061.932385248715
10260;2290;SOFR;15Y;1;-6530.546157956411
10227;7212;Euribor;20Y;2;5217.1350204472365
11043;5712;SOFR;2Y;9;-1656.956448818115
11408;6330;Sonia;20Y;9;7918.074483992931
11515;4264;SOFR;1Y;9;-7427.09
13118;6557;FedFunds;15Y;1;-3214.0289601819513
12345;5537;SOFR;20Y;3;5494.89
10800;1464;Estr;1Y;9;-10339.093581797808
11429;1233;Sonia;3M;3;-7713.412719447236
13287;7045;Libor;20Y;8;-2472.78
11281;7799;Libor;20Y;1;-1023.38
11968;7170;FedFunds;10Y;1;4314.18
11320;4932;Libor;20Y;4;-2659.4369474271525
12117;4510;Estr;3M;8;1928.7051442884626
12317;1805;FedFunds;3M;3;-2231.6546422065567
11569;4416;FedFunds;15Y;5;-5094.437852418828
10805;7628;Sonia;10Y;8;-8755.42
10309;9946;FedFunds;10Y;8;5015.290191286556
10638;1492;SOFR;3M;9;1327.22
12409;2781;SOFR;30Y;1;4728.698360183003
12169;8601;Estr;5Y;2;7876.94
10291;2875;Sonia;10Y;6;-1777.8796488579983
12937;7030;FedFunds;1M;4;609.2779558361192
12198;2345;Libor;30Y;4;-680.4420333053788
12655;5378;Sonia;2Y;9;-4650.107394090888
11553;9974;FedFunds;6M;9;-2020.7842524783
13224;4563;Estr;3M;7;-9033.5259574024
10506;5249;Euribor;15Y;3;5717.561396444843
11728;6591;Libor;10Y;3;-2113.5153445198243
11342;6191;Euribor;1M;5;3846.46
10549;7583;FedFunds;15Y;8;72.68886487005648
10110;5910;FedFunds;6M;9;-2948.69975212146
10831;7129;FedFunds;1M;2;-7050.18
10125;5809;Euribor;6M;1;-1173.9841319130774
10198;6182;FedFunds;2Y;4;-7846.62
13391;9772;SOFR;1Y;7;7028.593079149267
12758;5930;Estr;30Y;6;741.4116569947682
10005;1189;Sonia;5Y;2;-1765.7481401763387
10659;8812;Libor;3M;8;-2755.2360587831204
13009;7653;Estr;6M;6;-3195.818626551626
11112;5078;Estr;20Y;1;1530.531094749109
13047;6091;Euribor;1Y;2;-778.56
11261;2189;Estr;6M;7;6980.360827836167
10904;6695;Euribor;6M;9;-5477.356052634299
12507;5734;Estr;5Y;5;-1095.1523852487148
12450;4145;Euribor;3M;7;4067.41
13407;8201;Euribor;15Y;8;-5051.668827721389
12796;7658;Estr;2Y;6;-4892.03
10382;3408;Sonia;30Y;2;-6285.76
10272;9780;SOFR;5Y;7;-8682.02
12319;1559;Euribor;6M;7;-1843.4
12258;5506;SOFR;5Y;1;-4739.57
13478;8483;SOFR;5Y;7;7897.777020228969
10081;8390;SOFR;30Y;9;512.01
10365;8327;Estr;10Y;6;1602.1284283777036
11070;5657;Sonia;20Y;3;5041.87
12348;2351;FedFunds;2Y;8;-4473.81
12690;4936;SOFR;6M;2;-6129.41
12455;3780;Estr;20Y;2;673.86
11767;6141;Sonia;3M;7;-4318.19
12189;8429;Libor;10Y;4;-1413.4167796993654
11208;2381;SOFR;10Y;8;-444.2
11670;5515;FedFunds;5Y;2;814.2426828421421
10888;4847;Euribor;3M;7;-4821.0561646262695
10206;9519;SOFR;5Y;4;2529.25
10412;3247;Libor;15Y;8;1340.9061106981167
12085;3249;FedFunds;3M;2;-584.4349553675859
10988;1861;Euribor;6M;7;925.6124826267296
12113;8257;Euribor;1Y;1;-5730.83
12254;1214;Estr;6M;2;-4986.78
11026;8966;Estr;15Y;9;-2362.7095650352294
10653;9307;FedFunds;3M;1;-1368.0
13419;3935;Sonia;30Y;2;1022.55
11883;1120;Libor;10Y;7;4077.93
12882;9239;Estr;10Y;9;732.35
11025;3387;SOFR;15Y;3;-8501.91
10226;2333;Libor;1M;7;8864.449921712467
11912;1347;Sonia;2Y;5;-7581.425359159446
11306;9867;Euribor;3M;5;-3550.51
10944;6675;Euribor;6M;3;4966.49
10973;1506;FedFunds;6M;5;-842.64
11969;9411;Libor;6M;3;5417.93
11371;3739;SOFR;3M;6;8221.914157794225
12729;7360;SOFR;20Y;9;-875.63
13438;2925;Sonia;2Y;9;9697.84
11903;3980;Euribor;1M;8;-6837.050353254741
12696;4956;FedFunds;3M;1;-7011.99
11741;7963;Sonia;10Y;5;-4150.692069146724
11424;5581;Libor;25Y;7;6412.95
11582;4758;Estr;2Y;2;-1216.9
12588;1868;Euribor;10Y;4;4705.09
11291;8131;FedFunds;5Y;2;3286.09
12222;9125;Libor;3M;4;-7817.16731815024
12500;3471;SOFR;2Y;5;12651.54
10050;9352;FedFunds;3M;9;4878.993265951753
11307;3083;Libor;2Y;8;-3658.9556662588575
11835;7172;Estr;25Y;9;2211.8181133767885
12488;5066;Sonia;2Y;6;-2291.9929036091085
12050;4996;Estr;3M;2;-9876.371392051207
12305;2992;FedFunds;5Y;7;-1687.41
13044;6430;FedFunds;30Y;3;-9382.27751807988
11850;6938;Libor;30Y;3;4409.415844316192
12137;6783;SOFR;15Y;8;-9155.83
10528;5697;Euribor;10Y;8;250.8931215353623
11153;1739;Sonia;20Y;6;3702.4305143337547
12216;3057;Euribor;3M;1;-1867.38
10314;2394;Euribor;6M;7;2034.6
11535;1145;Sonia;2Y;7;9480.6
13250;4837;Libor;15Y;5;-8017.81
10785;8832;Libor;25Y;5;4531.32
11230;2850;SOFR;5Y;7;312.8
13215;5231;Libor;6M;5;-3536.1212195926432
11860;4378;Sonia;1Y;8;-1620.2073046283544
10789;7837;Estr;2Y;2;3425.71
10272;9780;SOFR;30Y;8;5391.7
12181;8379;Sonia;1M;5;-3183.89
10306;4638;Sonia;6M;9;-3246.95
11660;8432;Euribor;10Y;3;7510.109419328805
11584;7651;Libor;10Y;1;-3460.4381683678307
13430;8310;Estr;10Y;3;-7341.51
12230;3181;Euribor;5Y;3;-14043.07
12651;8662;Euribor;1Y;8;872.5945640970199
13150;3134;Estr;15Y;5;8707.301795808062
11951;7852;FedFunds;6M;6;-3911.489076000762
12755;3241;SOFR;1Y;9;-8017.026893511123
12995;6681;SOFR;6M;1;-17751.98347666089
10671;4273;Sonia;1M;1;910.8120435298622
13035;9301;FedFunds;15Y;8;13112.49
10186;1126;Estr;5Y;1;-284.34505042939827
10870;7686;Libor;25Y;2;8457.162044865825
13191;8562;Euribor;25Y;3;-7332.840262148618
10342;2667;SOFR;20Y;8;5756.850651489661
10027;3693;Sonia;1Y;1;8248.51
10927;8135;Euribor;30Y;1;-2053.0924443717495
11326;3161;Sonia;5Y;6;-4703.61
12552;1753;Libor;20Y;8;-5416.726697341044
11054;7326;Sonia;1Y;7;859.9550116985317
10116;5964;SOFR;2Y;6;-76.82296311816208
11450;1823;Estr;10Y;3;1586.0490789141732
12490;1157;SOFR;30Y;4;-8821.41
12686;2139;Sonia;6M;6;998.2315141219028
10274;2007;Libor;1M;9;5216.529767864723
10709;2818;Euribor;15Y;8;-2714.5153324642274
12279;1912;Sonia;10Y;3;-2028.6602885271082
12281;5124;Sonia;1M;1;-2389.791699821706
10758;9026;Euribor;15Y;2;-2325.69
10201;6490;SOFR;25Y;3;-12192.767685068151
11617;1909;FedFunds;6M;7;6266.346423594599
11369;7363;SOFR;30Y;3;-3904.46027837005
13362;6709;Libor;15Y;9;-500.31
12693;9783;SOFR;30Y;6;-6111.23
11042;3572;Euribor;5Y;9;2081.63
11457;2736;SOFR;5Y;2;-11761.241953761613
12115;6008;Estr;1M;8;-4593.22
11983;8701;Euribor;25Y;2;5615.9
10368;3349;Euribor;20Y;9;2744.0758136737422
11553;9974;Euribor;20Y;9;-4279.4242524783
11197;6287;Sonia;2Y;8;3776.4299200497408
11824;1560;Euribor;1M;4;-7099.814662257696
13142;1479;Euribor;2Y;1;1731.03
11926;2914;Estr;15Y;9;-4156.64
12911;9898;FedFunds;1Y;7;-8389.33
10676;1406;Euribor;1M;3;-3035.15
13251;9882;Euribor;5Y;2;422.2564034948857
12807;2238;Sonia;30Y;9;6477.678925443004
12888;4317;Sonia;30Y;5;1427.0412154860562
10044;3049;FedFunds;1M;9;-8719.45
12322;5682;Sonia;10Y;7;4429.19
12077;3628;Sonia;1M;1;6624.724798532528
10167;2908;Euribor;5Y;8;4073.36
12434;5329;Estr;10Y;6;-990.2
13375;1743;Euribor;2Y;7;-1145.3133935763046
13189;4174;Euribor;10Y;8;-7590.44
10318;4814;SOFR;10Y;7;5643.14
12699;2037;Euribor;5Y;1;-3317.93
13001;5601;Libor;1Y;6;2234.0524249566774
12138;7047;Euribor;1Y;8;-1514.8620285912584
11904;6373;Sonia;10Y;7;-389.7498350553974
11074;4775;Estr;10Y;5;-4812.843615417439
10735;7815;FedFunds;20Y;6;-4594.29
11580;5323;FedFunds;6M;5;486.84
11373;1453;Euribor;30Y;7;7762.59
12411;1800;Sonia;1Y;6;-1012.82
11574;1329;Estr;1M;2;-2960.65
10835;3828;SOFR;1M;9;8611.37
10258;8312;Euribor;10Y;2;4419.24
10399;2382;SOFR;15Y;4;-213.04201490007517
11229;4392;FedFunds;25Y;6;7439.14498942615
10918;7382;Libor;30Y;4;-2045.9605995255552
13458;2300;FedFunds;6M;2;2931.427152048922
13419;3935;Sonia;1Y;1;-4906.04
12817;5911;Euribor;1Y;5;-7536.4
10527;2325;Libor;10Y;6;-2919.407416297825
11415;8450;Estr;3M;1;-3042.0232112031595
13138;1662;Estr;15Y;7;13646.77
11587;1244;SOFR;6M;3;288.88562025635156
11075;5435;Sonia;1M;2;-5510.85
13093;1090;Estr;6M;2;6251.442723227576
13189;4174;Libor;30Y;3;1056.74
11285;9677;FedFunds;15Y;2;4538.075143050329
11125;1153;Euribor;1Y;2;-8530.11
12564;6468;FedFunds;30Y;4;-8924.77
12454;3060;SOFR;15Y;4;-4080.65
11096;9082;Estr;3M;4;536.77
11005;5056;SOFR;15Y;6;-4685.09
12133;9792;SOFR;30Y;8;3224.38
11869;5675;SOFR;15Y;5;12347.05
13199;2865;Euribor;30Y;2;5876.033358381832
11587;1244;Euribor;25Y;1;3315.4556202563517
11473;3835;Estr;1M;4;-10267.24
10406;5798;Estr;25Y;2;8012.25
12177;4325;SOFR;30Y;2;-3840.3397278017596
13012;2925;SOFR;20Y;6;-4443.677982152278
12492;2810;SOFR;30Y;1;-5551.85
11598;6295;Estr;5Y;3;-10863.2
10774;4748;Estr;30Y;6;-413.014814327099
12980;2054;Euribor;5Y;6;7086.67
11412;2541;FedFunds;15Y;1;-1317.26
12499;7373;FedFunds;2Y;5;1452.9475196346525
13122;3922;SOFR;15Y;2;3778.62
13322;6898;Euribor;5Y;4;-1517.21
12953;2203;FedFunds;6M;5;-5480.177967910629
11052;8099;Estr;1M;7;5159.154522244893
10151;1232;Sonia;1Y;5;-8739.8
11834;5587;Libor;1Y;5;1854.1108111827598
12063;9667;SOFR;2Y;7;-499.44832724547746
12581;2317;Euribor;5Y;5;-3736.79
10998;6506;FedFunds;30Y;7;292.51844754835474
12447;4560;Sonia;25Y;9;8397.12
12812;7194;FedFunds;10Y;4;-2051.956615030726
11856;3575;Sonia;30Y;1;-4860.059156900135
13282;1163;SOFR;3M;5;7893.293017410721
13191;8562;Sonia;1M;3;7990.789737851381
11379;6720;SOFR;5Y;5;1897.86
13382;4236;Libor;5Y;2;168.69
12096;5722;FedFunds;6M;7;8858.48
11997;6633;FedFunds;1Y;2;69.13789232002227
10815;6067;Sonia;3M;8;-4929.69
13494;2225;Sonia;5Y;1;-6856.59
10643;9436;Euribor;5Y;9;6059.25
12222;9125;Libor;1Y;6;-8666.097318150241
12461;6761;Sonia;1Y;8;1742.2
13243;7891;Euribor;3M;8;4797.04524894604
12945;5496;Euribor;1Y;6;-976.864863291441
11840;4185;Euribor;5Y;8;-3680.24
12893;2300;Euribor;25Y;9;3296.79
13197;8586;FedFunds;6M;9;-2082.19
13477;3313;Sonia;1M;1;-4446.693903474492
12702;1933;SOFR;2Y;9;-10825.041674119675
10870;7686;Libor;6M;1;-338.7979551341764
10878;5485;Euribor;6M;2;1764.48
11892;3696;SOFR;5Y;1;-3376.36
11391;2447;FedFunds;1Y;7;11946.26
11711;4041;Estr;2Y;2;5348.660569504805
13355;5041;FedFunds;1M;6;-5405.98
10916;8108;Euribor;10Y;8;2233.983956005596
10770;5290;Libor;10Y;4;5513.5
13169;2354;Estr;1M;9;9986.2
12309;8034;Libor;5Y;9;117.36477090459016
12057;8730;Euribor;10Y;5;7727.66
11028;9488;Sonia;3M;3;7008.747667599992
12546;2354;SOFR;5Y;8;-5611.112551424445
11014;7893;Estr;2Y;1;-6921.793643422587
13343;6179;Sonia;6M;2;343.01
12913;2345;Sonia;2Y;5;4061.0214472491707
13012;2925;Libor;2Y;1;4689.802017847722
11846;1144;Euribor;20Y;1;-7404.66
12067;3523;Sonia;15Y;9;1422.267531019368
10365;8327;Libor;6M;4;5124.878428377703
12059;1947;Sonia;3M;3;-8724.47
11115;8382;FedFunds;1Y;3;3902.7221668758098
12575;8572;Euribor;15Y;4;7285.95
10933;2260;FedFunds;30Y;6;4870.16
13275;9803;SOFR;20Y;2;-1988.1032742800285
11338;5868;SOFR;6M;3;1233.6306186673783
12701;8899;Libor;1Y;5;-4109.4
12387;2368;Estr;1M;8;-9638.023948097818
13349;5714;Sonia;1Y;4;3873.11
10066;6919;Euribor;25Y;8;6345.36
12824;6852;FedFunds;6M;6;-2484.9
12434;5329;SOFR;2Y;7;-9285.19
12195;9253;FedFunds;15Y;4;5216.761164563402
10222;9646;Estr;15Y;7;-3408.02
10389;5259;Estr;5Y;2;-7083.37
13466;1561;Sonia;3M;1;8996.79
10204;7305;Libor;3M;9;2939.0670274381673
12968;7100;Libor;25Y;7;3159.727632610306
11194;6289;FedFunds;20Y;5;-1799.919693358691
13232;4801;Libor;6M;4;2544.18
10122;4925;FedFunds;25Y;5;5121.188947037376
11466;4883;Sonia;2Y;7;-1525.74
10051;7015;Euribor;10Y;8;4962.676997117902
13158;5507;Estr;25Y;9;-1984.2183910819401
12658;2239;Libor;20Y;2;-2707.79
10005;1189;Estr;30Y;4;-123.0781401763387
11413;9598;Estr;1M;1;2007.76
12526;7820;FedFunds;5Y;2;2948.857069113717
11345;7694;SOFR;25Y;6;6768.39
12699;2037;Libor;25Y;5;2214.86
10165;3832;Estr;25Y;3;7813.036376350963
12017;2919;Sonia;5Y;6;-3828.0264278406376
12202;2392;Estr;25Y;2;-987.26
11006;4917;Libor;1Y;8;-9675.74
12223;4754;Sonia;15Y;5;11346.58
12369;3606;SOFR;1M;1;-8806.04408595482
11857;1065;Euribor;1Y;9;-9227.15
13289;7406;SOFR;25Y;5;3885.67
11497;4808;Sonia;15Y;5;-14158.37
12572;8707;Sonia;10Y;8;7077.68
10580;4906;SOFR;15Y;1;-8352.46
10732;2029;Estr;10Y;9;8565.81
10585;9068;Sonia;25Y;2;-10186.98
13472;9066;Estr;5Y;5;-776.69
12113;8257;Euribor;20Y;9;3962.11
11748;4683;Libor;3M;6;-1053.23
10068;4854;Estr;1M;7;2118.69
13192;9774;SOFR;1M;9;-10718.05
12378;4811;Euribor;15Y;7;-4918.92
11118;1888;FedFunds;1Y;5;-575.2578207498798
13158;5507;Estr;10Y;7;2571.81160891806
10048;6592;Estr;3M;4;3979.025399813825
12655;5378;Estr;15Y;2;10823.46260590911
11665;9652;FedFunds;1M;6;8.314113214247755
13380;6318;Estr;25Y;2;4613.85
10977;2539;Estr;25Y;2;-4556.09
12802;6648;Euribor;6M;3;-3972.4463125274497
10432;2376;Euribor;10Y;3;-6968.17
13042;1981;Euribor;1Y;5;-2408.33
10641;7102;FedFunds;2Y;7;4660.81
10822;7139;SOFR;1M;6;158.92531518221767
12389;1932;SOFR;25Y;1;1297.923620175744
12416;3567;Euribor;30Y;8;7682.437023622747
12153;8541;SOFR;5Y;5;-3960.6107832449497
12374;1791;Sonia;20Y;2;-1.0206462443616147
12224;6291;Estr;1Y;9;8906.380682570718
13448;8892;SOFR;3M;4;-2590.55
12522;8851;SOFR;2Y;7;6419.694600371612
10257;2913;Libor;30Y;2;-8123.06079241019
11738;7766;SOFR;2Y;1;-4401.54
12841;2149;Sonia;5Y;4;5002.412866625549
10219;6475;Euribor;20Y;1;2472.71
12534;6964;SOFR;3M;7;3722.23
10506;5249;Sonia;20Y;3;3155.021396444843
13098;9233;Estr;10Y;3;-402.5550527918567
11568;8581;SOFR;25Y;7;-1121.01
11617;1909;Sonia;30Y;9;-2241.6035764054013
10548;2141;FedFunds;2Y;4;-1227.458841744703
11804;8313;Euribor;1Y;1;5378.708029065762
11336;8866;FedFunds;5Y;9;2165.54
12087;7000;SOFR;20Y;6;-146.26535517185584
11724;4816;Sonia;5Y;4;-13651.37
10409;1016;Euribor;20Y;8;-876.8125353054048
12457;5297;FedFunds;20Y;6;2839.34
13457;6857;Sonia;10Y;8;2572.1417136764317
11688;9021;Estr;1Y;4;-3780.98
12240;2562;Sonia;10Y;9;-831.19
12357;7489;SOFR;1M;1;-1511.48
10563;9491;Libor;5Y;9;815.69
13290;7154;Euribor;5Y;6;-10046.999140378472
11184;9613;FedFunds;5Y;6;-1459.2978428754277
12288;4515;Estr;20Y;3;103.41706326018084
12049;3939;Sonia;1Y;2;-4351.04
13329;3156;Estr;1M;2;9482.255501860041
10487;7509;SOFR;3M;9;1473.4647801713118
11028;9488;FedFunds;20Y;6;-4192.802332400007
11084;5567;Estr;2Y;4;-9722.18
11581;8060;Estr;5Y;8;-563.6408320052715
10027;3693;SOFR;3M;7;-164.34185718100207
13151;6828;SOFR;10Y;7;-5262.708138469237
12027;5919;Libor;25Y;3;5716.36721627485
12975;9550;FedFunds;20Y;6;4352.12
10700;2518;SOFR;5Y;4;6226.975567997771
10957;7331;FedFunds;5Y;1;10686.68
11405;3486;SOFR;25Y;5;5894.544357828159
10761;3854;Euribor;1M;7;3637.57
12093;6181;Sonia;1M;6;4026.256533592774
12398;9637;Estr;1M;1;-1118.88
11312;7093;Sonia;6M;5;-4971.181232433545
13384;9456;FedFunds;30Y;9;5516.391112040461
10407;6827;SOFR;25Y;3;-6376.474236253352
10106;5268;SOFR;30Y;7;3822.83
11603;7265;FedFunds;1M;2;1156.76
10628;6223;Sonia;25Y;4;-10632.02
11817;5253;SOFR;2Y;1;-6244.49
10718;1690;Sonia;30Y;6;3609.338511944071
11436;8173;Sonia;2Y;9;4633.486500818209
11138;7701;Estr;3M;5;-1214.64
13099;6230;Estr;3M;1;532.8067409304385
10647;5009;Euribor;2Y;1;-8690.21
10772;4046;Libor;20Y;3;1001.3439758833454
12019;8432;SOFR;1M;2;-3562.68
12992;2264;Estr;6M;3;6065.65
13484;5275;Sonia;1Y;2;10019.196810456595
10567;9848;Sonia;20Y;4;6339.33
12642;4712;Libor;25Y;3;-278.69
11883;1120;SOFR;6M;7;-11111.23
10909;5670;FedFunds;10Y;4;-5466.3403438483565
10586;4175;FedFunds;25Y;7;-8604.67
13076;2671;Libor;25Y;3;9749.82
11943;4017;SOFR;6M;4;6864.58433461594
12165;6907;Euribor;15Y;4;-937.95
12865;6970;Euribor;6M;5;4377.53
10278;3353;Euribor;1M;6;12648.11
12732;9083;Estr;15Y;1;3205.803483180419
12844;8894;Euribor;30Y;3;-8171.07
12404;6322;Euribor;20Y;7;-1744.13
11361;1754;Libor;3M;5;1611.7319443758004
11359;1028;Libor;6M;3;-2596.16
13263;9431;Libor;20Y;4;6511.333629159721
11367;3349;Euribor;6M;9;-600.459738870615
12719;3568;Libor;6M;5;406.98
10541;2628;Estr;5Y;6;-4275.07
12159;9221;Euribor;25Y;3;2633.31
10643;9436;Sonia;20Y;7;-917.65
10481;6546;Estr;5Y;4;5645.26
11542;3587;Libor;30Y;5;9116.48
11360;3024;FedFunds;1M;4;-7323.5
10617;4841;Sonia;3M;5;3671.173063051964
10686;4731;Sonia;2Y;5;-2642.76
11354;8610;Estr;15Y;2;-1232.998654135352
11908;5513;FedFunds;1Y;3;-2605.421991284912
12218;5948;Estr;2Y;6;1290.76
10137;8830;Sonia;5Y;1;-1072.9092474144327
12806;1800;SOFR;1M;8;-902.66
12865;6970;FedFunds;25Y;4;9956.13
12047;7101;Euribor;6M;8;-256.1
11091;1240;Estr;6M;5;572.2372710087147
13471;2405;SOFR;2Y;6;-3732.424101265806
11328;2164;Estr;15Y;5;9018.23
10735;7815;Libor;10Y;8;-3776.94
10819;8185;SOFR;6M;4;3874.3
10843;9615;Libor;6M;8;4299.963247167905
12615;8868;SOFR;10Y;9;-2265.8843435383324
12062;1171;FedFunds;1Y;4;3476.240926653397
13116;6303;SOFR;1M;5;-5147.9
10693;3606;FedFunds;10Y;7;-11133.25
12079;7205;FedFunds;1M;7;1926.4027876431833
12453;4512;FedFunds;30Y;9;-10714.63
12273;5004;Sonia;2Y;9;4302.43
13219;6480;SOFR;5Y;7;-2480.58
13494;2225;Sonia;20Y;7;-744.0
10382;3408;Euribor;6M;7;1034.98
13443;5694;Euribor;15Y;1;3541.2250516824656
12122;5942;Euribor;10Y;6;5869.46197684509
10585;9068;Euribor;10Y;3;889.89
11320;4932;Libor;5Y;2;-9435.656947427153
11846;1144;FedFunds;1Y;3;3493.21
11989;5969;SOFR;6M;6;5646.06
10131;7881;Euribor;1M;7;-7093.73
12949;9603;FedFunds;15Y;9;650.6305183406657
10065;3368;SOFR;5Y;5;4876.46
10375;5211;Sonia;1M;2;-5720.221587093918
11310;2044;Euribor;6M;7;1682.2592126538761
13383;2161;Sonia;10Y;5;3646.220444111211
11598;6295;Libor;30Y;1;-1439.8528334065604
11229;4392;Euribor;30Y;4;-7660.285010573851
10851;3863;SOFR;30Y;3;-4431.2810931870135
11376;7830;Sonia;25Y;8;-214.79467767693313
12099;5781;Sonia;20Y;5;-281.98048212124786
11875;4850;Euribor;1M;2;500.89
10986;3645;SOFR;1M;3;8172.61
10756;9397;Sonia;6M;3;-3705.600564633344
12411;1800;Libor;15Y;6;894.32
12700;6642;FedFunds;20Y;8;-3026.14111546542
12658;2239;SOFR;1Y;3;-5593.51
10346;8010;Sonia;3M;8;-16164.92826598987
10904;6695;Libor;25Y;8;-2258.2560526342986
12415;2655;Sonia;2Y;1;442.54
11230;2850;Sonia;1M;1;-2388.02
12381;5595;SOFR;30Y;1;-3912.04
11043;5712;SOFR;1Y;4;2037.9435511818847
10545;7563;Sonia;1M;8;6065.66
12953;2203;Euribor;20Y;8;2491.0220320893704
12059;1947;SOFR;20Y;7;-2916.86
12127;2360;Estr;15Y;4;-3241.7553268421584
13038;4528;Libor;1Y;6;-3310.6338425993
12705;2967;Libor;25Y;2;4381.12
12699;2037;SOFR;10Y;8;-8053.23
11361;1754;SOFR;1M;7;-4680.968055624199
11730;4553;SOFR;30Y;9;-849.2076655807268
10340;8848;FedFunds;5Y;6;5817.83
12389;1932;Libor;6M;7;-1492.9763798242561
10384;5437;FedFunds;20Y;8;-347.3481691698271
12090;5370;Estr;15Y;1;-7821.854846880447
12779;9585;Libor;10Y;4;4822.17
12556;7637;Libor;1M;9;-2488.439105249291
13365;9645;SOFR;20Y;6;8699.95
10866;2260;Sonia;1Y;9;-241.43226240960212
11628;7475;Estr;1M;1;1794.27
10867;8616;Estr;15Y;8;-4679.78
12506;5289;Estr;6M;4;1219.1354346021903
12687;6952;SOFR;3M;3;-3152.042742715049
13436;9418;SOFR;15Y;4;4691.779897451467
11540;2667;Euribor;20Y;7;7785.687726268662
10156;4735;Libor;2Y;7;623.0788317355436
11623;4036;Euribor;25Y;4;7701.93
10932;2015;FedFunds;1M;8;547.9848293654659
13430;8310;Estr;30Y;7;5345.82
10233;6136;FedFunds;1Y;4;-3836.24
10131;7881;Libor;3M;3;-3811.85
10269;5286;FedFunds;6M;2;-893.96
11540;2667;SOFR;30Y;4;-3983.33
10067;7293;SOFR;10Y;8;-2509.7361306479825
11966;5200;Euribor;3M;8;802.7820639479341
10624;4718;Estr;20Y;3;5326.84
12462;9802;Euribor;10Y;1;152.99101071277482
12850;2212;FedFunds;10Y;5;-4448.12
12553;7926;SOFR;6M;5;4041.5804351503443
11022;6014;FedFunds;15Y;6;3095.6
12989;9053;SOFR;1M;4;2011.4045873306968
10381;3785;Libor;5Y;5;-3566.753762623989
10753;4406;Euribor;5Y;8;-1502.2645798284864
10603;3224;Sonia;1Y;5;287.82034251772166
12680;8011;SOFR;1Y;5;3264.3
11099;1534;SOFR;30Y;5;-4653.72
12217;9831;Euribor;5Y;7;1140.6527693373478
11759;7435;Sonia;10Y;5;7132.93
11916;6974;Libor;2Y;5;-2104.45
10555;8597;SOFR;5Y;4;-377.14897137054186
13416;7340;Sonia;2Y;4;-4887.2
13491;6177;Estr;20Y;3;1893.5013864317905
10794;8226;Euribor;20Y;6;-5245.989591210631
11140;6311;Sonia;6M;5;-7818.36
13323;5723;Euribor;15Y;6;1577.9659524661229
11109;8481;SOFR;5Y;5;4314.082648444085
13229;7160;Libor;6M;5;376.03
13208;2637;SOFR;25Y;4;2150.7782215900525
10241;1614;FedFunds;6M;2;-6386.87
10916;8108;FedFunds;6M;9;-3299.2760439944036
12231;3337;Euribor;30Y;7;-787.5989816418332
11388;8799;Euribor;10Y;7;-13624.7
13217;7705;Euribor;20Y;3;5321.47
10694;3438;Euribor;2Y;6;-3698.261493677221
10441;2929;Sonia;20Y;9;573.5990126507795
10997;2353;FedFunds;25Y;7;10497.37
11932;4598;FedFunds;10Y;1;3977.07
10685;9850;FedFunds;1M;1;8685.26
12163;9520;SOFR;2Y;8;-910.78
13207;6642;FedFunds;25Y;9;-5998.49
13186;1142;FedFunds;1M;5;-13751.059479939579
12061;8069;Libor;1Y;5;-123.70363988651275
12480;2326;Libor;5Y;8;-8248.163695286825
11359;1028;Sonia;15Y;5;-8072.45
11433;4845;FedFunds;20Y;1;-1888.9813492649864
11155;3283;FedFunds;15Y;1;8239.893037136992
11714;7107;Euribor;1M;1;1876.9297801885896
12898;1944;SOFR;1M;3;210.9236012887377
11554;3956;Libor;2Y;8;-7728.24
11048;1178;Estr;1M;2;7966.39
12020;8614;Euribor;15Y;8;14186.72
10570;2960;Sonia;5Y;3;5557.338219750776
11839;3970;SOFR;30Y;5;7645.105625183136
12050;4996;FedFunds;2Y;4;1857.5786079487925
12216;3057;Estr;1M;4;8076.79
10271;7506;Estr;6M;4;-7548.31
10798;6866;Libor;1Y;1;-2301.7079746233703
13220;9142;SOFR;10Y;2;3531.148007378018
12292;3236;SOFR;20Y;2;-1845.3700537892255
11552;9111;Euribor;2Y;5;8301.65
12276;3673;SOFR;15Y;1;217.836357233341
13184;8935;SOFR;3M;1;305.48759373930807
13098;9233;SOFR;30Y;9;-6072.945052791856
10386;8629;Sonia;10Y;8;4864.49
12504;6450;FedFunds;1M;5;3381.700198402199
10044;3049;Libor;1M;4;1924.75
10184;8783;Estr;3M;9;1177.0232649508632
10399;2382;FedFunds;20Y;9;2236.8879850999247
10319;3113;FedFunds;25Y;5;2038.9883285248673
10555;8597;SOFR;6M;4;-2328.488971370542
10802;4856;Sonia;6M;5;7629.088907149725
11710;5659;SOFR;3M;2;6031.01018228044
12260;7605;Estr;1M;9;-2117.956947863646
12639;8699;SOFR;2Y;3;-11399.21
11802;8171;Euribor;6M;2;10010.8
11232;2502;Sonia;3M;7;-9020.4
13461;6668;FedFunds;15Y;4;881.93
11739;6967;Estr;20Y;5;-1236.17
10842;7416;SOFR;1Y;4;8610.16
12042;6289;Libor;1M;6;12098.76
11862;1264;SOFR;6M;6;3506.04
10504;5596;Estr;10Y;9;-8685.420187303196
11815;1444;Libor;15Y;8;-916.88
10137;8830;Sonia;15Y;5;1283.510752585567
11533;1109;SOFR;6M;6;-7407.54
12889;1722;FedFunds;30Y;4;-5448.81
11781;2709;Sonia;10Y;4;1480.0813360630432
11013;4510;Sonia;5Y;7;-717.5832597220092
12116;6645;Estr;15Y;1;-6177.5
10159;5289;Sonia;1M;2;-2611.01
13115;1286;Estr;6M;8;5118.26
12594;8518;Euribor;1M;8;-11079.99
13110;6073;FedFunds;10Y;4;1651.5128365817322
11455;6494;Euribor;15Y;9;-166.92320261763325
10942;6874;Sonia;10Y;2;-427.0354908879867
11024;4159;Sonia;6M;7;-8353.43
11833;3550;Estr;30Y;3;13285.96
10163;1009;Sonia;10Y;4;-4751.44
13116;6303;FedFunds;1Y;6;-3114.5
10974;7360;FedFunds;25Y;8;9103.4
11044;2140;Libor;1M;7;-5197.66
11603;7265;FedFunds;1Y;1;930.39
12136;1944;SOFR;5Y;7;-8069.47
13450;4724;Estr;5Y;2;-2249.1720319913156
10828;5820;Sonia;2Y;2;-7210.74
13061;8143;Euribor;6M;5;287.01525096642445
13081;5999;SOFR;1Y;8;4933.12
12292;3236;Estr;2Y;7;-5823.95
10935;9713;Estr;25Y;2;511.9443062262535
10546;4259;Sonia;2Y;7;4660.159532937416
10847;2051;Euribor;1Y;8;1097.57
10327;1281;Libor;25Y;9;8795.956297958
12382;3170;Euribor;25Y;4;-933.7517049416936
11806;4430;SOFR;10Y;6;5684.4788591021725
11245;4209;FedFunds;2Y;2;11632.36459330783
12256;7834;Libor;5Y;9;6362.31
12729;7360;Sonia;1M;3;8939.05
13475;2756;Estr;3M;2;13536.01
10921;5713;Sonia;2Y;1;-8785.65
12667;2196;FedFunds;1M;9;6853.7267232374015
12287;1020;SOFR;30Y;9;2622.7263894200164
10302;1552;Libor;20Y;1;-142.6534109843899
10479;3113;FedFunds;2Y;3;-4716.671157445411
11423;7054;Euribor;3M;2;-1239.5691527662125
11193;3911;SOFR;10Y;2;628.68
12401;4646;Euribor;6M;6;-8902.16
13406;2419;Estr;15Y;2;221.36343156446037
10626;9835;Euribor;25Y;9;-4050.38074082228
11741;7963;Estr;5Y;6;1828.3979308532762
10013;8629;Libor;10Y;3;-4493.24
13404;1333;Sonia;5Y;3;-5162.02
12037;7437;SOFR;2Y;6;-4367.509722236355
10308;1661;Estr;25Y;2;-4437.607391602405
10950;9832;Libor;5Y;3;5331.88
12200;7321;Estr;10Y;5;3042.93
12605;2496;Sonia;10Y;6;2796.91
11583;6166;SOFR;30Y;6;4075.03
12121;7540;Sonia;1M;8;3820.38
13488;4754;Libor;20Y;1;-6035.597468884941
11075;5435;Estr;25Y;4;-2153.02
13489;3126;Sonia;6M;6;4169.21
13227;6462;Libor;3M;2;1622.8132133898066
10509;2531;Estr;10Y;1;-8052.253206632926
11528;2834;Euribor;1Y;5;-4731.21
10287;9984;SOFR;2Y;2;-7509.75
13123;7959;Estr;5Y;1;-1422.27
11479;3224;Estr;6M;9;429.87
11303;6073;FedFunds;2Y;1;-4275.26
12805;1064;Euribor;25Y;7;4864.27420552002
12573;9820;Euribor;1Y;8;-6900.92
12535;3006;Euribor;15Y;1;-564.624213215222
11417;4095;Euribor;2Y;7;4682.27
11248;8160;SOFR;5Y;1;4948.44
11182;5379;Sonia;1M;7;1681.0750504047464
10310;1352;Libor;10Y;3;3977.78
12015;6055;FedFunds;20Y;1;-5362.24
12303;5237;Estr;10Y;7;-26.650378914930116
11139;3831;FedFunds;10Y;9;-3859.61
11245;4209;Euribor;3M;2;-8081.27540669217
13232;4801;Sonia;25Y;9;1370.77
12116;6645;Libor;20Y;1;5412.1
12115;6008;FedFunds;2Y;1;12875.92
10829;3985;Estr;5Y;9;9083.88
11344;2770;Sonia;20Y;1;-8815.41
10358;6291;Libor;20Y;6;5811.88
10617;4841;FedFunds;1Y;7;-1043.816936948036
11386;6559;Euribor;5Y;9;-191.8098642541254
10536;7993;Euribor;1M;2;-5000.27
10688;8951;Euribor;15Y;7;-9610.98
12788;3614;Euribor;3M;3;-11050.015850353435
11504;9340;Libor;20Y;1;-1355.5342960960797
12188;6109;Estr;25Y;3;-1611.452016860852
10524;5875;Estr;3M;9;-4156.43
12056;3397;FedFunds;6M;8;-6680.71
11697;5927;Libor;3M;3;-11639.109401726604
10922;6308;Estr;2Y;4;4305.438179939467
10790;4716;Sonia;30Y;3;5527.5
12337;7110;Estr;5Y;6;-7955.396693137088
11560;4201;Sonia;30Y;5;-1361.1395012465032
10783;8609;Libor;3M;5;4329.19
10428;8165;Euribor;6M;7;4141.649334024123
10918;7382;Sonia;5Y;5;5458.019400474445
12093;6181;Sonia;5Y;6;-5156.873466407225
10086;9945;Euribor;25Y;9;-3024.51
12116;6645;FedFunds;1M;5;9247.08
11343;4022;Sonia;1M;9;6092.01
10006;4556;SOFR;2Y;8;3618.56
10090;3786;FedFunds;20Y;6;-1860.6420781897964
10329;5585;SOFR;10Y;7;-7255.39
13002;4811;Sonia;5Y;8;-805.1955137236291
11814;7852;FedFunds;2Y;7;565.61
10437;3159;SOFR;1M;1;2520.2299828889168
10042;7616;Estr;1M;8;-4269.5
11165;9534;Sonia;1M;5;-8462.622222603417
10521;1771;Euribor;30Y;7;-1625.04
10570;2960;Libor;20Y;2;-9238.631780249225
10131;7881;Libor;20Y;7;-3072.49
11979;6660;Estr;2Y;7;-4419.94
10660;4180;SOFR;30Y;5;-12455.51
10331;6342;SOFR;5Y;8;729.9872439384098
12688;8765;SOFR;2Y;3;4924.594249791315
12098;2400;SOFR;5Y;7;-2840.1
10431;5082;Estr;1M;8;2841.98
12278;5257;Euribor;5Y;1;5704.62
11123;5654;Libor;10Y;7;2447.2769655605434
10288;2607;Estr;5Y;8;279.4990998666908
11202;8211;Sonia;1M;7;533.6868450393979
11946;4598;Estr;10Y;8;-2985.427795869976
13255;5089;SOFR;10Y;2;1115.98
11389;5439;Euribor;3M;5;-1516.82
13294;6765;Estr;2Y;3;-1936.57
11890;4955;Euribor;1M;3;6560.913213920596
10699;6633;SOFR;30Y;4;3749.105147785688
10727;3668;Sonia;10Y;5;-6306.964840328357
13215;5231;FedFunds;5Y;7;-1420.6512195926434
12341;2301;SOFR;30Y;6;4615.732304295207
13073;1324;Euribor;25Y;1;-2982.62
13319;4560;Sonia;10Y;1;-1008.8339206143974
12862;3482;Sonia;1M;5;-5979.683357446902
11402;3510;Euribor;15Y;1;-137.67245915852072
10066;6919;Euribor;25Y;3;4221.05
11325;5652;FedFunds;30Y;3;2549.644342761834
12031;9839;SOFR;10Y;1;1371.6724633001313
11694;5311;Euribor;2Y;3;-689.43
13065;2963;Sonia;20Y;3;-159.29613027017012
11800;8624;Sonia;5Y;5;252.59
11891;8011;SOFR;10Y;5;-8471.73
12423;5654;FedFunds;30Y;1;9760.51
12796;7658;Libor;10Y;3;-3449.95
13185;7544;Euribor;10Y;1;129.24992426232347
11296;5631;FedFunds;20Y;7;4070.17
10514;6154;Libor;2Y;2;-6513.906119914305
11611;8522;Sonia;20Y;1;1748.17
11722;1415;Euribor;25Y;2;8999.18
11264;8645;Sonia;5Y;1;1888.1468504730194
12351;5123;Sonia;10Y;2;-6530.53
13285;6247;SOFR;5Y;1;-717.25
12850;2212;FedFunds;1Y;9;-3921.7467224659695
12637;5800;Euribor;1Y;7;611.7051799624514
11721;8188;Estr;25Y;7;-1010.31
12341;2301;Sonia;10Y;8;-1509.7476957047938
11642;5803;Euribor;25Y;1;3780.93
13074;4137;FedFunds;1M;1;5895.09
12948;1018;Sonia;20Y;9;-4296.230628862651
11156;6413;SOFR;5Y;6;940.6428599352848
10969;9982;Euribor;10Y;9;1774.38
13331;6353;SOFR;30Y;8;-1787.5441955148929
12943;9066;FedFunds;2Y;2;-9130.38
11237;4382;Estr;1M;2;1794.2
11563;7772;Libor;1Y;4;-784.63
12914;3282;Euribor;6M;2;6085.94
11119;3415;Sonia;10Y;2;1136.14
13467;7974;FedFunds;15Y;2;10343.41
10620;4923;Estr;30Y;9;-520.963391519067
10593;6789;Euribor;2Y;4;1826.2035023096578
13120;7895;SOFR;3M;7;941.091366892264
12218;5948;FedFunds;1Y;3;-12627.38
11367;3349;Euribor;15Y;7;7361.110261129385
12534;6964;Estr;10Y;3;1043.79
13343;6179;SOFR;20Y;9;7165.38
11054;7326;Sonia;6M;9;3743.685011698532
11630;7361;Libor;30Y;3;7114.79
12954;8513;SOFR;30Y;2;-117.13
13357;6884;Libor;30Y;9;-14340.39431935916
10909;5670;Sonia;20Y;9;4687.269656151643
10537;1593;FedFunds;2Y;2;-5648.873659166244
10970;1920;Estr;20Y;3;-2579.46
13054;2220;Estr;1Y;6;4005.62
12645;9830;Estr;20Y;9;-2161.48
13440;9633;Euribor;1M;8;4838.93
12071;3655;Libor;25Y;3;3384.73
12031;9839;Libor;10Y;2;-6528.17
11170;6378;FedFunds;3M;8;80.11976728120953
11605;8999;Euribor;10Y;6;-3149.88
10578;7980;Sonia;3M;2;11703.41
10035;7528;FedFunds;3M;5;371.28
12101;9561;SOFR;20Y;5;668.1213503171239
12011;2183;Libor;1Y;6;6512.86
12475;1058;FedFunds;1M;4;8305.004381151457
10132;2331;Libor;6M;3;-2453.23
11523;5864;Euribor;2Y;4;8773.716252705006
10378;8446;SOFR;25Y;9;1151.46
12555;9191;Euribor;5Y;2;7494.55
10518;7581;SOFR;2Y;6;5616.6553497026825
10342;2667;Euribor;1M;6;-6694.20934851034
10911;3843;Estr;25Y;7;-1116.3
12834;8160;Sonia;5Y;2;6621.75
10060;6854;Libor;5Y;6;-872.09
13274;7621;Estr;25Y;9;-399.5627602641375
12349;3646;Euribor;6M;9;-5530.001659923815
10806;9775;Euribor;15Y;6;-7700.382700101257
12995;6681;Libor;6M;5;6483.936523339107
10241;1614;Libor;5Y;6;5894.61
11439;7519;FedFunds;20Y;8;584.6558808402901
10352;1140;SOFR;2Y;7;1600.904141099847
11254;9684;Estr;6M;9;3151.15
11925;8790;Libor;3M;7;-4799.64
11836;9252;Sonia;2Y;6;386.154124585054
11373;1453;Libor;20Y;3;-6571.53
11953;4932;Libor;30Y;5;5730.770562947302
12932;1378;Libor;10Y;2;-2117.1926793723896
13184;8935;Estr;1M;2;-7611.122406260691
11288;8532;Libor;3M;5;9061.96
12953;2203;Euribor;1M;1;-10160.68796791063
10394;6179;Libor;5Y;2;10739.886988486944
11755;2284;Libor;30Y;5;4534.14
13140;3106;SOFR;1Y;4;3073.6669445896664
11011;2141;SOFR;20Y;9;303.09
12557;5988;Sonia;2Y;6;-5432.23
12691;9366;Sonia;2Y;8;-135.76798498858443
11669;3460;FedFunds;2Y;1;-1468.43
13234;8001;Euribor;1Y;7;2816.82834912972
12838;1047;Libor;3M;2;2818.5
11056;7738;SOFR;1M;4;-5156.84
13006;4143;SOFR;1M;6;-1988.935628647006
11578;8849;SOFR;20Y;2;6759.54
10872;5500;Euribor;25Y;5;3550.15
12399;6526;FedFunds;25Y;6;-2128.84
10555;8597;SOFR;25Y;3;2382.32
10947;9976;SOFR;5Y;2;1219.85
11632;7981;SOFR;15Y;7;-7060.139008530235
12894;6279;SOFR;15Y;3;2270.171936280325
13328;6562;FedFunds;6M;4;1495.0254989021032
13048;3945;SOFR;1M;8;8415.84
11071;6068;FedFunds;5Y;7;-11227.58
10123;8266;Euribor;2Y;6;-709.59
11568;8581;Euribor;2Y;4;-2453.06
11784;8126;Euribor;20Y;6;4614.482668955341
12914;3282;SOFR;3M;2;-11253.42
11279;1969;Sonia;2Y;8;-3753.605959137707
11927;6044;Sonia;10Y;4;9702.74
11303;6073;Estr;15Y;4;-952.72
12948;1018;FedFunds;3M;7;-6468.560628862652
10015;5859;Euribor;25Y;4;-4249.444945952235
12953;2203;Libor;30Y;6;1257.94203208937
11317;4145;SOFR;3M;1;2135.0459826889514
10244;6468;Estr;2Y;4;-3576.58
11804;8313;Estr;1M;4;-3895.2719709342377
13162;5509;Sonia;1Y;4;-7915.24
13486;1433;Libor;1Y;2;6197.029059097698
12772;6106;Euribor;15Y;1;5148.82
11603;7265;Sonia;1M;7;294.27
12995;6681;SOFR;2Y;8;7461.206523339108
11823;6789;SOFR;15Y;4;-5029.43
11438;7852;Estr;2Y;2;-1516.1
12809;8177;Euribor;3M;9;-4073.308632150566
11601;5890;FedFunds;5Y;1;-1078.21
12649;2436;Estr;3M;7;3222.98
13338;6351;Libor;10Y;3;-4771.64
11679;2845;Euribor;6M;7;-5909.78
12380;3978;Estr;15Y;6;9107.915742000805
10552;2829;SOFR;10Y;7;-799.8770041584653
12823;1605;Sonia;30Y;1;-857.284440997596
12772;6106;Estr;10Y;1;-2062.62
11796;4131;Euribor;3M;6;1120.73
12211;6122;FedFunds;3M;2;2553.07
12956;7196;Libor;5Y;2;-2799.06
10965;8833;Sonia;5Y;8;10075.82
13179;3416;Euribor;1M;6;5339.74
11042;3572;Estr;1Y;1;-607.45
12867;4624;FedFunds;1Y;9;-322.39642890023197
10046;2154;FedFunds;1Y;7;-3093.4532500514397
11669;3460;Libor;20Y;1;-2208.48
12138;7047;Sonia;30Y;1;1009.3979714087418
10377;4083;SOFR;20Y;6;-132.24
12542;6058;Estr;3M;7;2260.7474013324
10885;9378;Estr;30Y;8;-4495.9992787062565
12773;3737;SOFR;6M;6;6784.02
11457;2736;Euribor;1M;4;5640.948046238386
11163;8072;Estr;5Y;1;2437.581990267412
13442;5680;Sonia;15Y;6;-5860.339102803022
11870;8096;FedFunds;5Y;5;5763.475049826587
11860;4378;Euribor;10Y;1;-4315.137304628354
12854;7940;Estr;3M;3;-958.0380937308973
10011;8989;FedFunds;3M;2;3227.8136138082723
11190;5002;Estr;5Y;1;-3103.2913956516104
13054;2220;Euribor;3M;3;718.56
10428;8165;Sonia;1Y;6;-2345.860665975877
13398;7421;Estr;1M;9;6843.01
12411;1800;Libor;2Y;5;4558.91
10729;9468;Sonia;2Y;2;-2349.2507062827726
10343;2000;Euribor;10Y;8;5552.59
12746;6465;Euribor;20Y;3;3623.5346630557497
12332;5721;Estr;30Y;9;5048.63947160097
12966;4262;SOFR;2Y;7;6811.871630473735
10257;2913;Euribor;10Y;8;6757.819207589811
12784;6489;Estr;30Y;8;1601.63
12806;1800;Estr;30Y;1;10888.82
10313;6631;Libor;3M;2;1428.82
12347;2263;Estr;3M;6;-2185.869284752677
10536;7993;SOFR;30Y;2;426.72
12641;5150;Sonia;25Y;1;-1326.09
11238;6470;Euribor;10Y;5;-7104.848431929504
12076;4909;Estr;10Y;6;3957.208975108796
12277;2254;Estr;1Y;9;-8959.233824025803
13254;6616;Euribor;6M;8;1083.311846361325
12880;2292;SOFR;15Y;9;-4484.91
11225;3775;Euribor;15Y;5;9729.4
10599;8161;Sonia;30Y;3;-296.30888625022453
11271;5732;FedFunds;3M;7;3051.04
12298;5278;Estr;25Y;1;-4412.207056979085
11595;5023;Euribor;15Y;8;1998.5137637716387
10375;5211;Sonia;6M;5;-1420.7415870939185
11859;5419;Libor;1M;7;10912.88
13239;4570;SOFR;3M;1;567.03
10291;2875;SOFR;1Y;8;-1150.5496488579984
10383;6299;FedFunds;15Y;9;-13122.09
10193;9666;Euribor;15Y;5;-2697.79
12313;9035;Sonia;10Y;8;-1677.0011710865097
11320;4932;Libor;3M;5;3889.4630525728476
12762;5983;Sonia;1M;2;5800.13
12706;1182;SOFR;20Y;2;2976.5164122550095
10765;3891;Sonia;30Y;1;1093.24
10475;5666;FedFunds;10Y;8;1958.15
13403;2870;Sonia;1M;3;-4347.3
10143;7493;Sonia;25Y;8;2074.21
13010;1888;Libor;25Y;9;1294.9
12048;1375;Libor;20Y;7;649.9998935384956
12920;5828;Estr;10Y;8;6980.186175665359
10081;8390;Euribor;15Y;3;8265.55
11238;6470;Libor;30Y;1;2524.3215680704957
12778;7444;Sonia;10Y;5;7794.961636819566
12515;8813;SOFR;6M;3;-3860.56
11660;8432;Libor;25Y;9;-3897.040580671195
11949;5650;Libor;5Y;7;-789.2307991709249
10645;6158;Euribor;3M;6;-6124.06
11678;8939;Sonia;25Y;5;-3899.6441224512237
11096;9082;Estr;6M;3;-6600.77
13333;5869;Euribor;3M;6;6166.83
12154;7989;Euribor;3M;5;-4132.51
10654;3161;Sonia;30Y;5;2009.58
11324;4936;SOFR;25Y;9;-3091.51
10219;6475;Euribor;25Y;1;7774.5
11135;7048;Libor;5Y;2;-8172.25
12046;4932;Estr;15Y;3;-9517.37
11383;5155;Estr;20Y;9;-2138.5621421129463
11428;3568;Libor;5Y;7;-7815.428086630142
12218;5948;Estr;3M;8;-12562.79
11891;8011;Euribor;5Y;8;-10182.36
12970;5818;FedFunds;15Y;8;9529.89
13011;3064;Sonia;5Y;8;-4647.42
10586;4175;SOFR;1Y;7;4058.02
11302;2603;FedFunds;6M;4;-9478.332111293372
13272;4151;Estr;3M;2;12536.69
11952;8822;FedFunds;30Y;6;-5353.36
11384;9624;Estr;3M;5;-520.99
10320;5555;SOFR;10Y;8;8248.67
12475;1058;Estr;3M;5;-6833.005618848542
10739;9306;FedFunds;3M;2;2854.017405784892
12298;5278;SOFR;6M;6;6432.072943020916
12132;3945;Euribor;2Y;7;-223.99797654270287
10923;2907;Estr;6M;5;-9351.85
11725;9899;Libor;30Y;6;-1002.4568402164841
12387;2368;FedFunds;10Y;3;2307.3760519021816
13125;1471;Sonia;1M;6;-2000.8098399198839
11324;4936;Libor;25Y;2;5137.52
12724;4044;Sonia;2Y;6;-2291.683447061062
10152;8943;FedFunds;20Y;5;-9059.39857673886
10775;3875;Estr;1Y;3;1407.09
12266;8727;Estr;25Y;9;4806.69
12955;5741;Estr;1M;7;-1229.8829010289132
11612;9808;FedFunds;6M;6;4407.52
13010;1888;FedFunds;20Y;8;-2810.48
13172;8802;FedFunds;6M;2;-9586.366805970927
12050;4996;SOFR;1Y;9;1047.0486079487928
11768;3634;FedFunds;20Y;6;436.37
12528;2865;SOFR;1M;6;-2772.86
10112;7190;FedFunds;15Y;6;9228.5
12671;6840;Sonia;6M;4;-5158.27
11023;2940;Libor;1M;1;192.9044512340597
11441;2325;FedFunds;1Y;7;-10991.13
10958;5039;FedFunds;25Y;3;-3580.38
12010;1288;Euribor;10Y;9;-4330.4
10591;3555;SOFR;1M;9;-3601.47
11879;6935;SOFR;1M;7;2498.297705937816
10742;4005;Sonia;30Y;8;-3906.0831268358424
11251;3817;FedFunds;5Y;5;-4148.688436165499
11526;9215;Libor;30Y;9;-3863.925684976969
12409;2781;Libor;25Y;2;-2548.361639816997
10743;6097;FedFunds;25Y;1;8048.467988299206
10983;6185;SOFR;5Y;8;-862.7406769768163
12880;2292;Libor;5Y;7;3638.99
10709;2818;SOFR;2Y;4;1031.0646675357725
10393;6947;Sonia;3M;6;-5118.2998084726
11777;9625;FedFunds;30Y;6;10199.68
12724;4044;Libor;5Y;9;2440.916552938938
13354;7882;SOFR;3M;9;4277.478811151401
10887;4854;Libor;10Y;3;4674.4
13326;9989;Sonia;20Y;2;6438.8
12755;3241;FedFunds;5Y;3;4666.753106488878
12379;7862;SOFR;3M;9;3877.5
12178;9722;Estr;15Y;7;1868.76705403991
10040;9338;Sonia;2Y;2;-5893.474572420318
11523;5864;Sonia;15Y;7;-5758.923747294995
10004;9666;FedFunds;15Y;5;-8853.81
12477;8430;Euribor;5Y;9;2774.46
12708;7033;Sonia;5Y;3;4214.173629829986
13120;7895;Euribor;5Y;3;3140.9813668922643
12005;3356;Sonia;25Y;4;3977.91
12793;9748;Libor;20Y;8;-1305.2307856061307
13156;4044;Libor;2Y;4;-9051.506422638622
13007;5675;FedFunds;1Y;4;2606.527223146014
13062;5609;Libor;2Y;3;28.995447556413183
13397;9848;SOFR;15Y;2;1208.11
11004;3313;Estr;5Y;3;-1945.0838584171024
13187;4887;Estr;10Y;4;-11158.75
13492;5896;FedFunds;10Y;9;-949.5832846480089
11234;3594;SOFR;1M;5;6878.699900409191
12121;7540;Estr;10Y;3;3879.64
12906;1049;Estr;5Y;6;5178.4
13174;1204;Sonia;2Y;7;2179.84
12683;7739;Estr;2Y;5;-5648.85
12495;4596;SOFR;1Y;5;1953.5041858904804
13101;8347;Libor;25Y;6;-4152.762157242336
11044;2140;Euribor;6M;8;-316.13
12012;7213;Sonia;25Y;5;4275.65617505191
13296;9075;FedFunds;6M;8;506.56160857958275
13040;4066;Estr;10Y;1;7561.3347660881245
11015;5658;SOFR;3M;6;375.00567542408066
11510;4412;Estr;20Y;8;-7960.68
11035;2871;Libor;20Y;6;-13501.27
11839;3970;Libor;1M;3;-714.8243748168638
11323;7713;SOFR;30Y;3;4821.628704588912
11705;5016;FedFunds;2Y;5;-7453.34289217464
12110;1881;Libor;1Y;6;-3915.98
10520;4740;Estr;2Y;8;7642.12
13251;9882;Libor;6M;5;-5897.103596505114
12595;1527;FedFunds;2Y;4;-4930.861361814297
11377;4543;Estr;25Y;3;3263.947759580421
10344;1454;Euribor;1Y;4;388.4434165215214
10295;4496;SOFR;5Y;9;-3953.266487853022
13079;4481;Sonia;15Y;8;2914.384771348761
11545;4034;FedFunds;5Y;9;7178.317972534865
12448;2613;Euribor;3M;4;-3807.79
11440;2777;FedFunds;2Y;6;10289.61
13204;3609;FedFunds;20Y;1;-8622.14
12382;3170;Euribor;5Y;9;-1534.5817049416937
11914;2265;Estr;20Y;6;1920.7333015680842
10387;8842;Sonia;6M;9;-152.61214080631134
10536;7993;Euribor;10Y;1;10156.52
11565;7902;Libor;30Y;9;-2026.91
10737;5757;Estr;30Y;3;-2210.79
10975;2192;Estr;10Y;3;-5026.91
12403;4099;Euribor;10Y;7;7042.74238912192
11653;8939;FedFunds;2Y;2;9817.256151743179
10261;2218;SOFR;30Y;4;6019.33
12911;9898;SOFR;20Y;7;3377.26
10619;8703;Euribor;3M;8;14060.71
10375;5211;Sonia;25Y;8;4826.368412906081
10179;7371;SOFR;15Y;7;9503.33
12743;3954;Estr;10Y;9;-5624.27
12546;2354;FedFunds;30Y;7;2764.6574485755546
11795;1390;FedFunds;1Y;2;4483.585664800854
11736;2461;Euribor;30Y;6;4327.4
13223;3045;Euribor;10Y;6;1269.2393821073788
12123;6067;Estr;25Y;7;1818.0892340615105
11755;2284;Estr;30Y;9;-12796.26
11154;6645;Estr;1Y;8;-7396.405740743679
13294;6765;Libor;1Y;2;10024.49
12891;7936;Euribor;1M;4;6160.4
10925;4178;Sonia;20Y;4;948.8854058990472
11801;6008;SOFR;15Y;9;3088.683272674748
10989;2184;FedFunds;3M;7;361.63
12856;1533;Libor;1Y;2;-7429.228016090163
11064;1463;Estr;30Y;3;8105.27
11287;6785;Sonia;1Y;5;6775.390830790314
11238;6470;SOFR;3M;3;-8434.0
11397;4513;Libor;5Y;1;-2009.150407082423
12123;6067;Sonia;1M;2;-3779.6107659384897
12388;5917;Estr;20Y;6;-4316.5929416040135
10435;1448;SOFR;20Y;2;-516.3970524582628
11046;9264;FedFunds;1M;2;4488.291773140862
13064;4376;SOFR;6M;3;-9045.9
11101;5703;Euribor;15Y;8;651.01
10071;8987;FedFunds;1M;6;-7197.47
12471;8970;FedFunds;25Y;3;-3335.79
12479;3261;Sonia;30Y;8;3601.7633075090894
13332;9401;Euribor;2Y;5;458.8
11946;4598;Libor;1M;8;-9448.21
13291;3003;SOFR;1Y;1;-2169.4985538584688
11036;9236;Estr;2Y;8;5873.48
12834;8160;SOFR;3M;1;2353.37
12385;2285;FedFunds;1Y;1;8284.01
12082;4514;Euribor;2Y;3;67.73921664063619
10839;4871;Estr;3M;7;-6213.242879242442
13299;3108;Libor;1Y;7;-540.75
12290;3800;Sonia;2Y;5;-3855.62
13373;8290;FedFunds;15Y;4;-1058.91
13213;3076;SOFR;20Y;6;5983.89
10683;8032;FedFunds;1M;2;4971.79
11030;9052;Euribor;30Y;8;-10049.49977485339
10492;1645;Euribor;2Y;9;11265.54
10743;6097;Estr;2Y;9;2665.2
12762;5983;Sonia;5Y;7;5528.18
12351;5123;SOFR;5Y;5;-6304.34
12433;5846;Libor;6M;7;8158.951172042507
11288;8532;SOFR;30Y;5;2792.19
12464;7556;Libor;2Y;7;2068.44
13213;3076;Estr;1M;2;606.49
10194;5971;Estr;25Y;2;-4158.272506807245
13292;8458;Libor;5Y;9;-3157.55762838621
13023;6171;Estr;3M;3;594.82
10319;3113;SOFR;10Y;4;-2706.8816714751324
13338;6351;Sonia;5Y;5;9866.16
12688;8765;Estr;6M;1;-3725.675750208685
10931;8845;Euribor;1Y;9;3890.1371034894946
11019;7453;SOFR;3M;7;-7523.44
11336;8866;Sonia;6M;2;5264.55
13140;3106;Sonia;30Y;9;-2413.3430554103334
12234;8111;Libor;15Y;5;8460.66
13031;7189;Euribor;6M;9;-3019.5876603173
11379;6720;Libor;10Y;7;-3553.85
10604;9662;SOFR;15Y;7;893.85
11992;1818;Libor;25Y;8;1135.5061115146273
12980;2054;FedFunds;3M;7;8832.26
13382;4236;Estr;2Y;9;-12039.67
10470;7633;Estr;5Y;2;3791.0
12014;6600;SOFR;3M;7;-3144.8
12096;5722;SOFR;1M;9;2443.44
13126;7172;Estr;5Y;1;-7495.551113316153
13070;5193;Sonia;1M;1;-1299.41
12180;6213;SOFR;1M;6;-5060.68131635092
12807;2238;SOFR;6M;9;-9957.391074556996
12780;6250;SOFR;15Y;7;-6733.96
11098;9683;Libor;2Y;4;1466.08
13002;4811;Sonia;1M;7;-81.28551372362926
13001;5601;Estr;6M;6;6113.432424956678
11993;1602;Sonia;3M;6;4276.633806524826
10303;9442;Estr;20Y;2;1237.12
11345;7694;Euribor;25Y;8;-4400.363411440505
10207;4054;FedFunds;1M;2;5273.327936783334
13085;4747;FedFunds;3M;1;1009.67
13481;8237;Sonia;5Y;2;-3629.502783879061
11812;7539;Libor;3M;3;2690.69
10892;3541;Libor;3M;9;6892.0177065786875
11166;4235;Sonia;1M;4;-2404.713452729772
10268;2704;Estr;2Y;9;-1137.5738144107518
13207;6642;Euribor;6M;7;623.51
11491;1028;Libor;2Y;3;7497.32
10000;8270;Euribor;10Y;8;2283.973395872399
12675;1357;Euribor;5Y;2;6523.76
12204;5841;Libor;3M;2;1149.51
10404;9433;Libor;1M;1;-11079.24
11324;4936;Sonia;5Y;9;2830.52
11272;3419;Euribor;25Y;1;-860.7573850884019
12441;9967;Libor;5Y;5;-6496.50881673929
12489;6856;SOFR;5Y;2;-459.95
10276;8059;Euribor;25Y;1;-3772.44
11742;7839;SOFR;20Y;9;-7901.66
10724;5970;Libor;25Y;5;-6645.321384065513
10516;8156;SOFR;2Y;5;-10063.72
13380;6318;Libor;3M;5;-7640.83
13382;4236;Sonia;1M;3;-1521.85
12881;7590;Sonia;2Y;2;5493.99
10292;6109;Sonia;10Y;7;-360.99330297985216
11090;8602;FedFunds;2Y;8;4919.863296317007
11819;9741;Estr;5Y;3;-11018.52
11347;5753;FedFunds;1M;2;9451.44
10772;4046;SOFR;5Y;3;3216.3839758833456
10987;8928;Estr;25Y;8;2605.522356990041
12403;4099;Sonia;30Y;4;2632.8423891219195
11080;8509;FedFunds;10Y;4;2812.2443395304895
10309;9946;FedFunds;3M;7;-1098.9998087134436
12684;2310;SOFR;10Y;4;2062.94
13059;9036;Euribor;15Y;8;-2240.0
11382;4401;Libor;6M;8;7962.22
11114;9321;Sonia;3M;3;-1214.2560022375474
10457;7404;Euribor;1M;6;-6777.14
12692;7506;Estr;6M;8;-3793.68
11615;5365;Estr;25Y;1;10021.86
13440;9633;Estr;30Y;3;2436.67
10792;1615;Libor;15Y;5;-3052.2132713323554
10903;2620;Sonia;5Y;7;687.0116485893781
10605;7318;Sonia;1M;7;1002.62
10027;3693;Libor;30Y;9;-6791.471857181003
10037;9958;Sonia;30Y;3;2659.7991657569705
12892;9961;SOFR;6M;3;-13891.61
10946;3253;FedFunds;1M;5;8145.23
11704;2782;Euribor;20Y;8;-6003.82
12391;9722;FedFunds;20Y;8;-6081.42
10429;9789;SOFR;5Y;9;6017.456685416803
10369;7764;Libor;2Y;1;2363.59
10613;7469;Libor;1M;3;1041.6660934357965
12134;2152;Euribor;10Y;8;5840.018188106193
10168;3560;Euribor;1Y;6;5150.497117170421
12587;1987;FedFunds;5Y;5;-6907.14
12470;1834;FedFunds;6M;9;1684.3344099618648
13499;3179;Estr;5Y;6;6301.03
12009;4879;Libor;25Y;4;3787.461340344269
11378;1211;SOFR;1M;3;11244.62
11711;4041;Estr;2Y;2;5582.390569504805
11227;6398;Estr;3M;4;-3586.45
13384;9456;FedFunds;10Y;8;-5839.988887959538
12280;4630;Libor;3M;1;6196.49
11773;4659;Estr;1Y;4;3548.437457619521
12403;4099;FedFunds;1M;5;1633.9123891219197
12022;5621;Sonia;25Y;9;6405.024158811163
11276;5305;Euribor;10Y;6;4846.93
10766;1615;FedFunds;15Y;9;-6100.13074430021
12021;5889;FedFunds;5Y;2;-1870.16
10234;2341;Sonia;10Y;9;-1173.3771484275449
10743;6097;FedFunds;25Y;5;-384.3520117007929
10311;1956;FedFunds;10Y;1;-985.84
11930;7319;Estr;5Y;4;757.2241419908801
12455;3780;Libor;1M;4;-8735.52
11566;7745;Sonia;5Y;5;-4876.625060938732
12814;1098;SOFR;20Y;1;-9482.169850495928
10143;7493;FedFunds;3M;6;405.3
13138;1662;FedFunds;5Y;4;6438.6
13142;1479;FedFunds;3M;6;-7058.43
12659;4039;Libor;2Y;8;-1317.671671567382
11461;4620;SOFR;2Y;6;-4497.981263854028
11947;8636;Estr;1Y;8;1166.03
12810;2621;Sonia;2Y;2;-5344.23
13416;7340;SOFR;1Y;5;-8078.69
12472;5703;Libor;10Y;4;11406.31
10590;8913;FedFunds;6M;5;-6169.17
10216;3573;FedFunds;10Y;8;3180.37
13470;2169;Estr;2Y;3;2146.06
11371;3739;Sonia;2Y;4;-1430.9558422057753
11139;3831;Euribor;20Y;8;6403.02
12487;2067;Sonia;15Y;1;2484.71
10098;7541;Euribor;1Y;6;-10172.25323171394
10422;6607;Euribor;5Y;5;9676.7
10245;9502;Estr;20Y;1;1043.841232297823
13325;4276;Libor;25Y;4;9075.74582012068
10940;5535;Sonia;30Y;6;-5510.59
11160;6935;FedFunds;5Y;9;-1094.46
13315;1858;FedFunds;20Y;8;-2158.15
12625;3693;FedFunds;2Y;7;-2396.680466072241
11997;6633;Libor;25Y;6;-1317.7421076799778
11651;1986;Libor;1Y;3;7491.520034404855
13341;1063;Euribor;3M;6;1153.94
10878;5485;SOFR;5Y;5;4551.198935421221
12579;7598;Libor;6M;4;-4345.095548162914
12293;2886;Estr;25Y;6;-1489.1364155663277
10511;2762;Euribor;6M;2;-623.5992003557076
12854;7940;Sonia;20Y;8;35.29190626910258
12259;6659;Libor;3M;6;-7540.443168814312
12819;4449;Libor;1M;5;3007.25
12695;9685;Libor;10Y;4;2466.47
13380;6318;Sonia;1Y;2;-2287.87
11532;1669;Libor;25Y;5;8286.708715749413
11066;6818;Libor;3M;6;2268.02
12136;1944;Euribor;2Y;6;1305.45
10710;4676;Sonia;1Y;7;14849.06
13175;8219;SOFR;20Y;8;5625.13
12558;9166;Euribor;25Y;7;3130.212009192423
13019;7181;Sonia;5Y;1;9569.21
11430;9526;Sonia;6M;6;1508.6540450426794
13267;4756;Estr;6M;7;-3780.28
11991;1916;Sonia;2Y;4;-12565.950993337257
10000;8270;SOFR;3M;8;-450.96660412760093
13093;1090;Euribor;25Y;8;-4512.347276772424
11730;4553;Euribor;25Y;5;6400.162334419273
11626;5348;Libor;15Y;9;1403.8451981273515
12570;5402;SOFR;3M;7;-4308.12
11627;6873;Euribor;5Y;4;256.27728104145433
11471;1581;SOFR;2Y;8;4569.64
12280;4630;FedFunds;3M;4;12068.51
11309;8633;Libor;1M;5;4541.22050410151
11279;1969;Libor;6M;5;2409.234040862293
10580;4906;Sonia;20Y;3;9310.78
12961;6992;Libor;15Y;9;650.8306133671149
10912;6901;Sonia;6M;7;1137.7504748216043
12002;9776;Euribor;15Y;8;-3376.986441517966
12051;3366;Libor;1Y;5;2873.813926998172
10398;9800;Sonia;15Y;9;3941.04
11854;2421;Libor;1Y;5;-784.79
12872;1700;Libor;3M;2;2613.139225653328
11529;2308;Libor;20Y;3;3721.4140282174203
11484;5784;FedFunds;10Y;8;-4240.1
10042;7616;SOFR;30Y;9;356.86
13154;6392;Libor;2Y;1;-2075.64
13286;1994;Estr;30Y;4;-965.2480721909878
12481;1388;Sonia;1M;4;-11084.501092486458
12939;2542;Estr;6M;1;7423.40227988809
13295;7232;Libor;30Y;8;9699.111406999618
11799;1731;Estr;25Y;6;834.6963916688051
12119;1356;FedFunds;15Y;7;2888.73
10938;8825;Sonia;1M;5;5352.53
12085;3249;Libor;15Y;6;4354.255044632415
11218;1997;Estr;1M;5;-241.28
11452;4718;FedFunds;15Y;7;2731.9136837965343
13473;9550;FedFunds;6M;6;774.48
10387;8842;SOFR;1M;6;-2644.952140806311
13470;2169;Euribor;30Y;5;209.53
12209;8962;Sonia;6M;9;8146.21
10930;4009;Estr;30Y;1;-8400.745362363039
10274;2007;SOFR;30Y;4;-2246.9602321352772
12764;5363;FedFunds;1Y;2;-11746.52
11095;5493;SOFR;3M;4;858.5689993101078
10804;5145;Libor;15Y;2;4910.91
13096;5518;Estr;6M;9;-1481.92
13478;8483;Euribor;10Y;3;1592.8070202289691
13327;4326;Libor;3M;7;4863.22
11775;2361;FedFunds;3M;6;-6857.26
10757;8739;FedFunds;2Y;8;7449.55
10617;4841;Euribor;25Y;2;907.9930630519639
10597;7046;Estr;3M;5;-6094.08
11653;8939;Libor;2Y;4;-7663.803848256821
13415;7255;FedFunds;1M;2;-4157.998135558617
12378;4811;Euribor;20Y;6;196.2
10438;4083;Libor;5Y;3;-3198.0
11136;8067;SOFR;6M;1;948.9981918975473
10155;2733;Estr;3M;2;-2425.733015970773
12884;4680;Libor;25Y;2;-439.52874016145415
13138;1662;Libor;2Y;6;-6039.81
12741;8962;Sonia;6M;5;-2642.22
12896;1777;SOFR;15Y;5;5003.847394997411
10309;9946;Estr;2Y;1;-4560.059808713444
11204;9605;FedFunds;3M;7;4826.595967463932
10463;6347;FedFunds;10Y;5;1664.74
10000;8270;FedFunds;1Y;2;-1264.706604127601
11940;4659;Euribor;3M;4;6841.67
11588;9333;SOFR;15Y;7;-9988.08
10245;9502;Estr;15Y;7;-871.7687677021771
11284;6336;SOFR;15Y;8;-2269.85
12492;2810;Sonia;15Y;7;-11153.41
11198;5784;Estr;1M;3;11806.04
11117;5704;Estr;1Y;4;1923.13
12727;5965;Euribor;6M;7;12972.41
10480;5869;FedFunds;6M;3;-613.9168775701528
11400;6021;FedFunds;6M;9;5532.34
11725;9899;Euribor;20Y;1;2921.523159783516
11790;1565;FedFunds;1Y;6;-5322.341137036895
12327;6620;SOFR;25Y;8;8849.365745724217
12158;5643;Estr;15Y;6;-121.62879058643648
12341;2301;SOFR;10Y;4;-2170.177695704794
12811;4597;Sonia;25Y;3;9727.79
10205;4462;Estr;3M;1;-6983.297316827793
11711;4041;Libor;15Y;5;1440.970569504805
11448;3242;SOFR;20Y;1;2230.82
12173;4124;Sonia;3M;9;-1253.71
11744;7182;Estr;15Y;1;-11865.179205803146
12004;1814;SOFR;20Y;2;-8605.72
13122;3922;Sonia;3M;1;-4586.71
13072;9453;Sonia;1Y;2;1517.5600857201307
11750;7403;Estr;10Y;7;-1158.8925255893744
11691;3666;FedFunds;25Y;8;-1352.1052824783487
10393;6947;Libor;2Y;1;5889.230191527401
11164;5497;Estr;10Y;9;6377.46
10432;2376;FedFunds;5Y;4;6556.92
12913;2345;FedFunds;20Y;7;3218.961447249171
11715;8973;Estr;20Y;1;-1686.066065651772
11324;4936;Sonia;5Y;3;-2254.28
12224;6291;Libor;10Y;7;-9702.369317429282
12116;6645;Libor;1Y;3;3014.67
11451;1779;Estr;2Y;6;-188.03
10690;1139;FedFunds;30Y;8;909.8953760451952
10199;3482;Estr;15Y;2;-5418.384520640253
13110;6073;Estr;2Y;1;-11043.427163418268
10788;8845;Libor;6M;8;7149.55
11277;2211;Libor;30Y;6;3724.6
12519;7643;Libor;2Y;6;8595.94
11582;4758;Libor;10Y;1;5210.53
12301;5835;Libor;2Y;1;-6509.757505855571
10954;3076;FedFunds;5Y;5;493.7462244865442
11247;4557;Euribor;25Y;7;3574.19
12066;5694;Euribor;6M;3;9379.25
11050;4084;Estr;15Y;7;5821.27
12689;1304;FedFunds;1M;7;-5442.43
10077;4506;Libor;10Y;1;4898.42
10432;2376;Sonia;3M;3;-4150.24
12294;4490;SOFR;2Y;7;-1079.81
12750;1551;Euribor;5Y;2;-4265.682141278219
13401;4603;Euribor;3M;3;-6053.6
10567;9848;Euribor;2Y;5;4723.86
12177;4325;FedFunds;25Y;3;-2235.819727801759
11578;8849;Libor;5Y;1;-2421.76
13334;7270;Euribor;15Y;3;6381.44
10705;2271;Estr;6M;4;2862.3220698821215
13446;2859;SOFR;20Y;1;11093.73
12574;5340;Sonia;2Y;6;-2669.2
10898;8483;Euribor;20Y;5;3014.5121380671662
10765;3891;SOFR;6M;7;1300.65
13067;7079;FedFunds;6M;4;-5318.62
12015;6055;Libor;25Y;5;9227.94
13256;3964;Sonia;20Y;3;12676.05
11389;5439;Libor;3M;2;-4372.12
11817;5253;SOFR;10Y;6;8812.16
12523;4083;Libor;25Y;5;-10932.74
11576;9641;Libor;1Y;9;-5598.4798375138835
10523;5005;Libor;25Y;9;1206.087940576684
12319;1559;SOFR;6M;2;10675.67
12843;2540;SOFR;15Y;1;-7.054253222490388
11940;4659;FedFunds;15Y;1;-3044.19
13253;3451;Estr;25Y;7;-135.35
10165;3832;SOFR;25Y;6;-4157.0736236490375
12185;2385;Sonia;25Y;9;-7526.41
10542;5008;Sonia;20Y;7;1312.88
12419;2976;Euribor;1Y;7;-5259.18
11211;4555;Libor;20Y;3;-10724.485066137328
10945;8940;Euribor;15Y;2;3641.5091288054964
10125;5809;Sonia;20Y;4;4360.335868086922
13488;4754;Estr;20Y;7;1006.73
11473;3835;Euribor;20Y;2;9145.41
10018;6892;Sonia;3M;3;7467.0
11206;1579;FedFunds;1M;5;1490.34
11211;4555;Sonia;15Y;1;6773.674933862672
11950;5412;SOFR;2Y;7;-5708.021070504649
10322;6897;FedFunds;5Y;4;-2142.1807070430664
11791;9216;Euribor;1Y;6;488.7997997469756
10290;7059;Libor;10Y;5;-4818.204181554644
12745;6016;Estr;1M;3;6481.44
12252;4404;Sonia;15Y;1;-7592.43
12381;5595;SOFR;30Y;4;-8515.82
12184;4126;Sonia;1M;3;1760.87
12259;6659;FedFunds;1Y;8;-745.5831688143119
11715;8973;Sonia;25Y;3;1898.103934348229
11530;5811;Sonia;5Y;9;-4574.25
10213;1804;FedFunds;20Y;8;-3682.89
12653;5799;Libor;30Y;2;6837.904577577195
13314;3599;Libor;3M;8;3014.368392057419
12503;8874;Sonia;2Y;6;4757.93
10266;7183;Euribor;30Y;7;-11646.91
11884;9177;Libor;6M;4;1374.9837887807414
13248;9162;FedFunds;2Y;8;2071.4077152677055
10457;7404;Euribor;20Y;8;993.24
11798;1889;FedFunds;5Y;1;-8497.66645053562
11450;1823;SOFR;6M;7;-8001.550921085827
12478;5001;Estr;15Y;9;70.06184180890978
10509;2531;Sonia;15Y;6;7039.396793367074
10165;3832;Sonia;25Y;4;-592.9336236490376
13059;9036;Sonia;3M;7;-5433.35
11749;5218;Libor;20Y;5;2917.6408951076864
10753;4406;FedFunds;20Y;6;-1722.7045798284864
12918;4299;Estr;15Y;5;-558.3841848587626
13220;9142;Libor;5Y;7;-3232.851992621982
12108;7299;Euribor;1M;6;-1575.35
11799;1731;FedFunds;10Y;7;-4726.693608331195
13002;4811;Libor;10Y;2;3499.294486276371
10482;1007;Euribor;30Y;1;-4534.028781520577
13003;2846;Estr;6M;4;7163.03
12064;4766;Euribor;1Y;9;-48.41414100480597
12820;5221;Estr;3M;3;9805.77
11396;3681;FedFunds;3M;1;-2108.95
11203;8060;FedFunds;20Y;1;6659.98
11832;5867;Euribor;1M;4;4684.201014637369
10754;7476;Libor;25Y;7;-7990.32
11478;5607;FedFunds;30Y;9;-4870.902161839949
10217;8368;Estr;2Y;2;1074.83
11660;8432;Euribor;30Y;2;-2997.860580671195
12672;8144;SOFR;25Y;9;-302.70168821291327
11704;2782;Euribor;1Y;2;767.49
10647;5009;Estr;3M;4;-1250.28
10829;3985;Sonia;25Y;7;-6982.47
12642;4712;SOFR;6M;6;-3240.9
11676;4614;Libor;20Y;1;-4725.48
11105;8264;Euribor;30Y;3;8834.76
10620;4923;FedFunds;30Y;8;-3784.573391519067
12896;1777;SOFR;10Y;2;8404.047394997411
13166;8288;FedFunds;1Y;8;-3130.38
10740;3294;Euribor;20Y;9;-2884.5874229816172
13385;2526;SOFR;25Y;2;-1243.8650488760104
12304;9050;SOFR;10Y;3;2690.7262896030434
11469;9183;Estr;3M;2;-2153.68
13187;4887;SOFR;5Y;5;-5512.58
10735;7815;SOFR;20Y;4;-4472.64
10147;6122;SOFR;1Y;2;655.24
10416;1365;Sonia;1Y;6;5885.65
10261;2218;Libor;2Y;5;-2566.8
12526;7820;Estr;6M;3;11195.027069113718
12326;4299;FedFunds;20Y;5;-33.69130231064764
13289;7406;Sonia;20Y;2;-6541.85
11140;6311;Euribor;6M;1;757.9
10740;3294;SOFR;3M;7;542.3325770183824
11321;1719;Sonia;6M;8;-1107.6863335150583
13351;2548;Euribor;1M;1;-458.69
11381;8135;FedFunds;1M;2;-2511.677978432155
12969;3808;Estr;30Y;1;-4515.39
13201;5487;Euribor;15Y;4;-6093.365313975104
13428;3646;FedFunds;3M;3;-3276.97
10783;8609;Sonia;1M;9;7250.89
13208;2637;Sonia;5Y;7;9203.528221590053
11456;9817;SOFR;3M;5;5955.711060071483
10394;6179;Estr;2Y;2;-1178.2230115130556
10054;6600;Euribor;5Y;2;-2613.2095136081425
12349;3646;SOFR;10Y;1;6228.108340076185
12937;7030;FedFunds;1M;8;-1979.3820441638804
12995;6681;Euribor;1M;3;-4222.243476660892
12139;3567;FedFunds;5Y;3;-5902.662101149568
12284;3682;SOFR;5Y;1;6314.37
11242;4250;Estr;2Y;5;-399.76
11693;1565;Sonia;1M;2;5332.062532143798
11655;3933;Euribor;25Y;2;1773.53
11113;1666;FedFunds;15Y;5;-1822.61
12203;5589;SOFR;30Y;8;-2137.380031382526
12234;8111;SOFR;5Y;8;2837.2
13276;2709;Sonia;5Y;2;6735.9062709339105
11797;2391;Libor;3M;5;-7540.305079328323
10980;6402;SOFR;30Y;6;-3206.156086052706
10908;7785;SOFR;25Y;7;842.7994596882891
11844;2830;Libor;1M;9;10325.99761384614
13268;2982;FedFunds;30Y;4;-7011.200325100086
11561;1583;Euribor;30Y;9;-1142.1
11982;1910;Estr;2Y;4;2292.4769237277364
13068;3448;Euribor;2Y;7;10779.66293769993
11533;1109;FedFunds;2Y;3;-8750.28
12738;3928;Libor;2Y;9;-2322.588980782076
11170;6378;Estr;20Y;6;-2413.74023271879
13188;6846;Euribor;10Y;6;-2582.53
13058;9964;Sonia;1Y;8;1878.8036564559966
13408;2780;Libor;2Y;5;260.30629554398183
12580;5029;Estr;10Y;5;-10706.38
11460;7982;Estr;10Y;5;4806.8537424870365
12894;6279;Estr;25Y;3;3312.3519362803254
11540;2667;SOFR;25Y;9;7792.387726268662
12512;1183;FedFunds;1M;2;-1141.44
11073;8265;Euribor;20Y;1;3646.632171667363
11931;2406;Estr;6M;8;-5358.458004320522
12747;2505;FedFunds;15Y;5;667.0405110873271
12886;2436;FedFunds;15Y;2;-8058.452046736495
13046;2987;SOFR;20Y;4;-4409.42
10098;7541;Libor;5Y;9;3801.546768286059
12352;6058;Libor;1Y;5;8084.39
10475;5666;Sonia;5Y;7;4277.806273844207
13032;1111;SOFR;1M;9;-1199.6493843520802
13332;9401;Euribor;1M;8;4489.87
12693;9783;FedFunds;25Y;9;-11239.58
13022;1292;Sonia;1M;6;-9099.44537604364
11943;4017;FedFunds;6M;1;11299.98433461594
12703;9261;Euribor;10Y;1;-8816.793145364698
10430;4537;Euribor;1Y;8;1228.93
10469;7588;Libor;25Y;3;6591.05
11633;1364;FedFunds;1M;8;8133.78
11531;2439;Libor;10Y;6;-2857.48
10130;7544;SOFR;3M;1;-3024.08
11666;8600;Libor;25Y;6;13145.18
10922;6308;SOFR;3M;5;-3130.401820060533
10665;6445;SOFR;20Y;8;-9241.105903952941
13091;7303;Libor;20Y;8;326.26
11834;5587;Libor;20Y;1;-1662.2391888172401
10186;1126;FedFunds;3M;5;-1363.0150504293981
11273;8718;Sonia;3M;6;-3202.594682818707
12923;9689;Estr;5Y;4;5342.14
10790;4716;Libor;10Y;1;-4947.25
12315;6291;Estr;10Y;9;-3450.81
10740;3294;Sonia;1Y;7;-3842.7674229816175
11335;3705;Libor;15Y;9;2752.92
10895;6054;Sonia;10Y;2;4420.160376831957
11908;5513;SOFR;3M;3;-669.76
11992;1818;Estr;5Y;2;-5426.993888485373
11460;7982;Sonia;3M;1;69.93374248703685
10857;7305;Estr;20Y;7;-3194.15380949047
11239;7523;Euribor;15Y;3;-4036.320528686294
10803;7065;SOFR;25Y;4;-8323.64
13124;2025;Libor;15Y;6;1866.88
12745;6016;SOFR;1M;3;-2535.132393609907
12671;6840;Euribor;30Y;2;1336.9134839344624
11692;4888;Libor;3M;5;7430.45
11594;6390;Euribor;2Y;2;-1581.99
11638;6329;Estr;15Y;5;5920.49
11033;1220;SOFR;2Y;7;9241.546135025468
11340;8867;FedFunds;5Y;1;9097.98
10016;1064;Sonia;25Y;6;-7796.813288770769
10339;5033;SOFR;30Y;6;-189.79
10725;9312;Sonia;1M;5;4543.25
11769;6955;Estr;3M;7;-7024.68
11724;4816;FedFunds;5Y;7;3728.7943866022842
13221;8378;FedFunds;20Y;3;-550.3130662727895
12637;5800;FedFunds;5Y;9;-1371.6948200375487
11441;2325;Libor;25Y;7;3341.63
13196;6938;SOFR;10Y;6;3778.8971769294635
11754;1209;Euribor;5Y;4;9434.44
12714;8485;Sonia;1Y;4;-3776.88
12374;1791;Euribor;5Y;1;-3350.0006462443616
13276;2709;Euribor;25Y;1;-6020.55372906609
12315;6291;Estr;1Y;4;-2000.57
10509;2531;FedFunds;25Y;7;3966.6167933670745
10519;7748;Libor;10Y;9;-10270.23
11034;6618;Euribor;1Y;3;-75.45464163010183
12056;3397;Estr;1M;8;8572.95
13113;4593;Libor;30Y;8;-541.7877697385545
11760;2388;Estr;6M;2;-4237.87
10432;2376;Estr;3M;7;4330.2
12221;2848;Libor;6M;9;4094.87
11672;5943;Euribor;5Y;5;-3159.58
12546;2354;Sonia;25Y;9;5996.83
11240;3064;SOFR;10Y;5;-3943.92
12417;8081;Libor;5Y;3;3612.0238888217245
10280;8813;Libor;25Y;1;3145.117996631843
13070;5193;Estr;15Y;8;-4408.69
12643;6315;FedFunds;1Y;5;130.1
13031;7189;SOFR;2Y;6;1304.9723396826998
11521;9791;FedFunds;10Y;9;-715.92
12225;5606;Libor;30Y;1;-613.4661479488423
10387;8842;Euribor;1Y;1;1411.1478591936886
10812;7381;Euribor;6M;4;356.11835474724194
11486;9728;Euribor;10Y;5;7164.55
10945;8940;Estr;1M;5;-5484.210871194504
11745;3114;Sonia;1M;7;5127.01
12388;5917;SOFR;2Y;9;-1355.982941604013
10249;3050;FedFunds;20Y;3;4933.606127788123
13416;7340;Libor;30Y;6;441.11
11448;3242;Estr;1M;2;3010.94
11964;6493;Sonia;5Y;4;9057.226667702256
12978;5364;FedFunds;25Y;1;622.5984628429333
11954;8147;Euribor;10Y;1;-6148.12
10244;6468;Libor;6M;9;-4711.77
10533;7132;SOFR;3M;3;4682.79
13187;4887;Euribor;1Y;8;5395.42
10172;8804;Estr;2Y;7;-3324.7195450369036
11610;9459;Sonia;15Y;5;-6801.211533179963
10234;2341;FedFunds;3M;9;6521.302851572455
12772;6106;Sonia;2Y;3;1742.1
11599;6221;SOFR;1Y;8;-3893.36
11281;7799;SOFR;15Y;9;2719.0
10338;4124;Estr;25Y;1;-10196.36
11328;2164;FedFunds;25Y;2;-5159.67
12408;7457;SOFR;5Y;2;2374.6776331823576
11053;3263;Libor;3M;6;-3815.6527463735592
13008;3668;SOFR;20Y;2;405.36
12281;5124;Libor;3M;7;10064.128300178294
11004;3313;Estr;25Y;6;-11778.473858417103
13382;4236;Libor;10Y;6;-1027.53
11513;6141;Euribor;6M;7;-8406.56408826125
11518;1712;Sonia;30Y;6;-1369.75
10695;6941;SOFR;30Y;9;3120.8878383197516
11377;4543;Euribor;5Y;4;1580.1477595804208
13186;1142;FedFunds;30Y;2;3056.56052006042
13235;2013;Estr;10Y;2;1624.63
12327;6620;Libor;25Y;3;564.165745724217
10697;2988;FedFunds;3M;6;2690.04
11038;7899;FedFunds;10Y;1;-1766.0367654902711
12301;5835;Sonia;30Y;6;6640.222494144428
10152;8943;Libor;3M;5;1614.6714232611398
12779;9585;Estr;1Y;8;1982.6
11582;4758;FedFunds;6M;2;-4585.61
11755;2284;FedFunds;20Y;9;3043.08
12947;2150;Libor;20Y;2;-4483.73
13036;1613;SOFR;15Y;9;-2304.85
12404;6322;Euribor;6M;9;-2373.2
11952;8822;Estr;6M;6;-5465.15
10683;8032;SOFR;1Y;3;-9649.26
13372;6868;Estr;15Y;5;4260.591013433141
13377;1125;Sonia;3M;4;-1606.0439460818707
11174;6636;Libor;10Y;1;-10980.183158260526
10904;6695;Sonia;30Y;3;7695.183947365702
13263;9431;FedFunds;3M;2;-6381.90637084028
13356;9734;Estr;1Y;8;-4043.3
11817;5253;Estr;10Y;9;1177.56
13132;1842;FedFunds;3M;4;-6374.97
12922;2210;SOFR;10Y;8;2454.0565277224423
11409;8647;SOFR;2Y;5;-2438.8
10367;7780;Euribor;2Y;3;3681.80515961385
12104;7994;Euribor;10Y;3;4874.94
10438;4083;FedFunds;15Y;5;2188.94
12315;6291;Euribor;3M;4;-6719.96
12035;8254;FedFunds;5Y;9;9730.43
12568;1402;Sonia;30Y;5;3313.19
10485;1258;Libor;1M;2;2736.71
13252;4816;Estr;3M;3;647.291187134424
12907;5671;SOFR;6M;1;10928.8
11908;5513;Estr;3M;2;1375.5280087150882
10025;5636;SOFR;2Y;7;-3586.9
11487;3374;Sonia;1M;7;-2823.77
11607;4790;Libor;1Y;2;-4457.85
10570;2960;Euribor;25Y;1;3881.7682197507766
12283;1863;FedFunds;20Y;2;5037.876923751678
12897;3439;Libor;15Y;4;-2375.57
11018;2191;Libor;25Y;3;-1193.05
11725;9899;FedFunds;3M;6;-1070.9368402164837
10794;8226;Sonia;1M;4;2051.6204087893684
10061;5014;Estr;6M;6;-12069.73
10747;7314;Euribor;20Y;3;-3338.236042022583
11925;8790;Estr;30Y;2;4362.55
11258;5934;Sonia;6M;5;-3766.92194156038
10536;7993;Estr;10Y;2;-5064.07
11534;7499;Sonia;10Y;4;960.069091146398
10246;4810;Euribor;25Y;5;6871.89335938673
12665;3121;Euribor;25Y;3;-1017.8886479960174
11684;7823;Estr;20Y;2;4276.94
12167;9596;FedFunds;15Y;9;2105.2726381102484
11538;3261;Sonia;3M;2;8887.904813457131
10769;8485;FedFunds;15Y;9;3599.8695653275913
11812;7539;FedFunds;3M;3;9145.34
10009;1775;Euribor;1Y;9;-6685.44
12476;3562;SOFR;25Y;6;-2856.31
11504;9340;Libor;10Y;5;3542.1957039039207
10608;6621;SOFR;3M;1;-571.4074512664884
10910;1464;SOFR;10Y;1;-1294.4648735429132
13462;6465;SOFR;10Y;4;7393.95
12511;2672;Libor;3M;9;-1585.98
10219;6475;FedFunds;1Y;8;-3194.81
11226;6176;SOFR;3M;6;3213.200669652579
11969;9411;FedFunds;15Y;6;-6888.96
12332;5721;Libor;1Y;7;-4222.76052839903
12390;1565;Sonia;1Y;9;4126.08
11343;4022;FedFunds;1Y;8;-12245.57
12232;2126;SOFR;15Y;4;-1487.3045957729769
11379;6720;Sonia;6M;6;2205.99
10743;6097;Euribor;15Y;7;3090.347988299207
13370;1372;Sonia;6M;4;534.44
10708;8071;Estr;5Y;3;4517.93
11734;2937;Libor;5Y;2;-1375.1
11448;3242;SOFR;6M;5;-457.63
11356;7749;FedFunds;3M;9;827.9634713823616
13286;1994;Sonia;20Y;9;6126.811927809012
11482;5418;Libor;25Y;2;-12219.09
11632;7981;Libor;6M;4;-1825.009008530235
10146;1364;Estr;1M;1;10450.311217122387
12243;8041;Euribor;30Y;2;-4234.648278571174
12860;4051;Euribor;10Y;9;2127.36
10933;2260;SOFR;5Y;3;1543.77
11836;9252;SOFR;25Y;6;-2974.0458754149467
11810;2550;Euribor;30Y;3;-7345.1147811974715
12968;7100;FedFunds;10Y;1;-4987.682367389694
12563;1429;Libor;25Y;5;-2772.57
11671;1976;Libor;5Y;3;-7386.71
11726;5535;SOFR;1M;6;4219.05
12962;7023;Sonia;1Y;5;3647.211829521829
10463;6347;FedFunds;15Y;7;8362.25
12260;7605;Sonia;20Y;2;2874.253052136354
10767;7859;Euribor;10Y;9;7085.14
10301;7082;Euribor;1M;4;2434.24
10054;6600;Estr;15Y;3;1361.040486391857
13467;7974;Estr;2Y;3;-8453.24
10514;6154;Estr;20Y;7;4730.713880085695
11698;2074;Estr;10Y;5;6631.37
12363;6069;Libor;25Y;6;6326.016915346969
12620;8532;Sonia;20Y;2;3252.036086002122
11738;7766;SOFR;1Y;7;-4213.21
11441;2325;Sonia;2Y;4;3085.7
12239;2521;Libor;10Y;8;4425.15
12781;4600;Libor;1Y;7;5013.719030744889
10765;3891;Libor;25Y;8;4963.69
10018;6892;Sonia;20Y;7;2735.3
11513;6141;Estr;2Y;5;-8306.024088261249
13482;8546;Sonia;25Y;6;2073.638450842899
10836;7992;FedFunds;6M;9;9233.95
10228;8101;Euribor;1M;1;4965.13
10609;6777;Sonia;2Y;6;981.3824460335
10407;6827;Euribor;6M;7;6327.805763746648
11675;8773;SOFR;1M;9;-2816.1940365543765
13122;3922;Euribor;15Y;9;4603.31
10991;1421;FedFunds;15Y;3;352.57352399321144
11367;3349;Euribor;3M;9;-6107.659738870615
13360;7549;Libor;2Y;9;8272.47
12606;1914;Sonia;20Y;4;1740.1958443402518
11163;8072;Sonia;2Y;2;5136.941990267412
10150;5632;Libor;3M;3;-5893.825269425873
10322;6897;SOFR;10Y;4;3242.6492929569336
10435;1448;SOFR;6M;4;3953.9029475417383
12489;6856;FedFunds;5Y;2;-2303.23
10723;8352;Libor;30Y;1;-6369.59422697753
12207;5549;Euribor;15Y;8;1141.4311818641027
13453;9796;FedFunds;6M;9;6150.38
12428;1100;Sonia;5Y;2;-8801.79
11936;8980;Estr;25Y;7;7142.82
11456;9817;Euribor;20Y;8;-4601.938939928517
12130;5071;Sonia;25Y;2;-10825.24
10364;9853;Libor;3M;7;6314.36
10476;3324;Estr;30Y;1;12944.22
10389;5259;FedFunds;30Y;9;6377.83
13164;3301;Euribor;2Y;8;256.74
13261;6177;FedFunds;1M;6;-7401.56
13280;2031;Euribor;1Y;1;-1765.0022524444103
10330;1125;Libor;20Y;8;-684.2265799748097
10581;7337;Euribor;1M;8;-1272.2444531807596
12337;7110;SOFR;2Y;8;11405.123306862914
10031;2998;SOFR;10Y;9;-1847.704961654431
11641;6392;Libor;1Y;1;3323.4
12741;8962;Libor;10Y;2;5793.42
12242;5052;SOFR;1M;2;1954.24
11493;8105;Estr;1M;4;10191.757048670479
13476;7975;FedFunds;6M;4;34.160720725204555
12219;4597;FedFunds;2Y;8;-3877.95
12731;4865;Libor;5Y;4;-3098.87
11680;2509;Libor;2Y;4;10850.967884129503
11358;2196;SOFR;5Y;8;4342.13
11637;5477;Sonia;15Y;9;3261.89
13250;4837;Sonia;20Y;7;2273.47
13154;6392;SOFR;5Y;2;-84.17
12014;6600;Libor;1Y;4;1753.85
12757;9962;Estr;25Y;2;-2693.7375648249927
12631;6426;Euribor;30Y;1;6253.15
10915;5933;Libor;2Y;6;7660.944086253815
11832;5867;FedFunds;1M;1;-8276.468985362631
10006;4556;Euribor;15Y;8;1281.05
10980;6402;Estr;15Y;7;7005.063913947294
12667;2196;Euribor;6M;6;-5257.303276762598
10904;6695;Estr;3M;1;-549.1360526342986
12975;9550;Euribor;5Y;6;647.0869011124669
10042;7616;FedFunds;2Y;3;5666.15
12608;5476;Euribor;3M;5;-2331.09851168278
13145;2217;Libor;2Y;5;-1293.0964750322628
10068;4854;FedFunds;15Y;7;-143.29
10179;7371;SOFR;6M;8;-9305.86
12887;5552;Euribor;3M;3;4973.97
13002;4811;Sonia;2Y;7;-2062.565513723629
10719;8786;Euribor;5Y;9;2398.7
13465;5113;Euribor;1M;8;-1834.3275796799494
13040;4066;FedFunds;25Y;2;-1845.915233911876
12836;3651;Libor;5Y;8;-5748.540004231471
11121;3148;SOFR;25Y;6;8131.586565911443
13005;6271;Sonia;1M;5;-643.8762950058463
10736;6520;Estr;1Y;2;8503.7
12300;8332;Estr;30Y;2;-4080.676902770465
10361;6699;Libor;10Y;5;3786.23
10321;4081;Estr;30Y;2;-3639.98
13107;2586;Estr;1M;4;4545.324539169478
10433;6926;Sonia;20Y;6;-2167.850920213095
11778;1437;Sonia;15Y;7;4859.36
10368;3349;Libor;1Y;7;-4471.234186326257
10647;5009;Euribor;25Y;3;6397.27
11757;1849;SOFR;1M;2;-4121.0303615590465
11117;5704;SOFR;1Y;2;3051.11
10681;4490;Libor;5Y;9;13253.19
10856;6314;Libor;15Y;3;-2258.358485640344
11674;1712;SOFR;2Y;2;4135.16
10523;5005;Euribor;10Y;2;1084.807940576684
12330;2459;SOFR;25Y;9;-1014.4778829160657
11278;1501;Libor;1Y;4;471.58935311807613
10791;3505;Libor;1M;5;-9131.7
10400;8870;SOFR;25Y;2;-6939.132793567956
10516;8156;Libor;2Y;6;-4509.5
13298;2624;Libor;10Y;9;5373.289585436845
11130;7704;SOFR;30Y;5;1389.877491484237
11749;5218;SOFR;1M;2;-2400.3991048923135
11738;7766;FedFunds;1M;7;9274.89
11538;3261;Euribor;15Y;6;5662.0448134571325
11645;4574;Libor;15Y;3;4053.77
11063;4829;Euribor;1Y;5;1121.1390702752242
12170;5862;Euribor;30Y;4;6403.87
11398;3072;Estr;1M;3;1184.9532119728256
13197;8586;FedFunds;30Y;1;5687.19
12509;1533;FedFunds;10Y;5;-5631.84
12726;9420;Sonia;3M;6;2330.9376251295453
12355;7176;Euribor;30Y;5;-3724.41
11779;4785;Libor;25Y;4;-5595.3362512678395
10336;8705;SOFR;30Y;5;-600.7275159732826
11131;7031;FedFunds;2Y;5;-1492.24
12375;5599;Euribor;3M;6;-5389.767014106059
13340;5536;Estr;2Y;8;-1260.51
11423;7054;Libor;20Y;9;829.1608472337875
13434;2097;FedFunds;30Y;5;-5357.48
10750;6057;SOFR;2Y;5;7526.42175305001
11121;3148;Libor;3M;9;-632.3334340885569
12228;3808;SOFR;5Y;7;-1302.750662194559
10964;1375;FedFunds;10Y;3;588.27
10513;4198;Libor;1Y;5;-6585.4
11631;6105;Euribor;1Y;3;6856.35
11600;7722;Euribor;15Y;3;-5690.75
11760;2388;FedFunds;30Y;1;-4952.33
10922;6308;Libor;6M;5;-6444.231820060533
11940;4659;SOFR;5Y;9;-7912.54
13328;6562;Sonia;20Y;3;-3479.934501097897
12727;5965;Estr;1Y;7;-6051.48
12908;1414;Sonia;30Y;9;4140.861278134145
11478;5607;SOFR;3M;6;5173.547838160051
11541;9023;Euribor;25Y;6;-3240.6834346516985
10208;3538;SOFR;10Y;1;-396.35452096239715
13085;4747;Euribor;3M;2;-5058.97
11496;2349;FedFunds;1Y;7;504.34904403398923
12761;5146;FedFunds;30Y;7;-3345.43
10525;8616;Estr;5Y;6;-6585.46
12577;8203;Libor;5Y;6;-6512.52
12760;1677;Sonia;25Y;2;6801.45
12420;5381;Libor;10Y;7;-5948.214823803341
13444;2057;Libor;3M;9;153.86654450370185
10941;9671;SOFR;6M;6;-5580.96
13126;7172;SOFR;15Y;6;-382.2311133161529
11701;5284;Euribor;6M;7;2784.2622578485407
10407;6827;FedFunds;3M;6;2398.9057637466485
11931;2406;Estr;1Y;7;6577.131995679477
10062;1784;Sonia;2Y;1;-4795.75
11429;1233;Sonia;5Y;8;-102.61271944723558
12494;1619;Sonia;1M;3;7508.77
12415;2655;Euribor;25Y;8;7363.14
12653;5799;Estr;2Y;7;-7491.655422422806
10175;2202;Estr;20Y;8;5707.26
10015;5859;Estr;2Y;3;3020.6950540477656
11818;2793;Sonia;2Y;5;641.6082881454757
11443;2831;Libor;20Y;9;2080.0528137807573
13136;1381;Libor;3M;4;7952.78
11055;2167;SOFR;10Y;8;-166.02
10833;2724;Euribor;1M;1;-492.5438325749328
10217;8368;Libor;15Y;5;-1695.54
10301;7082;Euribor;30Y;2;2604.49
13375;1743;FedFunds;6M;4;2296.3766064236956
11465;9071;Sonia;20Y;3;8678.76
13380;6318;Libor;25Y;4;776.1489174102207
13013;9039;FedFunds;10Y;9;-2685.8372501150507
11428;3568;SOFR;5Y;1;9901.801913369858
11410;9712;FedFunds;1Y;7;1934.5320645647107
13467;7974;Sonia;10Y;7;10330.59
12110;1881;Estr;30Y;7;-1555.6742454393557
12656;5693;Libor;1Y;5;492.2508839632528
11734;2937;FedFunds;15Y;4;9425.09
10646;3468;Sonia;6M;2;-6749.29
12831;3555;FedFunds;10Y;8;2558.7252561884106
12090;5370;Estr;5Y;3;7192.205153119552
11707;2446;Euribor;3M;3;760.2626336453668
11845;4044;Sonia;10Y;3;6126.799880039449
10693;3606;Estr;15Y;7;10102.240725694617
10052;9050;Sonia;1M;2;608.4120671230221
12108;7299;Libor;15Y;8;1145.77
13164;3301;SOFR;25Y;4;3145.74
12904;1569;SOFR;30Y;3;-785.5342229098223
12851;1608;Sonia;3M;6;7351.608900531871
12070;2291;Sonia;20Y;1;6017.09
11456;9817;Estr;2Y;6;-5562.6089399285165
10522;3007;Sonia;6M;5;8891.32
11088;1192;FedFunds;1M;6;-8100.803480962662
12999;1543;Libor;10Y;3;-1043.9947481664763
10580;4906;Sonia;10Y;5;-2079.14
10521;1771;SOFR;15Y;3;-5926.88
10893;6737;Estr;1Y;8;2744.61
12929;3233;FedFunds;3M;1;-3659.4
12413;3126;FedFunds;30Y;3;4252.4
10354;8311;Libor;2Y;5;-3252.579825858965
12940;2381;Libor;15Y;4;-6631.836802294505
10848;7320;FedFunds;2Y;7;-4891.73
11330;6073;Estr;10Y;5;2272.359203647851
12139;3567;Sonia;15Y;5;388.4178988504324
10760;6255;SOFR;1M;9;3221.0339911746205
10697;2988;Sonia;10Y;9;7819.74
10311;1956;SOFR;30Y;6;3038.23
11101;5703;SOFR;2Y;3;-8966.74
11874;2233;Sonia;3M;3;9614.01
11600;7722;Sonia;5Y;1;11225.84
13191;8562;Sonia;10Y;3;729.6597378513816
11629;9283;FedFunds;6M;5;-5317.95
10667;4109;Estr;5Y;3;4516.54
11785;3793;Sonia;15Y;8;-358.47219478801344
12618;4475;SOFR;3M;7;2777.7176408268656
12853;4403;SOFR;1M;5;-413.8
11044;2140;SOFR;6M;2;4839.85
12728;7989;Estr;6M;8;-5576.56
10416;1365;Euribor;1Y;7;4835.73
10297;3720;Estr;10Y;9;4239.761035937386
10542;5008;Euribor;1Y;9;3628.699234768154
13472;9066;Libor;2Y;2;-1314.82
12137;6783;Euribor;10Y;4;5503.89
10099;9010;Euribor;5Y;5;4647.246191507992
13482;8546;FedFunds;5Y;6;2050.788450842899
11639;6829;SOFR;20Y;9;10407.48
12721;4220;Estr;15Y;8;-10236.33
11438;7852;Euribor;6M;3;4870.5
12343;8493;Sonia;1M;1;473.21
11111;4161;Estr;1Y;8;-6864.836839768586
11836;9252;Euribor;15Y;8;10882.124124585054
12125;1528;FedFunds;10Y;4;-2273.99
11734;2937;Estr;2Y;6;4465.51
12677;6267;Estr;10Y;7;-6083.046620449079
13004;1558;SOFR;10Y;9;-860.4308328122288
11340;8867;Sonia;1M;4;-888.44
13381;9062;SOFR;5Y;8;8.007103868159902
11478;5607;SOFR;1Y;1;497.0978381600511
11405;3486;Libor;10Y;3;-2726.8056421718416
10555;8597;Euribor;20Y;9;1805.2110286294578
11475;6153;Euribor;20Y;5;2109.3776231455367
12001;7630;SOFR;1Y;2;-3329.13
12570;5402;Euribor;1Y;6;4718.96
12893;2300;SOFR;1Y;3;-306.27
12114;3419;Euribor;5Y;4;-3496.0
10232;7667;FedFunds;2Y;9;-587.5387748106268
11061;8389;Libor;1M;2;7423.67
11550;2702;Euribor;3M;8;5911.176183356164
10304;1894;SOFR;20Y;5;-1838.1678659340355
13312;7843;Libor;5Y;9;6971.875113386989
11241;8419;Euribor;10Y;3;-125.68384859913294
12047;7101;FedFunds;6M;8;-6574.95
12711;6966;Estr;1Y;3;513.8325497909275
11187;5402;Sonia;6M;2;-9399.33
11032;3476;Libor;25Y;5;-1268.9279586295606
12130;5071;FedFunds;5Y;2;-2791.13
11476;7166;SOFR;30Y;5;7163.495492803493
13357;6884;Estr;30Y;4;-8115.5243193591605
11403;9405;Libor;25Y;4;713.87
10516;8156;FedFunds;25Y;3;7614.22
12900;2785;Euribor;1Y;9;-1855.97
11048;1178;Euribor;1Y;9;4721.03
11105;8264;Libor;3M;3;-1058.09
10666;4156;Euribor;5Y;3;-4376.38
12703;9261;Euribor;2Y;7;-4447.06
12077;3628;Euribor;15Y;3;2778.7047985325285
11237;4382;FedFunds;1M;5;7616.34
10164;6287;Libor;3M;5;4634.07
10476;3324;Libor;1M;2;-5423.68
11210;4645;Sonia;5Y;7;3745.9
13356;9734;Euribor;5Y;2;1135.59
12566;6297;Estr;1Y;8;8862.15
12909;3416;Libor;1M;5;826.89
12948;1018;SOFR;6M;6;9145.22937113735
10501;1948;SOFR;5Y;9;-611.0834212628004
12173;4124;SOFR;1M;9;10441.7
11870;8096;Euribor;2Y;2;7795.745049826586
12734;4746;FedFunds;3M;6;3705.36
13263;9431;Euribor;10Y;4;-6464.62637084028
13262;1837;SOFR;10Y;1;1206.88
10066;6919;Sonia;3M;8;-5694.24
13293;4651;SOFR;10Y;7;3302.1
10085;2066;Estr;1Y;1;-10090.56
12952;6656;Libor;15Y;1;6155.138756404941
12952;6656;SOFR;15Y;6;-1397.0512435950586
13180;9406;SOFR;3M;4;-1151.6
11514;3098;Sonia;5Y;3;1204.711859876892
11391;2447;Euribor;15Y;8;8803.35
10281;4356;Sonia;3M;7;2624.63
12780;6250;SOFR;25Y;8;2124.84
10741;4453;Libor;15Y;9;-11491.01
11867;8640;Euribor;10Y;4;710.4
11683;1667;Estr;2Y;1;5540.244161264964
10955;6594;Sonia;5Y;5;-1961.78
12962;7023;FedFunds;1Y;8;4303.33182952183
12245;7229;SOFR;5Y;1;-4341.07
11232;2502;SOFR;2Y;3;-12735.79
13112;3728;Euribor;1M;8;-4713.765643339768
10931;8845;Sonia;1Y;5;-5064.312896510505
10120;8418;Estr;20Y;1;-655.82
10499;7144;SOFR;25Y;1;-5636.57
10482;1007;Libor;30Y;2;1361.991218479423
12297;6025;Sonia;6M;8;3921.79
10172;8804;Sonia;10Y;9;-1172.739545036903
10148;7882;Sonia;10Y;7;1013.4255279735236
13097;2403;Sonia;1M;5;-7459.04
13169;2354;SOFR;25Y;7;9620.13
12352;6058;SOFR;6M;4;5675.15
10340;8848;Estr;25Y;2;275.08
10370;1072;Sonia;1M;3;-3304.75
11079;7852;SOFR;10Y;6;5484.9
12936;6691;Sonia;2Y;1;4805.96
11800;8624;Libor;1M;7;12923.92
11775;2361;Libor;1M;3;3847.75
12021;5889;Sonia;6M;4;-4122.03
11748;4683;Libor;6M;4;-4324.62
13128;8354;Estr;15Y;4;3887.67
13283;2877;FedFunds;5Y;6;130.46796692433963
11476;7166;Estr;25Y;9;-4522.6145071965075
11146;2641;Euribor;15Y;4;4983.79
11982;1910;Estr;3M;9;5614.766923727737
10669;1205;Libor;3M;4;-3690.38
11645;4574;FedFunds;3M;8;977.93
10411;3279;Libor;25Y;4;-13077.74
12290;3800;Euribor;3M;2;4742.7
11405;3486;Estr;20Y;3;-3980.5456421718413
13261;6177;Libor;30Y;2;-2091.39
12252;4404;Estr;6M;4;-2834.32
11333;3073;Libor;3M;8;-6375.68
11561;1583;Euribor;15Y;5;6354.08
13040;4066;Estr;30Y;9;-5967.4152339118755
10739;9306;Libor;25Y;7;4694.277405784892
12658;2239;Euribor;15Y;5;-7983.82
11759;7435;SOFR;25Y;3;2737.65
11379;6720;Euribor;5Y;6;-3374.68
12246;1500;FedFunds;30Y;2;3469.17861882092
13217;7705;Sonia;3M;1;-6366.21
11099;1534;Estr;30Y;6;12796.31
11093;3173;Sonia;1Y;3;-4719.59
11643;4160;FedFunds;1M;6;-2422.27
10023;2484;Estr;5Y;5;-7082.258823249234
11599;6221;SOFR;1Y;2;-5205.93
12295;8244;Estr;5Y;4;573.0748485353939
13075;5313;Libor;10Y;1;4976.268938649309
12102;1949;SOFR;6M;9;5784.74
12434;5329;Estr;15Y;3;-6565.01
13162;5509;Libor;3M;9;4922.02
11248;8160;Euribor;25Y;9;-7426.46
10408;4493;Libor;20Y;2;-678.23
10244;6468;SOFR;20Y;4;-7346.4
11822;5060;FedFunds;3M;4;-1765.11
10246;4810;Sonia;1M;7;-2719.66664061327
12378;4811;SOFR;25Y;5;9728.57
10550;3606;Euribor;1Y;7;1398.99
12702;1933;Sonia;5Y;6;7736.028325880324
10985;3646;SOFR;10Y;1;-2053.8557861281147
12265;8008;Sonia;6M;1;13087.52
11565;7902;Sonia;2Y;3;-6115.38
11933;5310;Sonia;5Y;6;-4831.21
11432;6917;FedFunds;20Y;7;-7127.99
12701;8899;SOFR;10Y;3;-679.23
12659;4039;Libor;1M;5;-1679.171671567382
13475;2756;Sonia;6M;3;-2766.89
12205;2059;Libor;25Y;8;-3238.27
10532;4629;Estr;3M;2;-1746.51
12863;8034;Sonia;2Y;4;-2147.12
11758;2472;Estr;5Y;8;3014.9
12237;6965;FedFunds;15Y;6;5001.807877556912
11001;9022;Sonia;6M;5;-1502.06
13488;4754;Libor;3M;2;2512.482531115059
13413;5053;Sonia;1M;7;-4043.5
10865;3052;SOFR;5Y;3;3480.65
11604;3810;SOFR;20Y;8;-103.85
13013;9039;Euribor;15Y;6;-2798.1572501150504
12171;9713;SOFR;6M;7;-7407.45
11987;2626;Sonia;1M;8;10041.6
12486;8137;Euribor;30Y;7;7170.099533120821
12802;6648;Sonia;1Y;4;4178.81368747255
13175;8219;Libor;1M;7;6231.26
11631;6105;Libor;20Y;6;-7867.54
11335;3705;SOFR;5Y;1;-7946.36
12627;8020;Estr;15Y;3;5956.88
11620;2426;FedFunds;20Y;5;-1933.7707454110387
11260;6676;SOFR;30Y;2;-3260.6860633528513
11630;7361;Sonia;30Y;9;3675.17
10890;6316;Sonia;20Y;3;1271.177572931574
12406;8188;FedFunds;1M;6;-916.2359603107902
13009;7653;Sonia;25Y;7;2917.4713734483744
10161;5208;Estr;10Y;8;2598.4
12077;3628;Estr;5Y;3;2829.1247985325285
11916;6974;SOFR;3M;7;9597.54
13088;5166;Estr;5Y;6;10329.88
11161;9216;Sonia;1Y;1;-2504.71
13364;6700;Estr;1Y;1;2181.31
11482;5418;Libor;1Y;6;-2085.21
10449;7256;SOFR;1Y;4;-5670.19
10665;6445;Estr;25Y;7;2817.4740960470594
13440;9633;Euribor;30Y;6;-5398.8
10959;1298;Estr;30Y;4;-637.71
12187;9140;Sonia;10Y;5;-4377.53
12421;7060;Libor;20Y;4;-3651.12
12050;4996;Libor;1M;4;6635.128607948793
10696;7361;Estr;15Y;2;-7947.550893151355
11072;2907;Libor;30Y;6;-426.89750195205306
12256;7834;SOFR;1Y;7;3641.46
10800;1464;FedFunds;5Y;4;-5532.173581797808
10490;9438;Estr;1M;7;776.783827391976
12026;3063;Sonia;2Y;3;1678.49
12975;9550;Libor;1M;8;-3621.0530988875335
10764;9995;Libor;6M;4;-1201.0
10338;4124;Libor;5Y;3;388.05
10705;2271;Estr;2Y;5;-1848.1679301178783
11147;4723;FedFunds;1M;5;818.565124477188
12162;2361;Libor;30Y;6;10697.57
13108;8975;Estr;1M;3;-5497.2160576516
11813;2690;Euribor;5Y;5;-4090.88
13279;3498;FedFunds;6M;7;5165.44
12394;2706;Libor;25Y;8;3814.55
11510;4412;Estr;25Y;1;-1292.8331850073896
12196;3653;SOFR;30Y;3;134.59622622543208
12428;1100;Libor;6M;6;4976.1
10960;3799;FedFunds;10Y;5;-5748.607278279414
10979;1919;Sonia;25Y;8;-4776.69
11652;6499;Libor;15Y;6;-6075.61
10800;1464;Libor;6M;6;5418.376418202191
11374;5868;SOFR;1Y;1;2143.1568884375847
12887;5552;Estr;20Y;6;6077.15
12000;2620;SOFR;25Y;9;-2232.61
12368;1005;Libor;3M;9;-4711.01
10682;5796;Estr;2Y;6;1899.52
13254;6616;Estr;6M;8;2125.61
13024;8048;Euribor;6M;3;9385.8
12845;7900;SOFR;5Y;9;-669.5380248892586
10498;1155;Estr;20Y;8;4959.66
10797;8129;Estr;10Y;2;9688.27
11834;5587;Euribor;25Y;1;29.91081118275997
12578;4613;Libor;25Y;9;7934.75
12235;4551;Sonia;6M;8;-8735.701870198824
12674;6537;Estr;20Y;7;442.1101872122081
10101;7313;Libor;1Y;4;-290.92971409025995
11870;8096;FedFunds;1M;2;-3753.7949501734133
10207;4054;Estr;3M;3;-1954.032063216666
12099;5781;SOFR;1Y;2;1828.5395178787521
10222;9646;Euribor;5Y;5;2108.34
13455;2517;FedFunds;1Y;7;7348.83
11597;4414;FedFunds;3M;7;3569.4642680827683
13475;2756;FedFunds;25Y;4;10368.21
10497;9915;FedFunds;20Y;3;5350.970895883305
12572;8707;FedFunds;15Y;3;4281.09
11955;1092;SOFR;20Y;7;-2840.93
12269;6399;SOFR;6M;3;-11042.25
11828;9104;Libor;15Y;3;10540.473994646236
12861;3372;FedFunds;1Y;8;-364.71
10817;8124;SOFR;5Y;9;2903.7087096446085
11718;5928;Euribor;1M;3;-1833.9
10333;8175;Sonia;25Y;2;4636.61
10672;4551;SOFR;2Y;2;13387.931428706763
10936;2409;Libor;25Y;7;1618.47
13240;3419;Estr;2Y;5;3979.464182210887
12925;1256;Euribor;6M;5;1088.3801464189437
12516;9382;Sonia;20Y;8;8067.5
11364;8766;Sonia;15Y;1;-4921.19
10590;8913;Libor;3M;7;3313.57
12818;2946;Sonia;10Y;1;-3846.2171576549795
12092;5916;Euribor;1M;2;-3581.52
13477;3313;Libor;25Y;5;9582.076096525509
10523;5005;FedFunds;20Y;2;-8261.132059423315
10513;4198;Euribor;25Y;9;8326.58
11540;2667;Libor;20Y;8;4538.52
13364;6700;Sonia;6M;3;3942.13
12057;8730;Euribor;1M;4;-8755.97
10465;1671;Libor;1M;6;-534.5114047132101
10960;3799;FedFunds;30Y;9;508.58272172058605
12870;5445;Estr;10Y;1;6110.4
11872;2291;FedFunds;20Y;5;4058.82
13363;9953;Sonia;2Y;2;-993.1831250527557
12073;5735;Euribor;5Y;9;5829.84
12604;5885;Estr;2Y;9;6091.91
12759;7966;Euribor;5Y;7;1915.391237339855
12277;2254;Sonia;3M;6;6398.726175974196
12622;8411;Estr;6M;2;-5407.831302330491
12254;1214;Libor;1Y;7;-12687.12
12085;3249;Libor;25Y;3;3920.9250446324145
12182;6722;Libor;6M;9;6983.685949583547
11152;4518;Estr;20Y;5;-7589.54
11458;2014;Sonia;10Y;4;4658.64
12726;9420;Euribor;1Y;8;-4889.062374870455
12557;5988;Sonia;15Y;1;2091.1421234890404
10684;7426;Estr;1M;9;3782.48
10431;5082;Sonia;20Y;4;6695.42
10884;2956;Euribor;5Y;1;-4151.438885207829
11871;5567;FedFunds;25Y;4;1740.76
11161;9216;Libor;1Y;9;6677.03
11550;2702;FedFunds;2Y;2;4797.746183356164
10851;3863;SOFR;30Y;6;-2550.141093187014
10781;7644;SOFR;10Y;6;645.5949627834107
11450;1823;Libor;10Y;3;-55.440921085827085
11837;7609;Estr;15Y;5;887.77
10235;2750;FedFunds;1Y;7;3616.18
11749;5218;SOFR;1Y;6;34.61089510768625
10571;5761;Estr;1Y;7;6584.26
13284;3251;FedFunds;2Y;7;-3201.4909952035937
13074;4137;Estr;30Y;2;-5208.34
10908;7785;FedFunds;3M;4;4606.219459688289
11652;6499;Sonia;1M;9;-5104.57
12174;4030;Libor;1Y;5;-6390.853262500343
12287;1020;Libor;20Y;9;-2743.9036105799833
10238;8124;Sonia;5Y;7;3796.39
13413;5053;Euribor;5Y;6;-4764.92
10131;7881;FedFunds;20Y;3;-10232.67
11106;4140;Euribor;10Y;6;4420.25
12971;4480;SOFR;10Y;3;-5146.45
11707;2446;Euribor;1M;3;1878.2726336453666
11267;4535;Sonia;10Y;6;-5467.999013705381
12867;4624;SOFR;3M;9;-1928.1964289002321
10291;2875;Euribor;5Y;8;-1813.3096488579984
10180;3371;Estr;15Y;2;2832.981733435122
11776;2654;Sonia;6M;5;-3353.06
11380;4243;SOFR;30Y;8;13376.51
12147;1309;Sonia;5Y;8;-7719.78
12605;2496;FedFunds;20Y;7;-511.27
10927;8135;SOFR;3M;4;1234.9875556282504
10968;9557;FedFunds;1Y;5;7706.102765829178
10119;5804;Libor;30Y;3;287.53
11689;8370;Estr;20Y;5;-8243.279354843415
12661;4936;Libor;2Y;8;-6581.336205138299
12774;5682;SOFR;6M;2;8575.77
13407;8201;Estr;6M;7;4184.941172278612
11945;2193;Estr;2Y;6;2130.37
11954;8147;Estr;1M;3;8894.55
11439;7519;SOFR;2Y;7;-937.2741191597097
12885;8383;Euribor;15Y;6;-3477.13
11190;5002;Estr;15Y;2;5890.29860434839
11821;1755;FedFunds;25Y;4;-5019.13
12357;7489;FedFunds;15Y;7;-221.77
11113;1666;Sonia;1M;4;-1694.88
11464;5976;Sonia;1M;7;-8044.46
12692;7506;Sonia;5Y;5;-4417.97
11519;2079;SOFR;30Y;1;-4538.049305260516
11820;2883;FedFunds;15Y;5;-2142.0447189690462
12655;5378;Sonia;1M;7;7974.952605909111
12555;9191;Estr;1Y;7;9078.65
12182;6722;SOFR;20Y;6;-7662.404050416454
13085;4747;Euribor;3M;2;3354.88
12367;6413;Euribor;5Y;3;-7593.207583037953
11310;2044;Euribor;20Y;5;-11389.330787346124
10161;5208;SOFR;1Y;6;-8857.96
13147;9588;Libor;30Y;6;-4228.86
11149;4840;Sonia;15Y;1;-5940.164437353667
11269;1564;FedFunds;2Y;4;-2486.203698816217
12116;6645;Estr;15Y;6;4007.92
13265;6243;FedFunds;1M;1;7002.52
11950;5412;Libor;2Y;9;-5214.111070504649
12495;4596;Estr;5Y;1;3471.5441858904805
13305;8877;Estr;1M;6;-2566.5701807547653
10890;6316;Estr;6M;3;-368.1224270684261
10453;6624;Estr;20Y;1;3047.72
12277;2254;Libor;15Y;6;1735.2361759741964
13371;7279;Estr;10Y;3;-9822.65
11408;6330;SOFR;20Y;2;5196.214483992931
12073;5735;Sonia;1M;1;-8112.93
13086;6074;Estr;25Y;6;-1353.5529171935686
10209;1822;Sonia;3M;7;-9566.73
13227;6462;Sonia;1Y;9;384.3532133898067
11958;9705;Sonia;1M;9;-1013.4624487979279
12779;9585;SOFR;6M;3;-3820.2
11776;2654;FedFunds;1Y;1;3480.14
12817;5911;Sonia;1M;4;5324.09
13343;6179;Estr;2Y;5;958.35
11983;8701;FedFunds;2Y;6;-9465.79
11513;6141;Libor;3M;9;7105.3259117387515
12635;3882;FedFunds;6M;1;6534.84
11454;5335;Libor;1M;9;-2823.9
10654;3161;Estr;5Y;1;-8441.12
10820;3535;Sonia;6M;2;8480.87
13389;4419;Libor;1M;3;-4620.5
13312;7843;SOFR;6M;8;-6058.814886613011
13060;2663;Estr;30Y;9;-9050.68
11662;9831;Sonia;2Y;4;-13261.84
12357;7489;Libor;2Y;4;6489.78
11222;3376;Libor;1M;2;9369.99
11149;4840;Libor;15Y;8;-4158.434437353668
10785;8832;Libor;30Y;6;11995.46
10212;5841;Sonia;15Y;1;4017.8900624677904
10788;8845;FedFunds;3M;1;6436.8
11623;4036;FedFunds;6M;2;-610.73
12703;9261;Libor;2Y;6;-4483.783145364698
10232;7667;Libor;2Y;8;522.3812251893733
13033;2238;SOFR;25Y;3;-8281.21
12984;4104;SOFR;20Y;1;-12019.37
10235;2750;FedFunds;30Y;2;-4966.18
12484;9401;Sonia;10Y;3;-1481.09137692915
10730;3591;Sonia;3M;5;-3672.23
13235;2013;Sonia;25Y;4;-9247.46
10689;8291;Euribor;1Y;5;-697.8707234635294
10671;4273;SOFR;2Y;7;-322.78795647013794
12512;1183;FedFunds;30Y;6;817.11
13068;3448;Estr;15Y;7;-911.6570623000707
11498;5234;Estr;25Y;5;135.00941957617988
10311;1956;SOFR;15Y;4;6311.71
12256;7834;SOFR;30Y;4;8345.25
11739;6967;Estr;5Y;4;-1539.58
11300;7683;FedFunds;5Y;7;-445.2648581500332
13130;3818;Sonia;20Y;9;-5151.42
12481;1388;Libor;10Y;7;-95.05
12669;1827;Estr;5Y;8;-6468.97
11330;6073;Sonia;3M;4;-6147.6307963521485
12488;5066;FedFunds;1Y;7;7092.347096390892
12239;2521;SOFR;15Y;5;2902.58
13257;7792;Euribor;6M;2;-7158.798260156018
13498;2248;Euribor;15Y;3;9338.611725702913
10931;8845;Libor;20Y;9;-10131.412896510505
13139;1942;Euribor;25Y;6;-5160.189409902151
11647;6733;FedFunds;15Y;9;-8346.05
11063;4829;Euribor;15Y;5;8016.749070275224
10457;7404;Libor;6M;3;-2272.45
13169;2354;FedFunds;1Y;2;-1638.19
12905;5000;Euribor;10Y;3;2954.46
13299;3108;SOFR;1M;4;8283.14
10949;1325;Libor;30Y;8;1300.22
11617;1909;SOFR;25Y;9;-7211.853576405401
10827;8869;Estr;3M;8;-2134.13
12537;1813;Estr;5Y;6;77.58732656448319
12056;3397;Libor;6M;2;-2249.97
12111;1158;Sonia;10Y;2;1552.63
11101;5703;FedFunds;30Y;4;5182.04
10455;7900;SOFR;25Y;4;4739.321012083094
12003;2245;SOFR;6M;5;3910.4135654658658
10856;6314;FedFunds;6M;1;2388.211514359656
12850;2212;Euribor;1M;7;1596.2932775340303
12328;2395;SOFR;1Y;1;6637.408151976607
10229;2524;FedFunds;20Y;2;-6020.62
12936;6691;Libor;25Y;5;-5731.85
11379;6720;SOFR;3M;2;-7232.14
11763;2501;Sonia;10Y;9;-621.1
12914;3282;Estr;1Y;6;3323.83
11067;1371;Euribor;3M;2;-6154.36
13349;5714;SOFR;20Y;5;-13867.98634671158
11542;3587;Euribor;15Y;3;2497.64
10871;3432;Libor;1M;9;-6287.960349241133
12456;8535;Estr;6M;8;6558.95
10027;3693;Libor;30Y;6;-7118.291857181002
11363;2460;FedFunds;6M;6;3826.3437644490323
11065;6417;Sonia;10Y;7;3130.1877029427933
13288;9740;FedFunds;5Y;5;5533.3816634258155
12114;3419;Estr;30Y;8;12567.71
11235;7310;Sonia;2Y;7;-4548.106861100944
13426;4290;Estr;3M;1;-2839.074752669478
10122;4925;Euribor;15Y;4;4483.048947037376
13439;8274;Estr;1Y;9;640.73
12127;2360;Libor;10Y;6;6428.914673157842
11774;2340;FedFunds;6M;4;5186.58
10396;6175;Sonia;15Y;2;10203.22
11739;6967;Libor;6M;2;-3000.94
10794;8226;Euribor;1Y;6;2036.3204087893691
12499;7373;Estr;3M;6;-11916.502480365349
10063;6596;FedFunds;15Y;7;-2999.11
12079;7205;Estr;3M;9;8470.272787643184
11682;5242;Euribor;1M;2;1392.9754883934647
10577;4935;Libor;30Y;2;-4102.8
10504;5596;FedFunds;15Y;8;-5441.570187303197
13304;9887;Estr;1M;4;2172.7631538436917
10538;4808;FedFunds;20Y;2;13297.79
13445;3840;Sonia;1Y;9;520.0796087936469
10789;7837;Estr;1M;9;4845.84
11038;7899;Estr;20Y;3;-10987.08676549027
10962;4346;Libor;3M;6;5900.43
12033;7156;Libor;25Y;2;-4002.3353205171175
10828;5820;SOFR;1M;2;-6085.93
10209;1822;FedFunds;5Y;6;-12422.94
12489;6856;FedFunds;1Y;3;-5369.9
10237;9238;Euribor;30Y;3;-778.149052214766
11419;4867;Estr;10Y;5;6215.67
12489;6856;SOFR;15Y;9;-1806.9
10129;5363;SOFR;15Y;5;4726.112027906209
13055;6479;SOFR;2Y;2;-11887.593223002477
13112;3728;FedFunds;1M;8;-1788.545643339768
11374;5868;Estr;15Y;7;-1393.813111562415
10637;2932;Libor;25Y;4;2336.13
12486;8137;Sonia;3M;2;-3215.420466879179
11232;2502;Euribor;30Y;8;1677.64
12781;4600;FedFunds;5Y;2;-4523.530969255111
13151;6828;Estr;1M;3;2433.671861530762
13499;3179;Sonia;3M;4;-5161.48
11288;8532;Libor;15Y;3;419.61
12242;5052;Euribor;15Y;9;3584.29
10180;3371;Libor;1Y;2;-2001.1582665648775
11629;9283;Libor;3M;7;-2129.21
12698;4247;Libor;1Y;5;4417.73
13072;9453;Euribor;20Y;8;-678.549914279869
10972;5780;Sonia;20Y;5;-6016.6
11943;4017;Sonia;6M;3;-7541.39566538406
10550;3606;Libor;15Y;8;-3659.42
10206;9519;Sonia;6M;3;-394.04
12219;4597;Sonia;25Y;4;-1817.86
12957;1658;Estr;1M;5;-8098.7
10463;6347;Euribor;1Y;1;-1352.47
11000;7663;Libor;1Y;4;-95.27402269941558
13067;7079;Libor;5Y;2;-10683.28
13082;4405;Sonia;6M;7;-7854.62
12071;3655;Estr;6M;4;-3093.79
13144;3348;Sonia;10Y;3;1432.9096373720004
10023;2484;Estr;2Y;5;659.5811767507656
11709;9663;SOFR;2Y;8;-4882.4059930815365
13400;5027;Libor;30Y;4;-7859.16384302503
12594;8518;Libor;10Y;6;6577.24
11888;2151;Libor;3M;5;-6580.12
11065;6417;FedFunds;1Y;7;-12274.26
10278;3353;Euribor;10Y;2;-268.64
11874;2233;Estr;10Y;4;2664.09
11804;8313;FedFunds;1Y;5;-5149.881970934238
13294;6765;Euribor;2Y;9;-1061.51
12024;5666;Sonia;25Y;5;-1168.3
11692;4888;Estr;3M;2;8049.34
13263;9431;FedFunds;6M;6;5480.263629159721
12411;1800;SOFR;5Y;2;-5122.88
10614;2461;FedFunds;20Y;5;-13033.19
10401;7140;Estr;15Y;1;-6284.75
11174;6636;Euribor;25Y;4;-10509.803158260527
10862;9662;Libor;15Y;4;2348.54266563088
12153;8541;Euribor;3M;6;3146.7692167550504
10107;9647;SOFR;3M;9;-1909.18
10312;2712;Libor;20Y;2;1983.790518008866
11042;3572;Sonia;15Y;4;-5960.75
11742;7839;Libor;2Y;6;7234.73
12513;5722;Euribor;1M;9;1939.62
13343;6179;Euribor;10Y;7;-5131.57
12946;3413;SOFR;6M;9;7685.9
10144;2276;Estr;2Y;5;7458.71
11098;9683;Euribor;3M;6;6034.39
10719;8786;Sonia;25Y;8;1493.93
10155;2733;Estr;20Y;9;5599.836984029227
11526;9215;SOFR;20Y;1;-5231.985684976969
10456;8999;Libor;30Y;8;14539.39
11923;1726;Estr;5Y;8;4018.34
10620;4923;Sonia;20Y;1;-1963.6033915190674
11073;8265;FedFunds;1Y;1;1584.272171667363
12373;7004;SOFR;10Y;7;-12088.22
10864;5440;Sonia;25Y;8;4597.340037309394
12863;8034;Sonia;20Y;4;6623.15
11869;5675;Euribor;1Y;5;-7179.48
11005;5056;FedFunds;3M;1;-1755.46
10198;6182;FedFunds;2Y;3;8056.04
12114;3419;Sonia;2Y;2;677.09
12151;4046;Libor;10Y;9;397.6968850572425
10144;2276;Estr;1Y;1;-2417.1
12282;9120;Euribor;30Y;2;5315.17
11141;6365;FedFunds;1M;6;10869.675110928549
11187;5402;SOFR;25Y;2;455.06
11355;5710;Euribor;15Y;3;7984.63
10558;1785;Libor;20Y;3;11351.95
12086;9167;Estr;20Y;4;-8260.01
11679;2845;FedFunds;5Y;8;1592.33
13335;3321;SOFR;1Y;8;3055.08
11491;1028;Sonia;2Y;5;469.0
13344;7028;FedFunds;2Y;2;3483.04
11851;5853;Sonia;3M;8;12684.61984046462
13001;5601;FedFunds;1M;3;-5723.2575750433225
12975;9550;SOFR;15Y;7;32.326901112466885
11348;4257;Libor;3M;2;2403.8815045592287
12531;1148;FedFunds;5Y;8;4758.967740099235
13034;4598;Sonia;30Y;9;-10642.13
12229;8720;Sonia;30Y;7;7975.82
12387;2368;Libor;20Y;3;748.3960519021819
13358;5409;Euribor;1M;9;5602.662170038833
10108;1504;FedFunds;10Y;9;-424.1496178396628
13340;5536;Sonia;2Y;8;-710.8
13041;2101;Sonia;6M;9;-2374.31
10734;7968;FedFunds;15Y;2;-2881.3256220619523
12560;7447;FedFunds;2Y;7;-5329.17
12789;4797;SOFR;6M;6;2428.11
10968;9557;SOFR;25Y;3;-1774.1572341708224
11676;4614;Sonia;6M;7;-3248.82
10397;6448;Euribor;1M;7;-8270.68
10227;7212;FedFunds;3M;5;-9351.354979552765
11609;8819;FedFunds;20Y;1;474.92
10277;9073;Libor;25Y;9;-131.03
10737;5757;Euribor;2Y;9;-8678.24
12629;2374;Euribor;20Y;5;-5409.68
13161;1399;Estr;1M;7;9304.87
11360;3024;FedFunds;6M;5;5612.74
12123;6067;SOFR;10Y;1;-4135.52076593849
11368;6057;FedFunds;2Y;7;-2563.35
13384;9456;SOFR;20Y;8;-622.9088879595383
13253;3451;Sonia;10Y;2;-4160.03
10556;3309;Sonia;30Y;4;-7595.98
12543;8595;Euribor;5Y;2;-6507.816804997216
12468;8129;Libor;1Y;7;-252.09551817483498
11710;5659;Libor;20Y;9;-2480.4998177195603
10867;8616;Estr;25Y;8;-9501.76
12077;3628;Sonia;10Y;2;-8205.545201467472
12195;9253;Sonia;3M;5;-4735.1088354365975
13294;6765;Libor;5Y;6;-2418.6
12396;7194;SOFR;25Y;1;5505.79
12125;1528;Estr;25Y;4;-11110.67
10480;5869;FedFunds;25Y;7;-2692.8568775701524
11181;7496;Estr;1M;2;3084.55
11722;1415;Libor;3M;2;1170.7
13160;4749;Sonia;6M;1;-2667.69
10838;2717;Sonia;30Y;4;-1145.62
10068;4854;Euribor;3M;7;3260.36
11128;6427;Libor;25Y;3;-5221.7350409138235
11998;9823;SOFR;3M;5;-11647.18
10914;5713;SOFR;1M;8;-9918.59
12023;1510;Sonia;2Y;8;2961.995194308115
10995;9411;Sonia;1Y;4;-5128.482020111918
12262;6715;SOFR;2Y;2;-5588.58
12905;5000;Libor;30Y;4;6139.93
12919;4809;Libor;20Y;2;-4957.21
11283;1437;Euribor;20Y;3;565.8844926798774
13386;5630;Libor;2Y;8;7883.930805282564
13423;4261;Sonia;3M;4;7568.129555747788
11361;1754;SOFR;6M;9;8128.1619443758
12246;1500;Euribor;1M;1;736.5586188209202
11777;9625;SOFR;5Y;1;-5433.12
11137;4276;Euribor;2Y;1;-2271.4004144552628
12882;9239;SOFR;5Y;2;-1059.15
11968;7170;Libor;1M;4;6099.28
11240;3064;SOFR;1M;3;6831.06
11488;9226;Sonia;25Y;7;15215.511259991596
10744;7901;Estr;2Y;7;-3778.96
13126;7172;Estr;2Y;6;10744.418886683847
12357;7489;Estr;2Y;7;4196.08
12081;7060;Libor;5Y;6;171.75196189279995
10764;9995;Libor;1Y;3;-7234.81
12602;3779;SOFR;15Y;3;314.07128232269383
12201;7827;FedFunds;5Y;2;10458.03
11779;4785;Euribor;5Y;7;3049.063748732161
11977;6228;Libor;5Y;3;-3578.293863161621
11223;6585;SOFR;15Y;4;-12964.49
13495;4996;Sonia;1M;5;6130.899734155029
11164;5497;Euribor;25Y;5;-3945.06
10682;5796;Euribor;20Y;2;5729.55
12235;4551;FedFunds;1M;8;-5826.4118701988245
13313;3914;Estr;1M;3;8173.979506102661
10805;7628;Estr;1Y;5;7144.7
11125;1153;Euribor;3M;6;6371.28
11207;5137;Sonia;5Y;3;1642.8
12973;3293;Sonia;2Y;8;-794.3817798887742
11010;6911;Libor;15Y;3;3617.57
13051;9290;Libor;15Y;3;890.3390251985511
10047;2648;Estr;3M;3;670.7367320773637
11998;9823;SOFR;10Y;5;1826.14
10479;3113;Estr;5Y;6;4066.9788425545894
11942;1258;FedFunds;2Y;3;-402.26607091509686
10363;1482;Sonia;1Y;4;7339.2
11310;2044;Libor;20Y;3;2924.069212653876
11970;1095;FedFunds;1M;4;265.03
10345;3875;Euribor;1Y;3;-2121.085047329493
11845;4044;Estr;15Y;1;1545.2998800394494
11982;1910;FedFunds;15Y;6;-8363.163076272263
12308;1557;Libor;6M;4;-10016.81
11515;4264;FedFunds;15Y;7;-3447.01
10220;8141;Estr;2Y;9;-3244.96
10172;8804;Euribor;20Y;3;4545.960454963097
12696;4956;Sonia;2Y;9;7896.65
10125;5809;Sonia;5Y;1;-2425.0541319130775
13227;6462;SOFR;25Y;8;-8177.726786610194
11751;5102;Libor;15Y;3;-7959.11
12244;9052;Estr;3M;6;5824.65
10168;3560;Estr;1M;7;324.0671171704216
10135;5164;Libor;10Y;2;-181.2
10314;2394;Sonia;1Y;9;2605.91
12047;7101;Estr;25Y;4;-2058.38
10568;4162;Euribor;1Y;1;5589.94
12873;4048;Libor;10Y;8;5156.32
10233;6136;SOFR;25Y;8;-1176.15
13455;2517;Estr;25Y;5;-4662.45
10759;1670;Euribor;25Y;9;-2460.755219492132
10211;5177;Sonia;1M;1;7786.21
12238;4273;Estr;10Y;5;-1609.63
12239;2521;Sonia;2Y;4;-10041.63
12259;6659;Estr;1Y;8;4830.55
10891;3710;Sonia;30Y;8;-3343.74
13100;5815;SOFR;10Y;6;566.28
10764;9995;FedFunds;1M;1;-4818.93
12204;5841;FedFunds;3M;5;-4618.39
10437;3159;Libor;20Y;4;-12895.290017111083
12464;7556;Libor;25Y;3;-956.08
11232;2502;Euribor;15Y;7;8321.54
12557;5988;FedFunds;1Y;2;-3164.2278765109595
12679;2932;SOFR;1M;4;7644.44
11141;6365;Euribor;20Y;1;-5228.594889071451
12382;3170;Estr;5Y;8;1341.7682950583062
10709;2818;Estr;15Y;6;-165.48533246422767
10338;4124;Libor;3M;3;-7071.28
10996;7559;SOFR;6M;8;-6812.74
11164;5497;FedFunds;5Y;9;-11580.85
12929;3233;FedFunds;30Y;4;5163.62
12553;7926;FedFunds;15Y;8;-4389.8895648496555
11125;1153;FedFunds;6M;3;-3092.83
10885;9378;Libor;30Y;5;-3161.159278706257
10315;3958;SOFR;25Y;6;995.375025210783
11171;2131;FedFunds;25Y;8;-628.35
10310;1352;Estr;1Y;7;-8638.56
12457;5297;Estr;2Y;8;-2245.13
12808;5470;FedFunds;15Y;9;-5817.980830953191
10364;9853;Euribor;20Y;4;4523.72
10847;2051;Sonia;5Y;5;7180.08
10715;2551;SOFR;15Y;7;-5821.66
12613;4412;SOFR;20Y;1;-6628.0
11160;6935;Sonia;5Y;5;-3941.65
12757;9962;Euribor;3M;5;2348.452435175007
11143;9634;SOFR;1M;3;4904.858136393486
11716;7655;Libor;25Y;8;9039.483831831067
11172;6092;Estr;1Y;3;2107.2000251525533
11930;7319;SOFR;2Y;8;-57.655858009119584
11281;7799;Estr;1Y;3;-6759.98
12342;6644;SOFR;3M;8;5630.913989077123
12088;2091;Libor;15Y;4;1747.62
13338;6351;FedFunds;2Y;2;-5019.51
11049;9979;Euribor;5Y;6;1612.62
11662;9831;Estr;1M;4;-4714.26
11531;2439;Euribor;1Y;6;5278.49
11672;5943;Euribor;25Y;4;-4873.79
10231;2252;Sonia;20Y;2;-4139.75269004911
10711;5138;Estr;5Y;9;-2893.09
12305;2992;SOFR;25Y;9;-7498.7
11784;8126;Estr;3M;5;-4726.707331044659
10019;9392;FedFunds;3M;8;-7479.97
13355;5041;Sonia;20Y;4;-1985.29
10867;8616;Estr;15Y;3;10405.12
12550;9808;Estr;30Y;3;-1445.98
13316;6789;Sonia;5Y;3;-12131.057879840791
10218;9996;Estr;2Y;3;-894.7001701740387
10843;9615;FedFunds;6M;5;-3480.4267528320947
12318;8055;FedFunds;1M;7;7097.11
13339;2466;FedFunds;6M;1;-5996.27
12333;4925;FedFunds;1Y;8;988.9597976706982
12814;1098;FedFunds;10Y;2;4842.720149504071
11617;1909;FedFunds;25Y;2;240.55
11597;4414;SOFR;15Y;5;-8324.245731917232
11031;8036;Sonia;30Y;4;4378.45
13209;9089;FedFunds;25Y;4;8405.18
10383;6299;Libor;25Y;3;8859.27
12797;9313;FedFunds;20Y;4;-7005.83
13009;7653;Sonia;25Y;4;1071.18
11681;8714;SOFR;15Y;9;-4152.240397397884
11065;6417;Sonia;30Y;2;1353.7877029427937
11445;2824;Estr;10Y;4;-1588.8653674011753
10584;4363;Euribor;20Y;4;4427.13
11315;8823;SOFR;6M;4;-8145.05
10917;2909;SOFR;20Y;4;-7014.143045609657
11002;7477;Estr;20Y;4;6169.75
13462;6465;SOFR;25Y;5;-2532.28
11773;4659;FedFunds;6M;6;-3378.6425423804794
12714;8485;FedFunds;15Y;8;-2584.36
10262;1954;Libor;15Y;6;2085.21
10198;6182;Sonia;10Y;8;-314.0
10257;2913;Estr;3M;5;-8219.340792410188
11875;4850;SOFR;1Y;2;2509.65
10037;9958;Libor;20Y;4;-2173.7808342430294
10060;6854;Sonia;1M;7;-7888.02
12042;6289;Estr;5Y;6;870.3541842900113
13479;8634;Euribor;1M;1;-1895.8318757889592
10865;3052;Estr;30Y;6;4642.35
10221;3074;Sonia;1Y;9;8489.74
10707;2920;Sonia;6M;5;622.554269305643
12934;1305;SOFR;3M;9;-8602.5
11166;4235;Estr;25Y;2;1621.256547270228
13297;8257;FedFunds;2Y;5;-2753.005459524634
10509;2531;SOFR;30Y;5;-5665.283206632926
10675;8361;Libor;1M;5;-1658.49
11836;9252;Libor;25Y;9;-5213.635875414947
13419;3935;SOFR;20Y;6;11129.62
11219;9118;FedFunds;30Y;2;-3098.00734891758
13029;1169;FedFunds;1Y;2;6754.51
12780;6250;Sonia;2Y;3;-7964.38
12579;7598;FedFunds;1M;9;12256.704451837086
10523;5005;Libor;6M;1;5768.947940576684
11632;7981;SOFR;6M;7;-10569.019008530235
11463;6501;SOFR;25Y;8;2349.3986509062734
11685;2025;FedFunds;1M;8;-1367.3602140920411
11184;9613;Estr;1Y;6;9409.312157124572
10123;8266;Libor;2Y;4;5330.040714569035
11806;4430;SOFR;10Y;5;-937.6311408978275
11947;8636;FedFunds;1Y;1;-4108.53
10881;8504;Euribor;1Y;5;8004.899216576888
12150;7412;Euribor;3M;4;6723.5869083702
10669;1205;Estr;6M;9;2022.33
10227;7212;SOFR;30Y;7;932.6650204472362
10467;7164;FedFunds;15Y;4;-8667.14
10411;3279;SOFR;20Y;3;7940.55
12584;9168;Sonia;1Y;6;-4797.754278476844
11395;9428;Estr;3M;5;-3912.248496152315
12032;5861;Sonia;25Y;4;-3482.62
12128;4925;SOFR;3M;2;-3584.076341919322
12073;5735;SOFR;15Y;6;-9424.78
10326;2274;Euribor;3M;8;-5395.7
12529;8959;Sonia;5Y;4;8983.55
10751;5637;Sonia;10Y;3;6234.753972020839
11331;2353;Sonia;1Y;2;-4235.470784462454
10526;2455;FedFunds;15Y;1;11272.26
10481;6546;Libor;3M;1;-549.54
11415;8450;Sonia;15Y;1;-2195.523211203159
11130;7704;SOFR;20Y;4;1393.9074914842367
13483;9452;FedFunds;1M;6;-5023.762221290897
11555;3170;Libor;1M;5;5235.779468518852
12017;2919;Sonia;10Y;6;3147.333572159362
10669;1205;Euribor;5Y;5;-3268.59
10762;9235;Libor;2Y;6;10984.73
12217;9831;SOFR;1Y;7;4684.232769337348
10608;6621;Sonia;1M;5;-1090.9174512664886
11310;2044;Euribor;1Y;3;3355.889212653876
12266;8727;Estr;5Y;7;6625.05
10314;2394;Sonia;3M;4;-2917.42
10479;3113;SOFR;1Y;2;9511.87884255459
11057;7691;Sonia;3M;9;5319.253000393038
10115;7819;Sonia;6M;3;169.38
11911;6592;FedFunds;30Y;8;-3707.422434349236
10824;2666;SOFR;5Y;1;3816.98877153298
10014;8916;Estr;1Y;1;-218.61772337618777
12888;4317;Sonia;3M;6;13458.661215486056
12891;7936;Euribor;3M;3;-2566.09
12803;2549;Libor;25Y;6;-3709.46
12952;6656;FedFunds;25Y;5;-1524.4012435950585
10533;7132;FedFunds;20Y;5;10525.23
12325;4032;SOFR;30Y;8;-758.1
10169;7413;Euribor;3M;7;6026.401062734646
11763;2501;Euribor;10Y;7;-601.53
13337;2848;Euribor;3M;4;-9525.85
11051;3933;SOFR;1M;3;230.14232433476081
12783;7337;FedFunds;2Y;8;808.4545638952767
12822;4038;FedFunds;1M;7;-10458.91
11951;7852;FedFunds;5Y;1;3232.930923999238
12195;9253;Libor;3M;9;-8301.478835436597
10273;2136;Sonia;3M;4;5215.72
10535;4741;Sonia;20Y;7;-7013.54
11021;7040;Libor;10Y;9;4351.92
10320;5555;FedFunds;25Y;7;8653.17
11538;3261;FedFunds;10Y;7;-5626.675186542868
11742;7839;SOFR;1Y;7;-2514.3
11063;4829;SOFR;1Y;1;-3139.2809297247763
10166;4490;FedFunds;10Y;8;-7010.00160061711
11125;1153;FedFunds;1M;8;-5287.5
11592;8413;FedFunds;30Y;1;-4315.104136131655
11766;5018;SOFR;25Y;4;-1037.04
10257;2913;SOFR;1M;4;8376.95920758981
13362;6709;FedFunds;2Y;1;4479.56
11820;2883;FedFunds;1M;1;4524.055281030955
10410;7172;FedFunds;2Y;4;-179.23247273055358
10518;7581;FedFunds;6M;1;-4375.064650297318
13459;3529;Estr;5Y;4;-7089.93
10613;7469;Libor;1Y;2;5727.066093435797
10296;7731;Estr;2Y;5;4637.01
10140;7677;SOFR;6M;3;-4743.93
12224;6291;FedFunds;2Y;9;-3619.489317429283
11298;5141;Estr;3M;7;-4217.19
12198;2345;Euribor;25Y;3;9802.52796669462
11809;7747;Euribor;25Y;9;2276.633741648356
11798;1889;Sonia;10Y;4;1797.4435494643808
10163;1009;Euribor;3M;8;4342.49
12547;9339;Estr;10Y;8;1760.02
12909;3416;SOFR;3M;8;7974.36
11832;5867;FedFunds;6M;6;6759.521014637368
10985;3646;Libor;1Y;1;-3289.0457861281147
13201;5487;Sonia;15Y;6;2760.654686024896
10355;7787;Libor;5Y;4;-706.8677481037844
13145;2217;Estr;25Y;8;-9815.766475032264
11362;2906;Euribor;1M;2;-2072.7937435745257
13127;7448;Euribor;6M;6;5983.86
12161;8274;Estr;5Y;3;1506.23
10604;9662;Sonia;10Y;3;5486.09
12988;5075;Libor;1M;5;2874.66
11181;7496;Libor;1Y;3;-4344.05
11273;8718;SOFR;3M;5;-3229.1046828187073
12563;1429;Estr;25Y;2;4469.58
12241;8746;Estr;3M;3;-3428.46
11204;9605;SOFR;10Y;9;5111.5459674639305
11118;1888;Libor;20Y;2;-828.2678207498798
13154;6392;Estr;5Y;5;6490.37
12086;9167;FedFunds;25Y;1;6012.64
13271;1568;SOFR;1M;4;-2331.256693760689
13413;5053;Libor;1M;3;-2398.95
11605;8999;Estr;10Y;7;4608.8
10876;8962;Libor;1M;8;3129.39
12369;3606;Estr;30Y;6;3187.895914045179
12313;9035;Estr;1Y;6;3542.75882891349
11396;3681;Libor;1Y;6;-4121.34
11408;6330;SOFR;2Y;9;46.00448399293009
13481;8237;Estr;3M;1;-7106.722783879062
10095;3782;SOFR;1Y;8;13276.63
11923;1726;SOFR;15Y;7;-1712.9
11340;8867;Euribor;2Y;4;3362.19
10143;7493;SOFR;3M;9;6057.2
12272;9567;Euribor;1Y;2;-1943.78
13217;7705;FedFunds;25Y;9;-10475.88
10173;3192;Euribor;5Y;7;3898.14
10784;1067;Sonia;5Y;9;-4189.593621910585
13385;2526;Euribor;5Y;6;-4544.7450488760105
13483;9452;Libor;15Y;6;-4671.962221290898
12511;2672;Sonia;1M;4;2528.14
11444;4232;Sonia;1Y;2;-11145.69
13488;4754;Euribor;25Y;7;5391.452531115058
10143;7493;Sonia;1Y;5;1069.33
11516;4241;Sonia;15Y;5;-411.5399669295739
10892;3541;FedFunds;5Y;6;-5739.992293421313
13438;2925;SOFR;3M;6;10615.67
12262;6715;Libor;6M;9;-2554.37
13149;9576;Libor;15Y;6;5682.855214851768
11729;2054;Sonia;2Y;3;2976.25555850994
11210;4645;Euribor;5Y;3;6095.73
10576;2863;Sonia;3M;4;9551.359618283781
13101;8347;FedFunds;25Y;9;1428.9878427576646
12461;6761;FedFunds;10Y;1;8667.66
13469;8097;Sonia;30Y;6;-967.9926190482402
10797;8129;FedFunds;3M;6;-11837.87
11763;2501;Euribor;20Y;9;2605.19
11094;8325;Estr;15Y;4;-951.3881684139342
11703;6241;Libor;5Y;4;7704.884486532324
12693;9783;Estr;2Y;3;1156.49
11088;1192;Euribor;6M;4;2051.7765190373384
12381;5595;Sonia;1M;2;-2536.89
10693;3606;Sonia;15Y;9;3129.790725694617
12603;5177;SOFR;2Y;1;-6808.85
10250;5388;Estr;1Y;9;-4065.92
10194;5971;FedFunds;1Y;4;-951.0325068072457
10155;2733;Libor;6M;7;4822.196984029228
11746;6873;Estr;3M;3;3215.24
10422;6607;FedFunds;1M;2;1660.56
11292;1282;Estr;3M;9;-3068.4378260177473
13362;6709;Sonia;20Y;9;6652.09
10525;8616;SOFR;1Y;7;-8479.02
10551;3011;FedFunds;20Y;4;3422.04
11953;4932;Estr;5Y;8;-4932.349437052699
10458;8462;Euribor;25Y;4;5004.42
11806;4430;FedFunds;15Y;8;-9852.731140897828
11243;9177;Libor;20Y;3;-266.11
10024;7019;Estr;10Y;5;2327.8086132551775
11568;8581;FedFunds;10Y;9;-4864.06
11722;1415;Estr;10Y;4;-2257.67
10732;2029;SOFR;25Y;8;5855.95
11927;6044;Libor;2Y;4;2302.69
11081;8104;Libor;3M;7;-2132.86
11589;8325;Sonia;15Y;6;6133.41
13349;5714;SOFR;1Y;7;-7830.986346711578
11473;3835;Euribor;25Y;4;7986.01
12922;2210;FedFunds;25Y;5;-2829.543472277558
12702;1933;Sonia;25Y;7;778.8983258803239
10172;8804;Estr;1M;7;672.3004549630967
10684;7426;Sonia;1Y;5;-6873.41
12639;8699;SOFR;10Y;7;-4108.88
12557;5988;Euribor;1Y;1;1512.1321234890406
11453;9587;Estr;15Y;3;1646.14
13039;6578;Libor;5Y;7;-1268.7887837141466
12481;1388;Euribor;3M;9;5710.49
11926;2914;SOFR;20Y;4;7534.02
10467;7164;Sonia;1M;1;6566.47
12523;4083;SOFR;2Y;7;5849.52
10378;8446;SOFR;20Y;4;7532.98
12291;9772;Euribor;10Y;9;-929.9058725907516
10877;8984;SOFR;5Y;9;-3442.5375736285623
12237;6965;Sonia;30Y;8;-8245.362122443088
10529;6482;Sonia;15Y;2;-8526.69
12430;3268;SOFR;20Y;4;-2942.98
10983;6185;Sonia;25Y;1;1572.0693230231836
10538;4808;Euribor;3M;7;-4995.16
11004;3313;Libor;6M;7;9439.406141582898
12886;2436;FedFunds;3M;3;5121.05
10839;4871;Libor;2Y;9;7366.797120757558
10642;1619;Libor;1M;8;-160.62
10813;4318;SOFR;20Y;5;-8405.75
11334;3032;SOFR;5Y;1;8965.91
12943;9066;Libor;30Y;4;2163.035115490715
12989;9053;Sonia;6M;4;817.6945873306968
12270;7837;Libor;10Y;4;81.21362752619598
12217;9831;FedFunds;6M;8;-6599.937230662652
10911;3843;Estr;30Y;5;2415.45
12930;1615;SOFR;2Y;6;378.58
12178;9722;Euribor;10Y;9;-2675.96294596009
12757;9962;Sonia;30Y;6;736.4724351750071
11141;6365;Sonia;3M;1;-13194.42488907145
11864;5549;SOFR;2Y;6;7823.5629073873
12885;8383;Libor;3M;1;-7896.91
10477;6774;Euribor;5Y;8;-4243.198706521699
11191;8422;SOFR;30Y;1;-4368.418741630276
10169;7413;Euribor;3M;7;-2506.098937265354
10052;9050;Euribor;20Y;1;1152.7720671230222
13414;8313;FedFunds;1M;7;-1865.612725223653
11279;1969;Sonia;3M;3;817.3440408622928
12079;7205;SOFR;5Y;8;-1190.267212356817
13018;3284;Estr;20Y;6;-5244.87
10619;8703;Euribor;15Y;2;-6346.913088535231
11312;7093;Estr;25Y;9;8908.268767566455
10782;9305;Estr;30Y;8;9603.24565425822
10860;3341;SOFR;2Y;5;1220.2191030759896
13131;6305;FedFunds;2Y;4;12877.1
12073;5735;Libor;5Y;4;-10195.77
10150;5632;Libor;5Y;3;8313.384730574127
13250;4837;Euribor;1M;9;2012.22
11642;5803;Libor;10Y;8;3831.49
12330;2459;Euribor;10Y;6;-3418.2778829160657
12625;3693;Estr;10Y;7;6408.339533927759
12017;2919;Euribor;30Y;3;4073.9235721593623
11509;5798;Sonia;10Y;2;-8115.17
11661;5300;Estr;5Y;4;4376.006575606754
12085;3249;Estr;1Y;9;-132.92495536758588
11310;2044;Sonia;10Y;7;3669.389212653876
10155;2733;Euribor;2Y;8;6861.2269840292265
10020;9996;FedFunds;1M;6;-1400.9971128889024
11637;5477;Euribor;1M;2;6484.04
12738;3928;Euribor;3M;6;1888.1510192179237
13422;8641;Euribor;2Y;3;8987.32
12316;3586;Libor;10Y;6;-2883.51
10160;7469;Libor;20Y;4;-4069.5757295679605
11804;8313;FedFunds;25Y;2;4946.078029065762
13396;1561;SOFR;2Y;7;2174.14
10495;7450;Sonia;3M;4;8741.15
10804;5145;Libor;5Y;5;768.2
13037;3699;Libor;6M;3;205.55342213809718
10495;7450;Sonia;3M;1;7878.03
10764;9995;FedFunds;2Y;4;-5228.24
10553;2054;Estr;20Y;1;5654.46755349361
12809;8177;Euribor;30Y;6;7352.341367849434
10775;3875;Euribor;10Y;3;-2229.21
13195;8257;FedFunds;6M;8;10032.28
12861;3372;Euribor;1M;3;-6714.08
10857;7305;Libor;6M;3;5991.62619050953
13481;8237;SOFR;10Y;4;10486.827216120939
11140;6311;Sonia;5Y;3;1567.84
12632;8040;Euribor;3M;3;4758.234284972816
13093;1090;Libor;5Y;7;2547.6127232275753
10062;1784;FedFunds;1M;4;-1469.62
11173;8318;Libor;5Y;1;-718.9184615622244
11981;6604;SOFR;15Y;4;3513.4283879807417
11610;9459;Euribor;20Y;6;2605.368466820037
10623;4709;Libor;15Y;9;6345.56
11113;1666;Euribor;15Y;8;9690.24
10027;3693;Euribor;1Y;2;-4309.791857181002
12867;4624;Estr;3M;2;2649.673571099768
13172;8802;Sonia;20Y;2;7594.803194029073
12622;8411;Sonia;2Y;2;523.428697669509
11300;7683;Euribor;1M;7;4198.545141849967
11889;5681;FedFunds;25Y;8;-2520.01
12412;1981;FedFunds;1Y;5;1687.83
11651;1986;Libor;30Y;7;-8490.279965595144
11687;2298;Euribor;10Y;6;3605.8232191476955
12661;4936;Euribor;2Y;1;3994.7037948617008
13069;2358;Sonia;5Y;1;-4628.65302839964
11558;7499;FedFunds;2Y;9;559.8086953905804
12631;6426;Estr;25Y;2;5884.67
12378;4811;Libor;15Y;1;-4222.01
12412;1981;SOFR;10Y;7;7130.88
12661;4936;Libor;10Y;8;82.93379486170079
10357;6047;Estr;3M;3;-2448.1222674802793
12141;6768;Sonia;6M;9;-2938.24
10695;6941;Estr;15Y;9;3766.6278383197514
12792;9707;Libor;10Y;6;-6705.228346337703
10386;8629;SOFR;5Y;2;-13685.4
10385;9785;FedFunds;1Y;7;-4979.21
10036;6791;Estr;3M;4;-5872.34
10553;2054;Sonia;1M;7;2193.23755349361
12109;9325;Euribor;5Y;3;6435.38
12886;2436;Estr;15Y;3;-3240.902046736494
11145;5500;Euribor;25Y;2;-961.4020476140336
13097;2403;Libor;2Y;6;3415.3
12537;1813;Estr;20Y;8;-3887.6626734355164
11349;5006;Libor;20Y;2;3430.92
10319;3113;SOFR;30Y;3;8126.518328524868
11444;4232;SOFR;15Y;9;-5391.03
12703;9261;Libor;2Y;6;7409.606854635303
12558;9166;SOFR;3M;5;3838.842009192423
13122;3922;Libor;1Y;7;7239.27
10541;2628;SOFR;1M;5;4176.62
11903;3980;Estr;5Y;7;2782.369646745259
10976;7106;Euribor;1M;8;-306.7480756385894
11908;5513;Euribor;25Y;3;3964.7480087150884
10023;2484;Sonia;30Y;4;936.0211767507656
10203;9038;Euribor;2Y;6;-117.82366924116457
11252;3581;Euribor;5Y;4;1060.04
11030;9052;Euribor;1Y;8;7984.17022514661
12297;6025;Libor;2Y;5;-2255.15
12379;7862;FedFunds;15Y;4;5973.82
11626;5348;Sonia;5Y;9;683.8151981273516
13084;6272;Sonia;10Y;4;777.7924507527287
12732;9083;Libor;5Y;8;268.433483180419
10851;3863;SOFR;25Y;3;6374.058906812986
13294;6765;Estr;20Y;5;5307.93
11940;4659;Estr;25Y;3;-11452.09
11779;4785;Estr;1M;6;-4416.52
12819;4449;Sonia;1Y;8;2150.99
10378;8446;FedFunds;25Y;4;5621.93
10793;5749;Sonia;6M;1;1912.76
13121;1862;Estr;25Y;9;507.61358657187293
11375;7475;SOFR;20Y;6;2514.53
12511;2672;Estr;6M;2;-3297.41
10096;8266;SOFR;1Y;8;32.84588480883781
12130;5071;Sonia;20Y;3;4134.8
10740;3294;Libor;25Y;1;-3021.667422981618
12650;5025;FedFunds;1M;9;-1932.23
13049;4759;SOFR;6M;8;2754.776761742677
11778;1437;Sonia;5Y;8;-10659.65
13154;6392;Euribor;2Y;9;-3511.1
11840;4185;Libor;10Y;2;1124.0
13037;3699;Euribor;5Y;4;3847.143422138097
10097;2167;Sonia;2Y;4;-849.75
12792;9707;SOFR;25Y;4;-1316.9583463377028
11627;6873;FedFunds;10Y;4;-3356.2527189585453
12080;8470;FedFunds;2Y;3;2230.42
10214;8083;Sonia;20Y;7;-6797.204265018588
11852;7474;Sonia;3M;1;2241.886573430639
12519;7643;Estr;15Y;4;1468.76
10269;5286;SOFR;20Y;8;8325.22
12906;1049;Sonia;1M;6;116.8
11409;8647;Libor;30Y;6;10254.57
12052;2614;SOFR;10Y;7;6573.995745849665
11108;3460;FedFunds;1Y;2;3618.69
13176;3018;Sonia;10Y;1;-2975.7038317232186
10087;1417;Estr;10Y;9;-2787.074815587131
10713;7136;FedFunds;1Y;4;-3772.7258005722797
12216;3057;FedFunds;2Y;9;13222.52
12700;6642;SOFR;30Y;7;14235.89888453458
12344;4833;Libor;30Y;3;-6191.022746488606
10198;6182;SOFR;20Y;8;2089.58
12142;8686;Libor;1M;5;5763.874840893595
13433;7153;SOFR;25Y;1;5075.05179970258
11006;4917;SOFR;20Y;8;6644.43
12559;1085;Euribor;3M;6;4304.144584208241
10858;3230;Libor;20Y;3;9186.14
11167;7353;Sonia;25Y;1;-222.04463243198688
12790;3076;FedFunds;15Y;4;-6083.9273988064115
10935;9713;SOFR;5Y;9;-1316.9656937737464
11714;7107;Libor;30Y;6;-1057.3902198114101
13405;6519;Libor;20Y;9;4809.052665139443
12098;2400;Estr;1Y;5;-6143.21
12122;5942;Sonia;2Y;6;-4108.46802315491
11927;6044;Euribor;10Y;9;13939.12
10075;8404;Sonia;30Y;6;3602.7940439210342
10547;7990;Estr;10Y;6;2476.81
10413;8340;Libor;20Y;4;5202.45685469849
12537;1813;SOFR;1M;2;-3026.072673435517
11111;4161;Libor;30Y;9;5800.933160231414
13037;3699;SOFR;20Y;9;9792.113422138096
10119;5804;Euribor;25Y;6;-7181.73
10695;6941;Euribor;2Y;8;-5953.922161680248
10872;5500;SOFR;5Y;4;-4259.46
12031;9839;Sonia;6M;1;7657.62
12270;7837;Euribor;3M;3;5693.763627526196
11590;9234;SOFR;10Y;6;515.8462750003937
10461;1162;FedFunds;2Y;3;-11575.98
11885;6828;Estr;15Y;7;6800.239028849538
12837;3758;Libor;30Y;4;9951.68
12326;4299;Euribor;2Y;7;-109.86130231064772
11149;4840;Libor;2Y;7;3845.275562646332
10170;3898;Libor;30Y;2;-132.07
10262;1954;Sonia;15Y;4;1358.62
11445;2824;FedFunds;10Y;1;-2765.745367401175
10749;7773;FedFunds;10Y;6;1679.03
12100;4469;Euribor;20Y;1;8649.788472736167
12923;9689;SOFR;1M;5;-1075.78
10565;7652;SOFR;3M;2;-5053.75
10507;8789;Sonia;15Y;6;-5609.85
11528;2834;Sonia;25Y;5;-2021.51
12156;4285;Libor;25Y;3;-10113.54
13442;5680;SOFR;15Y;8;6886.540897196979
12500;3471;FedFunds;25Y;7;-8572.95
11471;1581;Sonia;3M;6;-7732.72
10345;3875;Sonia;15Y;2;-3900.9350473294944
10567;9848;SOFR;3M;4;2879.16
12042;6289;Sonia;3M;5;-6116.84
13320;7849;Estr;10Y;5;3848.31
11954;8147;SOFR;5Y;6;-2641.44
10311;1956;Estr;6M;1;-7898.92
12308;1557;Euribor;25Y;9;-4343.37
12581;2317;SOFR;20Y;7;-3881.6
10369;7764;Estr;25Y;9;5013.51
13291;3003;Libor;1Y;3;-2893.5685538584685
12942;2561;Euribor;5Y;8;-5314.84
11681;8714;Euribor;30Y;3;3237.059602602116
11750;7403;FedFunds;2Y;1;6098.787474410626
13229;7160;FedFunds;15Y;5;-3127.46
10452;3125;Estr;25Y;2;-8099.33
12842;1751;Sonia;3M;5;2724.31
13078;4354;Estr;3M;1;1945.72
13496;1867;FedFunds;15Y;7;-1212.038578563469
10330;1125;FedFunds;1M;7;12113.963420025191
10188;2792;FedFunds;15Y;2;-1657.48
11778;1437;Libor;5Y;6;-1182.56
10211;5177;SOFR;1M;1;5713.52
13196;6938;Sonia;25Y;6;2734.9471769294632
13222;5779;Estr;20Y;9;1854.54
11614;2721;SOFR;15Y;8;8823.048671055283
13328;6562;SOFR;1Y;7;1907.0654989021032
13429;1448;FedFunds;2Y;7;931.0213308680654
12150;7412;Estr;30Y;9;-6389.2830916298
13057;1307;Libor;20Y;7;4273.54
11440;2777;Estr;15Y;1;-3289.14
11550;2702;SOFR;6M;8;-10482.583816643835
10247;9436;Euribor;25Y;6;6417.04
11547;5264;Libor;10Y;1;-1684.150300281286
13150;3134;Estr;3M;7;-4119.408204191937
11629;9283;SOFR;2Y;6;1345.42
13002;4811;FedFunds;25Y;2;2467.9444862763708
12603;5177;Estr;6M;1;4416.31
10406;5798;Sonia;30Y;1;7084.96
10515;1660;Estr;3M;9;8730.17
11187;5402;Libor;6M;2;2962.09
12368;1005;SOFR;3M;5;2283.68
11905;5796;Euribor;6M;9;-1069.55
12544;9046;FedFunds;25Y;4;-377.62789864742854
10277;9073;Euribor;2Y;9;1854.67
11081;8104;SOFR;2Y;2;-3022.38
12527;2500;Libor;1Y;1;-3403.6200332838926
11476;7166;SOFR;5Y;6;2728.5654928034924
12671;6840;SOFR;20Y;3;1878.28
11531;2439;Libor;25Y;3;-12001.89
11957;7875;FedFunds;3M;1;6569.669995553322
10191;4507;Sonia;3M;7;6070.82
10848;7320;Sonia;1Y;7;2463.3
11027;7772;Libor;5Y;1;-1056.44
13224;4563;Estr;1M;3;-4162.3159574024
10177;1950;SOFR;6M;4;-4659.14
11361;1754;Sonia;25Y;7;1991.0819443758003
12671;6840;Euribor;6M;9;-7536.706516065537
11606;6310;FedFunds;20Y;8;-4691.77
10369;7764;Libor;3M;2;-5892.56
11188;9167;Sonia;3M;5;-1909.0569278773357
10332;7294;FedFunds;6M;6;11495.815059536892
10580;4906;Sonia;25Y;1;-1151.37
11412;2541;FedFunds;2Y;2;7456.3
13381;9062;Sonia;6M;3;-6219.45289613184
10519;7748;Libor;15Y;7;-5906.98
11021;7040;SOFR;10Y;2;12910.28
12450;4145;Sonia;1M;4;1212.25
11514;3098;Euribor;30Y;6;-8945.358140123108
12926;1594;FedFunds;20Y;8;4322.22881238294
10338;4124;SOFR;30Y;9;-818.2
12072;1376;Libor;15Y;8;-1711.71
10165;3832;Estr;1M;2;-3250.9336236490376
13154;6392;Sonia;10Y;5;-6606.96
11139;3831;Euribor;20Y;3;260.29
13354;7882;Libor;6M;1;-4148.1011888486
11539;1238;Euribor;5Y;5;842.212736927313
11202;8211;FedFunds;1Y;8;4701.766845039398
12560;7447;Euribor;1M;3;-2643.05
12952;6656;Euribor;5Y;4;1312.4587564049416
11346;2392;FedFunds;20Y;8;-4957.41
11355;5710;Estr;5Y;4;6789.23
11646;9741;SOFR;15Y;1;2878.834034733949
12815;8263;Estr;3M;7;2368.195825122568
13171;7930;Euribor;10Y;9;-21.635492984010398
11979;6660;FedFunds;5Y;3;-10107.61
10996;7559;Libor;5Y;2;-8841.06
11046;9264;SOFR;5Y;3;-4982.3782268591385
10835;3828;Libor;5Y;2;827.85
12263;3745;Libor;10Y;3;-800.1108544841585
12762;5983;SOFR;20Y;1;-9417.7
10676;1406;Sonia;30Y;8;7749.26
11744;7182;SOFR;1M;9;11250.830794196854
10704;7409;FedFunds;10Y;2;-12590.675626421487
11214;5222;Libor;1Y;7;9886.42
12576;3567;SOFR;5Y;2;894.5038034899592
10481;6546;Sonia;2Y;4;-3292.7
10048;6592;FedFunds;25Y;9;-13441.594600186174
12793;9748;Euribor;20Y;9;-794.370785606131
12249;8053;Libor;30Y;3;1633.78
11304;4787;Sonia;25Y;8;771.9272532858961
12269;6399;Estr;1Y;6;-2009.09
10394;6179;FedFunds;1Y;3;-235.89301151305563
11476;7166;SOFR;3M;9;-5725.884507196508
11431;8314;SOFR;25Y;3;-2221.550684641193
12515;8813;Sonia;1M;3;1472.59
12919;4809;Estr;20Y;6;8352.02
13183;5865;SOFR;30Y;4;5155.09
11511;2353;SOFR;5Y;5;-3445.22
11277;2211;Euribor;30Y;8;-11643.92
12109;9325;Euribor;15Y;4;6874.02
13451;8280;Sonia;25Y;3;2596.370682904457
10187;5146;Libor;1M;2;3350.7998320134643
10923;2907;FedFunds;1Y;1;-7097.3
13114;4685;SOFR;15Y;6;749.3777754982435
11766;5018;Euribor;30Y;3;10459.59
11120;1924;FedFunds;20Y;9;-1200.15
11693;1565;SOFR;10Y;6;-3197.6074678562018
13378;1140;Libor;15Y;7;752.45
12326;4299;Euribor;15Y;9;2100.0386976893524
13083;6848;Libor;20Y;2;2206.82
10703;5195;Euribor;5Y;5;3477.5
10029;6864;FedFunds;1M;8;-195.89422484882198
12181;8379;FedFunds;15Y;4;-3315.56
10079;7617;SOFR;30Y;8;-8545.55
10446;1593;Euribor;15Y;3;-8331.260406557858
10032;7585;Estr;5Y;4;875.0720141465204
10702;2742;Estr;5Y;2;1915.7
12331;6196;Libor;15Y;7;-2641.17
13081;5999;Estr;6M;1;-4187.64
10329;5585;Libor;2Y;6;-5226.67
13419;3935;Estr;3M;9;-3377.31
10386;8629;Sonia;3M;4;-6686.94
12409;2781;Estr;2Y;9;3356.748360183003
11338;5868;Sonia;2Y;2;-11220.509381332622
11597;4414;Euribor;3M;4;5085.944268082769
11668;1256;Estr;3M;9;339.44777101240015
10432;2376;Sonia;10Y;8;5951.02
10521;1771;Libor;2Y;7;-4018.65
11044;2140;Libor;1Y;7;-1851.17
10642;1619;Libor;1M;4;9407.94
12895;4934;Libor;15Y;3;-5537.214460082294
12219;4597;FedFunds;5Y;4;3321.57
12109;9325;Estr;15Y;6;-893.0
11501;8320;Euribor;20Y;5;-509.88
12033;7156;Euribor;5Y;9;-689.7353205171178
11005;5056;Estr;2Y;6;8775.51
11909;1255;Estr;5Y;7;2122.3845138769925
13375;1743;Euribor;30Y;1;-2158.3233935763046
13448;8892;Euribor;1M;7;-10630.55
11544;3367;Estr;25Y;5;9006.11
10918;7382;FedFunds;5Y;1;3748.61
10786;6741;Estr;30Y;9;-1856.69
12635;3882;Estr;25Y;7;-6326.3
11398;3072;Euribor;15Y;3;3680.403211972826
10739;9306;SOFR;1Y;6;11931.027405784893
11889;5681;SOFR;10Y;5;452.0
12479;3261;Estr;3M;3;-2489.2566924909106
10121;3193;Libor;3M;4;5392.05
13264;5102;SOFR;5Y;9;6887.27
12871;8902;Sonia;1Y;9;-4372.7290551938795
10484;7971;Euribor;5Y;1;1464.95
11227;6398;Libor;30Y;7;10980.03
10648;4638;Sonia;1M;2;-2297.3065494222697
12539;6007;SOFR;10Y;3;-6483.211188230052
10192;1536;Sonia;3M;7;-7854.07
12126;7656;Euribor;25Y;4;-6669.824691508095
10498;1155;Libor;20Y;7;-2050.8
10031;2998;FedFunds;1Y;9;-1691.0249616544315
10732;2029;FedFunds;30Y;1;-11537.37
13447;6607;Sonia;2Y;5;326.19152767722426
13090;2151;FedFunds;2Y;8;3232.88
12435;3765;Euribor;5Y;2;-9049.225398397493
12743;3954;Sonia;2Y;4;6391.62
11311;5917;Libor;1M;9;3893.75199438151
13168;7191;Sonia;2Y;1;-2792.22
11087;3118;Estr;2Y;5;-2314.9
12450;4145;Euribor;6M;4;4068.27
12000;2620;SOFR;1Y;4;9880.31
12115;6008;SOFR;6M;3;-937.83
10354;8311;Sonia;25Y;6;2175.3801741410352
13491;6177;SOFR;15Y;9;11765.95138643179
10764;9995;SOFR;2Y;1;10823.09
11541;9023;Libor;25Y;4;3476.4565653483014
11724;4816;SOFR;5Y;2;-1831.6456133977154
13204;3609;Sonia;1Y;4;-2092.93
12834;8160;Estr;10Y;2;8811.13
11395;9428;SOFR;1Y;4;-4187.838496152314
11253;3443;SOFR;30Y;5;1805.12
12949;9603;Libor;15Y;6;-1014.2594816593341
10870;7686;FedFunds;20Y;6;-4270.807955134176
11863;3354;FedFunds;30Y;6;4800.69
13474;1360;Sonia;6M;3;-5911.673705094229
11765;2050;Sonia;1M;7;2385.66
11916;6974;Sonia;3M;8;653.46
11734;2937;Sonia;20Y;7;4566.43
11719;7249;SOFR;6M;5;-4666.2
10289;9782;Euribor;1M;1;1365.7583926764921
12229;8720;Sonia;6M;4;3511.6
10858;3230;Estr;1Y;4;-6325.47
13081;5999;Sonia;6M;4;-1239.16
10820;3535;SOFR;2Y;5;-5849.38
12778;7444;FedFunds;30Y;9;-580.3083631804334
11338;5868;FedFunds;25Y;4;7813.060618667379
10316;1525;Sonia;6M;1;4618.806923875019
10776;9092;SOFR;6M;8;1722.8251972962425
12284;3682;FedFunds;1Y;7;-3953.11
10841;4303;Euribor;6M;5;9270.12
10414;5940;FedFunds;10Y;8;8436.37002293626
10978;8680;Libor;20Y;9;-3003.3091734268573
12658;2239;FedFunds;3M;6;-5909.54
13215;5231;Sonia;5Y;9;1029.69
12005;3356;Euribor;15Y;6;-2389.29
12618;4475;Estr;25Y;4;-373.7423591731342
10628;6223;Libor;6M;4;1450.27
13225;4591;FedFunds;6M;8;-398.4178878964349
12205;2059;Euribor;15Y;5;3075.04
11098;9683;Estr;25Y;5;852.93
12584;9168;Estr;1M;8;1037.535721523156
11157;8557;Euribor;30Y;3;770.3091813829387
10710;4676;Estr;2Y;8;1953.8
13394;9464;Euribor;6M;1;-3046.81
11417;4095;SOFR;5Y;7;-4773.67
12215;8562;FedFunds;10Y;2;-7607.859483306691
12131;1184;Sonia;1Y;9;4659.62
12485;3105;Libor;15Y;8;952.0699904736939
12234;8111;SOFR;15Y;3;-6098.78
11976;2816;FedFunds;25Y;6;-1471.96
10238;8124;SOFR;25Y;9;10678.73
10619;8703;Euribor;20Y;3;-11122.68308853523
12661;4936;SOFR;5Y;1;3513.1937948617006
12464;7556;Estr;10Y;1;-6059.65
10699;6633;Estr;1M;5;-4457.454852214312
10017;3695;Sonia;2Y;9;-4515.43313114135
10698;8162;FedFunds;25Y;9;-5154.56757604747
11697;5927;Libor;25Y;4;7430.630598273395
12149;9006;SOFR;10Y;2;-2172.0183814453235
12531;1148;Sonia;5Y;8;-4134.7622599007655
10260;2290;Euribor;6M;4;-440.32615795641095
10094;8400;Estr;10Y;2;8302.65
12718;3995;FedFunds;2Y;5;1210.3734108537167
13367;8358;Estr;20Y;6;-5305.770455285265
12072;1376;SOFR;20Y;3;-3575.56
11255;4957;Estr;20Y;7;-2691.048300627239
11253;3443;Estr;3M;3;2457.2
11837;7609;SOFR;10Y;9;4850.85
13484;5275;Estr;3M;6;-2018.1831895434048
12528;2865;Euribor;2Y;8;-4135.17
12794;5852;Libor;3M;8;-549.8221574240615
12202;2392;Libor;15Y;9;-2107.7
11414;7571;Euribor;5Y;7;-3147.577017917635
11165;9534;Sonia;25Y;7;12528.44
11857;1065;Euribor;25Y;9;5252.54
11048;1178;Sonia;25Y;5;-1667.65
10717;2993;Libor;15Y;9;-9926.25
10522;3007;FedFunds;1Y;6;2290.11
10205;4462;SOFR;3M;3;1958.41
10474;4750;FedFunds;20Y;7;-8655.99
13119;4683;SOFR;6M;8;-6070.0
10837;4435;SOFR;10Y;2;3457.69
11021;7040;Euribor;1M;4;-5074.78
10246;4810;Estr;3M;7;-4830.59664061327
10818;4109;Libor;15Y;6;2104.822777914317
10319;3113;Euribor;10Y;8;-9111.821671475132
13307;6447;Sonia;1Y;7;-2614.523848720728
12498;4055;Sonia;2Y;1;-5527.86
12250;5964;FedFunds;5Y;8;3775.34
12671;6840;Sonia;1M;4;480.65348393446266
10492;1645;Estr;20Y;7;6327.4
11691;3666;Sonia;25Y;2;-4133.435282478349
12499;7373;FedFunds;2Y;7;1869.35
11895;7398;Libor;25Y;1;-2096.09
12903;5323;Sonia;2Y;9;6710.50560140508
12796;7658;SOFR;15Y;5;-7564.68
10832;2134;Libor;10Y;3;9582.481874577114
12248;7997;FedFunds;6M;6;861.1926748892429
11568;8581;Libor;1M;9;-3110.26
11396;3681;FedFunds;3M;3;-1857.09
12051;3366;Estr;10Y;2;-184.14607300182806
11887;6539;Estr;3M;8;-68.2
10029;6864;Libor;20Y;3;-566.7442248488223
12559;1085;Estr;25Y;7;-4259.515415791759
13163;4950;Estr;25Y;3;-7063.63
13419;3935;FedFunds;25Y;5;4557.81
10184;8783;Sonia;5Y;5;-8050.976735049137
12660;9102;Libor;15Y;2;-1357.2519386840404
12798;3749;SOFR;6M;1;-7025.21
13317;3846;Estr;2Y;2;7423.92
13252;4816;Estr;10Y;6;-58.138812865576256
13459;3529;SOFR;3M;2;1432.46
11249;7763;Estr;3M;7;3224.77
11429;1233;Sonia;30Y;9;238.45728055276413
11777;9625;Estr;5Y;9;8451.2
10815;6067;SOFR;3M;9;14437.95
10426;1685;Estr;5Y;6;5257.19
10298;7368;Estr;10Y;4;-1685.33
12275;4700;SOFR;2Y;5;-10786.76
10368;3349;FedFunds;1M;4;9749.18
10638;1492;Libor;5Y;1;11891.51
11038;7899;Euribor;30Y;4;1561.053234509729
11141;6365;Sonia;15Y;5;7346.79511092855
13325;4276;Euribor;5Y;9;9882.465820120678
11787;5080;Estr;25Y;9;632.0747297139778
10170;3898;Libor;1M;7;-527.01
13462;6465;Euribor;1M;7;9650.19
10749;7773;Estr;15Y;5;2787.86
11075;5435;Sonia;25Y;7;4953.29
12718;3995;Euribor;25Y;8;-3093.436589146283
10067;7293;SOFR;30Y;1;-217.92613064798206
12569;9368;FedFunds;6M;8;-37.000491531288844
12116;6645;Euribor;15Y;7;-12880.01
11521;9791;FedFunds;25Y;6;-4360.22
11450;1823;FedFunds;6M;2;132.64907891417306
13037;3699;Libor;20Y;8;8906.843422138098
13107;2586;Sonia;5Y;9;3102.2145391694785
12583;8399;Sonia;10Y;8;-814.59
13298;2624;Libor;25Y;8;4504.849585436845
10002;9322;Libor;25Y;2;8058.8222682212945
11911;6592;SOFR;15Y;1;-3999.1024343492354
12249;8053;Estr;15Y;9;-1647.55
13413;5053;SOFR;1M;2;9625.58
10549;7583;Euribor;6M;2;5332.658864870056
11289;1847;Euribor;1M;3;-2852.0302654515535
10632;9682;Euribor;20Y;3;-673.01
13297;8257;SOFR;2Y;2;1872.8945404753667
12836;3651;Sonia;1Y;4;-8019.640004231472
12909;3416;FedFunds;2Y;5;-2051.7
12250;5964;Libor;20Y;6;-3602.15
13115;1286;Estr;1M;7;6780.54
13279;3498;Sonia;20Y;2;-1937.52
10425;8128;Sonia;5Y;9;-7780.41
13450;4724;Libor;1Y;1;2140.19
12041;3913;Estr;3M;8;823.9898039763339
11905;5796;FedFunds;5Y;9;10798.57
10088;6745;Sonia;30Y;7;3733.0219753624833
10034;5737;Euribor;30Y;2;5429.37
11999;4955;Libor;2Y;9;5923.79
11561;1583;SOFR;15Y;2;3778.24
13295;7232;Euribor;25Y;9;7237.66
13009;7653;SOFR;25Y;8;7496.34
11532;1669;SOFR;10Y;7;-3580.591284250586
10627;6345;SOFR;25Y;4;1338.5
12433;5846;Euribor;3M;3;-7811.5288279574925
13413;5053;FedFunds;30Y;6;-13279.64
13207;6642;Sonia;2Y;3;1462.6
13057;1307;FedFunds;15Y;8;-1566.19
10930;4009;Estr;20Y;8;1032.964637636961
12953;2203;Euribor;10Y;6;11362.842032089371
10100;8056;Sonia;5Y;5;-3816.719591473564
12868;1684;Euribor;20Y;9;-2296.48
11613;7287;Estr;20Y;9;-3298.39
10112;7190;Sonia;1Y;4;4833.77
12235;4551;SOFR;25Y;2;9669.508129801176
11186;1654;Libor;30Y;3;5247.3
12328;2395;Libor;1M;8;2376.698151976606
11135;7048;Euribor;5Y;7;-435.86196930764913
11938;4067;FedFunds;6M;9;-5573.31
12750;1551;Libor;30Y;8;6351.697858721781
13130;3818;Estr;1Y;3;-4464.04
12136;1944;Euribor;25Y;6;9179.81
12756;5301;SOFR;6M;3;526.0812744159434
11190;5002;SOFR;25Y;9;3557.98
10697;2988;Sonia;2Y;8;-1692.19
10618;9578;Libor;10Y;8;-4055.25
12669;1827;Euribor;3M;1;4082.81
11699;7327;Libor;15Y;7;1493.7557592689755
13347;9168;Sonia;6M;4;-7488.294607300236
10162;2828;Euribor;1M;6;913.15
13322;6898;Euribor;25Y;9;7732.93
13496;1867;SOFR;3M;8;-2777.478578563469
12721;4220;Estr;1Y;7;-2095.24
11897;9065;Euribor;20Y;2;2274.757679653867
12415;2655;Euribor;3M;1;-4916.96
11088;1192;Euribor;20Y;6;-364.0934809626617
10920;1277;Sonia;1M;4;2326.68
12726;9420;Sonia;2Y;7;1909.3776251295449
11940;4659;FedFunds;15Y;1;-2576.08
12789;4797;Libor;2Y;2;6566.39
12353;9702;Libor;30Y;8;4249.32
11598;6295;FedFunds;1M;1;3975.78716659344
12327;6620;FedFunds;25Y;5;-9067.154254275783
12610;7374;FedFunds;1Y;8;-1589.331430084005
13349;5714;FedFunds;30Y;3;3293.0436532884214
11724;4816;Estr;2Y;8;8430.15
13253;3451;Libor;25Y;5;1311.46
10558;1785;Libor;20Y;6;-2033.03
11061;8389;Libor;25Y;9;764.74
12791;4577;SOFR;30Y;8;3512.98
13054;2220;Estr;10Y;7;-8279.36
11959;7900;Libor;1Y;5;-11190.23
10738;8081;SOFR;1M;3;-8849.3
13143;1087;SOFR;2Y;3;1035.87
11921;9860;Estr;2Y;7;5652.31
10332;7294;Sonia;10Y;7;-3786.124940463107
12135;6977;Estr;6M;8;-6418.43
12336;4729;SOFR;5Y;5;-2612.07
10347;7228;SOFR;6M;7;-587.6941358760268
13171;7930;FedFunds;10Y;8;-901.8354929840102
11986;6897;SOFR;25Y;7;5157.968340637141
10713;7136;Libor;3M;1;3327.1141994277205
10654;3161;Sonia;10Y;7;3522.34
11676;4614;Libor;6M;7;-5871.32
12227;5050;Estr;15Y;8;12540.28
12595;1527;Euribor;6M;3;-3227.4613618142976
11669;3460;Sonia;5Y;8;6469.19
11591;8631;Sonia;3M;2;6568.79
12600;9110;SOFR;25Y;7;-3205.32
10287;9984;Sonia;15Y;8;-3415.26
11908;5513;SOFR;25Y;5;7407.01
11936;8980;FedFunds;5Y;6;-3676.86
10483;6000;Sonia;2Y;1;2848.7808440308604
10766;1615;SOFR;2Y;3;-2029.8807443002102
10808;5134;Libor;3M;3;131.02
12700;6642;Euribor;6M;7;-10687.26111546542
11584;7651;Euribor;1M;9;3720.3618316321695
11796;4131;Euribor;6M;1;1236.26
13344;7028;FedFunds;10Y;8;10629.12
10832;2134;FedFunds;30Y;1;-7629.548125422885
10456;8999;SOFR;2Y;4;-678.79
12496;8282;Libor;6M;4;1301.810093194315
10625;7919;FedFunds;20Y;9;6711.2785400480425
12504;6450;Estr;30Y;1;890.1101984021991
12345;5537;Libor;20Y;3;361.83
10657;1660;SOFR;15Y;5;8196.24
11883;1120;Libor;10Y;9;-7346.98
12092;5916;Libor;3M;2;10934.49
11025;3387;Libor;15Y;7;118.45464915001139
12615;8868;FedFunds;15Y;7;1386.1256564616676
11639;6829;SOFR;25Y;8;8310.15
12596;6149;Sonia;6M;2;-7164.21
11056;7738;FedFunds;5Y;2;4660.29
11073;8265;Sonia;6M;3;-4723.4678283326375
11122;1156;Sonia;5Y;4;2784.3909127622137
10025;5636;Euribor;1Y;4;3790.36
12850;2212;SOFR;2Y;4;6435.523277534031
10498;1155;Euribor;20Y;4;8730.19
12410;6949;Libor;15Y;2;5390.499493987313
10873;7845;FedFunds;6M;6;-651.2564918312173
11422;6560;Euribor;30Y;5;3227.6505091062595
13103;9928;Libor;20Y;4;4535.78
10728;1195;Euribor;20Y;8;-4564.56577976933
11087;3118;Sonia;25Y;8;-6921.21
10054;6600;Libor;6M;9;-410.6195136081428
10738;8081;SOFR;6M;8;-2736.76
11312;7093;FedFunds;6M;1;-314.04123243354553
11698;2074;FedFunds;3M;5;-10456.58
11057;7691;Libor;2Y;3;-1697.2269996069617
11001;9022;SOFR;20Y;8;-3009.6
11949;5650;Estr;15Y;4;-123.73079917092491
12471;8970;Libor;25Y;5;8770.24
12432;8857;Euribor;25Y;3;-2677.7132589123516
10245;9502;SOFR;1Y;1;4346.941232297823
11448;3242;Estr;15Y;1;13165.26
11344;2770;Sonia;1Y;2;-2625.59
10106;5268;SOFR;15Y;1;5886.76
12353;9702;Sonia;30Y;7;-1089.08
13422;8641;Sonia;2Y;7;3222.57
12814;1098;Sonia;20Y;8;-4929.579850495929
11219;9118;Sonia;15Y;5;-2832.8973489175805
12966;4262;Libor;30Y;6;-339.1083695262646
12180;6213;FedFunds;2Y;3;5483.3186836490795
11746;6873;Sonia;1M;9;-843.28
11959;7900;FedFunds;10Y;6;8392.35
11865;3179;SOFR;10Y;1;2246.126930829846
11270;7030;Estr;3M;8;-1269.25
11599;6221;Sonia;1Y;9;5792.31
10544;8064;SOFR;20Y;6;5393.365306504162
13455;2517;Euribor;15Y;1;-8205.41
13371;7279;Estr;30Y;8;-648.34
12967;6376;Estr;10Y;3;-309.93
11280;8397;Estr;6M;2;-12393.88
10087;1417;SOFR;6M;6;3246.405184412869
10315;3958;SOFR;10Y;7;-2933.2349747892167
12186;3233;Libor;1M;1;6273.48
13220;9142;Sonia;6M;7;-2886.621992621982
12735;6918;SOFR;25Y;2;-1433.3171137204736
11941;1756;Libor;1Y;2;-2624.64
12698;4247;Sonia;6M;8;-8498.49
11809;7747;Libor;6M;8;-7686.496258351644
12599;3691;Sonia;2Y;7;207.97426744891254
13290;7154;Euribor;1M;4;12906.150859621528
12410;6949;FedFunds;2Y;1;1607.3094939873135
10274;2007;Euribor;2Y;7;-2072.3002321352774
11977;6228;Libor;5Y;3;-1107.293863161621
11338;5868;SOFR;25Y;3;-5785.379381332622
13017;9909;SOFR;1M;7;5112.97
13046;2987;SOFR;2Y;7;-1103.8456111155451
13159;2486;Estr;25Y;9;-5334.95
13178;5517;Sonia;6M;2;-1572.9
11085;1228;SOFR;6M;8;-1136.7288566036132
12142;8686;FedFunds;15Y;3;1124.1848408935948
13344;7028;Sonia;30Y;5;-3500.22
11065;6417;Euribor;1M;6;6713.107702942793
11959;7900;Libor;15Y;5;-3571.05
10675;8361;Euribor;6M;6;4709.61
10795;3690;SOFR;15Y;7;1760.0539439327686
12032;5861;Estr;10Y;2;-6250.32
13126;7172;Euribor;3M;5;1763.0788866838473
11130;7704;Estr;1M;6;561.2574914842367
11457;2736;Estr;6M;1;6246.908046238386
13307;6447;Euribor;20Y;6;1909.3561512792726
12042;6289;FedFunds;15Y;5;-15124.485815709988
11183;3665;FedFunds;25Y;6;2040.7687226827452
12152;3415;Libor;1Y;3;651.21
10895;6054;Euribor;6M;8;5105.68
10938;8825;FedFunds;1M;4;-5489.78
10917;2909;SOFR;5Y;6;1140.6969543903442
10526;2455;Euribor;3M;1;-670.46
13051;9290;Estr;3M;1;-8670.390974801448
13235;2013;SOFR;2Y;2;4578.45
10257;2913;Libor;10Y;9;935.2892075898112
10429;9789;Estr;2Y;4;-6111.4933145831965
13409;3161;FedFunds;1Y;7;4043.28
11701;5284;Estr;10Y;5;-6193.897742151459
10756;9397;Sonia;10Y;3;-439.6505646333442
10328;6178;Sonia;2Y;2;9032.99927702172
12015;6055;Sonia;30Y;2;578.79
13224;4563;Estr;20Y;9;4199.204042597599
11571;9859;Estr;1Y;8;10743.88
10213;1804;Sonia;5Y;8;5599.4
12244;9052;SOFR;2Y;6;4267.41
10727;3668;Estr;6M;6;6145.185159671644
13403;2870;Euribor;1M;4;-4260.12
13281;9160;Sonia;5Y;8;-10858.803757741513
10545;7563;FedFunds;1Y;2;11076.99
12278;5257;FedFunds;30Y;2;-3326.08
11383;5155;SOFR;25Y;1;631.0478578870539
12864;5145;Estr;2Y;8;-1266.0589882550375
12184;4126;Estr;1Y;5;3402.91
10222;9646;Sonia;20Y;3;1071.4
10702;2742;Sonia;3M;1;8085.16
12260;7605;Euribor;20Y;6;4303.6430521363545
11114;9321;Libor;1M;4;-4286.206002237547
13281;9160;Libor;30Y;4;7973.386242258488
10550;3606;Euribor;20Y;3;-3655.22
10107;9647;Euribor;20Y;5;6856.18
10488;8183;FedFunds;20Y;4;-3281.69
10829;3985;FedFunds;1Y;8;6697.36
12912;9727;Estr;25Y;7;1638.29
12679;2932;Libor;1M;4;-541.61
10201;6490;Sonia;3M;9;4787.402314931849
10676;1406;Estr;5Y;8;2083.13
13101;8347;FedFunds;1M;8;2275.23
10084;6732;Sonia;15Y;6;3959.14
12342;6644;Libor;1M;8;3779.1439890771235
10148;7882;Euribor;5Y;2;-5603.4044720264765
11502;6780;FedFunds;1Y;9;-5553.54139238516
11090;8602;Euribor;15Y;3;-5331.676703682993
11358;2196;FedFunds;1Y;4;-8017.9
10715;2551;SOFR;20Y;8;-10667.89
11251;3817;Euribor;5Y;6;-3797.7684361654997
12407;6285;Libor;25Y;1;-9857.78
11450;1823;Estr;10Y;3;5802.9390789141735
10786;6741;Sonia;15Y;3;9655.99
13140;3106;SOFR;20Y;8;8161.756944589666
11931;2406;Sonia;10Y;4;-1023.9280043205231
11264;8645;Libor;5Y;9;194.44685047301937
11014;7893;FedFunds;2Y;4;4046.386356577414
12263;3745;Libor;10Y;2;-3663.7408544841587
12612;7042;FedFunds;1M;7;8549.46
11667;7411;FedFunds;10Y;6;10117.61
10217;8368;Libor;1M;6;-9142.69
13360;7549;SOFR;15Y;2;-3986.71
12966;4262;Estr;25Y;4;6224.88
11505;5508;Euribor;20Y;4;-8218.9792352149
10103;2365;Estr;10Y;9;4226.05
11283;1437;Libor;1M;9;-5649.9455073201225
10099;9010;FedFunds;3M;5;2622.9761915079926
12585;8681;Euribor;3M;2;5611.402387399038
10042;7616;Libor;1Y;5;-2773.39
11774;2340;Libor;1M;8;-977.12
11972;2417;Estr;2Y;8;1502.359331259704
13403;2870;Estr;1Y;5;-7464.4
12387;2368;Sonia;2Y;6;-4611.643948097818
12504;6450;Euribor;25Y;4;-3764.1798015978006
12582;5145;Euribor;1M;6;7102.84629821329
11229;4392;Estr;15Y;5;-1803.6250105738507
12522;8851;Estr;10Y;7;-5430.615399628388
11097;7996;Euribor;1Y;2;5261.360398236977
11132;3713;Libor;1M;2;3273.435869786494
12415;2655;Sonia;25Y;4;-5346.79
11340;8867;SOFR;30Y;6;5321.27
12105;3537;FedFunds;20Y;7;7097.3380583200715
12556;7637;Sonia;5Y;7;11988.97089475071
12695;9685;Euribor;5Y;8;-7584.94
10558;1785;Euribor;5Y;4;5488.2
12330;2459;Sonia;5Y;9;3666.952117083935
12257;5158;Libor;6M;6;-6624.51
11194;6289;Estr;3M;9;924.4203066413083
11131;7031;Libor;1M;1;2632.2
10949;1325;Sonia;6M;2;2921.95
10142;8240;Estr;10Y;8;-8982.09094113446
10778;9490;SOFR;6M;7;-7004.8
10780;3964;Libor;10Y;6;1262.95
11398;3072;Sonia;15Y;5;6444.913211972826
12456;8535;Estr;1Y;5;-11773.26
11634;9160;Estr;10Y;5;1381.3
13492;5896;Sonia;3M;8;6889.056715351991
10218;9996;FedFunds;1M;3;-1377.9501701740387
12870;5445;Libor;6M;3;8150.0
12127;2360;Euribor;1Y;9;440.8146731578413
10346;8010;FedFunds;20Y;9;3226.8317340101285
10841;4303;Estr;3M;6;1123.05
10704;7409;Estr;1M;1;3663.4343735785123
10813;4318;Estr;3M;2;-10275.82
13347;9168;Euribor;6M;4;7966.3853926997635
13374;1807;FedFunds;2Y;8;-5608.59
11068;2391;Sonia;25Y;6;-9543.935442767515
11366;3553;Estr;15Y;8;-4315.59
10158;9195;Sonia;2Y;4;-6030.363209878876
10606;1522;Estr;10Y;8;-786.4979404958958
11417;4095;FedFunds;1Y;5;1672.25
13326;9989;Euribor;3M;7;-3433.41
12745;6016;Sonia;10Y;2;-3775.882393609907
10460;7868;Libor;3M;1;-875.6773109377054
12004;1814;Libor;1M;3;2409.1
11831;1815;FedFunds;30Y;5;-9840.18
11224;4459;FedFunds;25Y;6;-6995.81
10068;4854;Estr;15Y;9;-1592.98
10766;1615;SOFR;10Y;1;102.04925569978991
11605;8999;FedFunds;1M;8;-7878.26
10719;8786;Euribor;10Y;1;-7040.99
10263;4972;Sonia;15Y;8;-796.24
13199;2865;Sonia;15Y;8;-3013.786641618168
11552;9111;SOFR;2Y;9;-4006.63
12793;9748;Libor;5Y;7;-226.3807856061312
11323;7713;FedFunds;20Y;2;121.66870458891208
11637;5477;SOFR;1Y;3;2856.24
10008;3612;Euribor;10Y;5;1648.15
13271;1568;SOFR;1Y;4;3246.583306239311
10093;1728;Estr;5Y;8;7217.99395687799
13044;6430;FedFunds;6M;7;8887.812481920118
11129;8011;Euribor;2Y;1;8675.31
10171;2065;Estr;1Y;6;-11643.87
12564;6468;FedFunds;15Y;5;-6310.41
12820;5221;SOFR;30Y;2;847.44
10135;5164;Euribor;30Y;4;5912.28
12984;4104;Libor;2Y;2;-849.52
11507;7256;Estr;20Y;6;-2397.7
12732;9083;Estr;20Y;7;5511.523483180419
13291;3003;FedFunds;6M;1;4087.121446141532
12460;2990;Libor;10Y;6;-390.5525918479102
13349;5714;SOFR;30Y;6;2411.1836532884217
10875;7509;SOFR;30Y;3;-4364.4394818694045
13442;5680;Libor;2Y;5;4141.52089719698
12741;8962;Libor;10Y;4;10528.86
12576;3567;Libor;6M;8;-248.20619651004063
11529;2308;Libor;15Y;3;3148.6740282174205
12775;7609;Estr;5Y;2;-899.0855169710981
12625;3693;Libor;2Y;7;-4583.790466072241
10250;5388;FedFunds;15Y;9;-11095.48
11000;7663;FedFunds;6M;8;5197.505977300584
11299;9089;FedFunds;20Y;8;-2617.13
11334;3032;FedFunds;2Y;3;-1106.98
12216;3057;Euribor;2Y;7;-3519.89
10878;5485;SOFR;30Y;5;-6893.87106457878
11175;1654;Euribor;1Y;4;-767.7227407440896
12451;7695;FedFunds;15Y;4;-2332.21
11292;1282;Euribor;15Y;2;-4240.4478260177475
11080;8509;Libor;3M;9;-3407.3256604695102
11528;2834;Estr;5Y;2;-10540.97
12192;4132;Euribor;10Y;9;-7842.434543503357
11477;9101;SOFR;25Y;2;-12456.37
10843;9615;Libor;2Y;1;624.4832471679053
12574;5340;Sonia;25Y;8;9038.61
10615;2548;Libor;3M;4;671.0839231196687
10967;4637;Estr;15Y;2;-3321.19
11611;8522;Euribor;1Y;2;-5958.95
10838;2717;SOFR;30Y;9;-2446.3
12557;5988;Euribor;5Y;6;5879.56
13336;6333;SOFR;3M;1;7852.78
12967;6376;Euribor;25Y;8;5106.26
10764;9995;Euribor;20Y;9;-8377.28
11716;7655;Euribor;15Y;9;-4210.236168168933
11949;5650;Sonia;1Y;4;3412.939200829075
11623;4036;SOFR;5Y;4;5903.22
11515;4264;Euribor;1Y;7;3336.51
10543;2998;SOFR;10Y;6;4918.632445262188
10052;9050;Sonia;3M;5;-2302.667932876978
12914;3282;Estr;25Y;3;-5207.93
11960;8496;FedFunds;2Y;8;-457.04
12700;6642;SOFR;10Y;9;-1307.51
11551;7331;SOFR;30Y;9;-238.25844264261195
11845;4044;Libor;6M;5;7486.91988003945
12735;6918;Libor;6M;7;1715.392886279526
13009;7653;Sonia;1Y;6;-6206.408626551625
13431;5768;Sonia;2Y;1;-6630.09
11040;1271;Euribor;25Y;3;1770.364666377971
11638;6329;Euribor;3M;1;-2631.96
11215;1693;Euribor;25Y;8;3722.59
12714;8485;Libor;20Y;7;10656.47
12464;7556;Euribor;1Y;9;1323.75
12119;1356;SOFR;2Y;6;3962.5
10994;6882;Estr;2Y;9;10105.92
11041;4332;Libor;2Y;3;517.99
10087;1417;Estr;2Y;8;-1075.1348155871312
10674;3800;FedFunds;10Y;3;9397.18088521863
12013;1847;Estr;10Y;4;-9160.289231511708
12043;9955;Euribor;25Y;3;-3064.57
10441;2929;Sonia;3M;6;-2560.1409873492203
12017;2919;Libor;30Y;7;-2416.826427840637
11240;3064;Estr;6M;7;4113.67
12740;4155;Estr;6M;2;1431.9518430163375
11898;7333;Estr;30Y;6;2028.25
11685;2025;Sonia;15Y;6;-5126.830214092041
11500;1604;Sonia;1Y;9;-1395.6151379982462
11620;2426;Sonia;20Y;9;7257.88
11598;6295;FedFunds;20Y;6;1539.6871665934395
10150;5632;FedFunds;6M;5;-5289.315269425872
12043;9955;Estr;25Y;5;8695.39
13341;1063;FedFunds;2Y;7;-6237.16
10220;8141;FedFunds;6M;2;4303.71
11203;8060;Euribor;15Y;9;2192.81
10125;5809;FedFunds;5Y;4;-2279.29
13159;2486;FedFunds;6M;2;-2393.15
12166;4524;Euribor;1M;5;-3230.64
11136;8067;FedFunds;25Y;7;108.15819189754711
11859;5419;FedFunds;10Y;6;9039.75
10934;6593;Libor;2Y;5;-9505.898041392047
12909;3416;FedFunds;30Y;9;-2544.49
10807;1191;Estr;1Y;8;2867.2633693602565
12321;6838;Euribor;30Y;6;9556.914606205437
11742;7839;Euribor;1M;6;7472.68
10624;4718;Euribor;1Y;5;-5161.92
12936;6691;Estr;25Y;5;4001.54
11958;9705;Estr;1Y;2;-2238.5924487979282
10729;9468;Libor;3M;5;5188.759293717228
13309;2892;Estr;20Y;6;-2954.2968101964643
11422;6560;FedFunds;3M;2;-5594.27949089374
10453;6624;Euribor;30Y;7;-9142.24
11051;3933;Estr;20Y;5;-645.767675665239
10662;4607;Estr;3M;5;-6313.818880507227
11731;3239;Libor;3M;6;11166.25
13048;3945;Euribor;2Y;6;-5148.02
11772;5979;Estr;2Y;3;-1520.99
12867;4624;Libor;25Y;6;-2271.976428900232
10434;7279;Euribor;5Y;2;-3979.27
10684;7426;Libor;3M;4;6902.78
11321;1719;SOFR;5Y;4;-5551.296333515058
11145;5500;Euribor;10Y;5;257.5279523859663
11752;7034;SOFR;20Y;5;-232.8703865780576
10557;3172;Libor;1Y;2;-5441.2763115432135
11369;7363;Euribor;20Y;9;-464.54027837005015
12752;1458;Sonia;6M;6;685.6935526519901
11653;8939;SOFR;25Y;2;5598.98
12609;9360;Euribor;25Y;7;6179.16
10429;9789;Sonia;25Y;6;7470.456685416804
12161;8274;Libor;15Y;9;9305.74
11418;7854;FedFunds;6M;8;-9425.12
10761;3854;Sonia;6M;9;434.83
12491;3795;SOFR;1Y;7;-1285.41
13279;3498;Estr;1Y;9;-7985.09
11197;6287;Euribor;1Y;3;-1468.8700799502585
11524;3196;Euribor;5Y;4;-9211.25
12131;1184;Libor;25Y;2;-10601.35
10033;8280;FedFunds;1M;3;4784.435754982784
13258;8660;Estr;1Y;3;4156.99
10802;4856;FedFunds;1M;5;50.20890714972461
11908;5513;SOFR;25Y;8;-12150.901991284913
10263;4972;Sonia;15Y;1;650.57
13319;4560;Libor;15Y;6;629.5960793856025
10493;3504;Euribor;15Y;1;-2726.89
10853;1183;FedFunds;25Y;8;-1991.65
12423;5654;Libor;5Y;7;3375.84
10078;6188;SOFR;15Y;9;-7293.67
12681;5812;Sonia;2Y;7;2374.947213316257
13272;4151;FedFunds;5Y;9;-2619.07
11591;8631;Libor;10Y;4;7885.25
12122;5942;Sonia;20Y;3;-2081.79802315491
12965;6412;SOFR;1Y;8;726.976095520193
11567;6298;Estr;6M;7;7255.41
11060;7221;Sonia;20Y;1;3372.09
11061;8389;Sonia;1Y;6;5398.9
11249;7763;FedFunds;20Y;2;-8483.08
13258;8660;SOFR;5Y;8;2187.32
11909;1255;Sonia;1M;6;-1856.5754861230075
11557;4091;SOFR;25Y;6;-2173.26
12719;3568;Euribor;5Y;1;-9076.74
12729;7360;SOFR;3M;3;9979.88
12315;6291;Libor;2Y;8;1395.29
13069;2358;FedFunds;2Y;4;-607.0130283996405
10987;8928;SOFR;3M;9;1614.63
10869;7078;Euribor;10Y;5;-5919.18
10001;6734;SOFR;1Y;1;6420.751747866106
10996;7559;SOFR;6M;1;4422.19
13067;7079;Estr;1Y;4;6737.48
13461;6668;FedFunds;30Y;6;-5370.48
13302;1746;Sonia;5Y;5;-6913.87
12204;5841;Euribor;20Y;9;-10849.96
13434;2097;Libor;20Y;7;-2893.26
10187;5146;Euribor;1Y;3;-5561.530167986535
11576;9641;Libor;5Y;2;4557.290162486116
11468;1223;FedFunds;15Y;7;-3810.05
10580;4906;Euribor;20Y;1;8759.84
11688;9021;Sonia;6M;3;-6127.15
10956;1242;Euribor;2Y;3;2871.54
10458;8462;Sonia;1M;8;-10113.22
13093;1090;Euribor;3M;6;-1944.2772767724246
11853;8102;SOFR;2Y;3;-8535.04
12129;9784;Libor;1Y;8;-1896.9149859386243
11676;4614;Sonia;1Y;1;2909.17
10138;1666;Sonia;2Y;6;9227.81
11411;8111;Sonia;20Y;7;-933.0473724853223
13348;9788;FedFunds;15Y;2;7127.51
12244;9052;Libor;15Y;4;1739.52
10106;5268;SOFR;20Y;9;-12800.0
10414;5940;Estr;10Y;5;4453.25002293626
12199;7596;SOFR;6M;7;-4602.96
11950;5412;Estr;1Y;2;-2856.6610705046496
13146;6830;Sonia;3M;4;-861.28
12872;1700;Sonia;5Y;4;-2808.980774346672
11256;9708;Euribor;1M;2;480.5334395595028
11531;2439;SOFR;6M;1;-3210.81
12195;9253;Sonia;1Y;9;3910.8811645634028
13105;1461;Libor;3M;1;5668.64
11656;2741;Libor;15Y;7;-5121.990045613745
10390;3530;Libor;25Y;2;-2583.93
10557;3172;FedFunds;1M;5;-176.20631154321381
10313;6631;Libor;2Y;9;-5491.64
12919;4809;Sonia;3M;5;-3763.69
11265;3735;Libor;1Y;1;6773.16
11739;6967;SOFR;1Y;2;-1410.99
10297;3720;Estr;10Y;5;-8772.878964062615
10088;6745;SOFR;10Y;2;-4484.788024637516
10122;4925;FedFunds;3M;7;-254.85105296262373
11142;2797;FedFunds;15Y;7;5973.765699063222
12014;6600;Libor;1M;7;-7033.58
12477;8430;Euribor;1Y;7;828.25
10861;8192;Estr;1Y;5;-3989.8592558139935
13077;4989;SOFR;1Y;5;3111.58
10422;6607;Sonia;20Y;7;4724.9
10642;1619;Euribor;20Y;7;-9005.6
12662;5854;Euribor;30Y;7;-4860.1
12028;1543;FedFunds;6M;2;6756.12
12558;9166;FedFunds;20Y;8;-1696.6279908075767
12951;7861;Estr;30Y;9;-14308.59
13489;3126;SOFR;3M;9;-4276.52
10726;1644;SOFR;15Y;1;-9368.02
11287;6785;Euribor;5Y;6;-7228.629169209687
11608;6874;Estr;5Y;9;-1812.531200038918
12860;4051;Estr;6M;6;5308.74
10816;7974;Sonia;25Y;1;-755.6649619009113
11731;3239;FedFunds;1Y;8;-1637.06
10135;5164;Sonia;15Y;7;-2145.99
11822;5060;SOFR;15Y;2;11818.8
10408;4493;Estr;15Y;3;-558.44
10255;1824;SOFR;25Y;7;-5196.219729919064
12319;1559;Estr;6M;8;-1186.3
10665;6445;SOFR;15Y;6;5495.5440960470605
10213;1804;Estr;10Y;9;1811.3
12655;5378;Euribor;30Y;2;-10589.347394090888
12935;4538;Estr;25Y;6;-8203.81935275502
10641;7102;Sonia;3M;2;-2142.76
10046;2154;Libor;30Y;9;2731.13674994856
12033;7156;Euribor;3M;8;5136.634679482882
13412;4907;SOFR;20Y;2;-739.3173189744775
12085;3249;Euribor;6M;2;-7994.764955367586
10952;2581;Sonia;30Y;7;-1520.05
10913;7940;FedFunds;15Y;5;-1878.0335383021334
11532;1669;Estr;15Y;7;-3268.2812842505855
12042;6289;Estr;20Y;7;12535.81
11504;9340;FedFunds;25Y;8;-3943.4042960960796
11188;9167;Sonia;3M;4;3698.353072122664
10158;9195;Sonia;10Y;9;6891.976790121124
11642;5803;Estr;20Y;7;-12688.16
11689;8370;Sonia;10Y;8;8757.040645156585
11944;4196;Libor;3M;7;4951.49384504239
10167;2908;Libor;3M;6;4615.84
12426;9455;SOFR;20Y;3;-4910.975750381603
12444;1473;SOFR;15Y;8;8233.68520209048
13192;9774;Sonia;5Y;2;3545.92
13348;9788;FedFunds;1M;7;1337.57
11384;9624;Libor;3M;9;3754.38
11157;8557;Sonia;15Y;9;8010.979181382938
10220;8141;Euribor;1M;5;5824.29
10800;1464;SOFR;2Y;8;2644.3864182021916
12754;6146;Sonia;30Y;2;5900.830863967133
11991;1916;FedFunds;5Y;2;5772.339006662741
12517;1061;Libor;5Y;3;7578.1
10378;8446;SOFR;1Y;5;-673.96
12466;3204;SOFR;1M;1;-7712.03
12541;2865;Euribor;15Y;6;871.3250367948699
12541;2865;FedFunds;3M;8;3836.10503679487
10600;7056;Estr;1Y;6;-7475.206564793219
10230;2639;Sonia;5Y;4;-2721.75
10126;6997;SOFR;20Y;6;8372.06
10687;1882;Euribor;5Y;7;-4763.258426065959
12592;1950;FedFunds;15Y;6;3398.8829808255696
11107;9997;Estr;1Y;6;-3110.7449354781747
13357;6884;SOFR;5Y;1;-17.944319359160318
12425;9376;FedFunds;1Y;7;9133.29
12862;3482;Libor;10Y;6;6048.966642553098
10310;1352;FedFunds;3M;9;-2514.7
11200;1706;FedFunds;6M;6;796.422253786337
11533;1109;SOFR;30Y;6;13132.94
11020;3887;FedFunds;10Y;1;-2668.09
10838;2717;FedFunds;25Y;5;6469.88
12407;6285;Sonia;30Y;6;-2900.51
11781;2709;Euribor;25Y;7;3674.831336063043
12684;2310;Libor;1M;6;3588.83
13327;4326;FedFunds;1M;3;-3930.96
11105;8264;FedFunds;6M;9;2573.37
13030;2841;Estr;2Y;1;3095.71
11808;9107;Euribor;10Y;1;3794.95
10915;5933;Libor;1M;5;-1622.975913746185
11143;9634;Estr;3M;8;3660.2481363934858
10270;3808;Sonia;3M;6;-2662.94
10542;5008;Sonia;25Y;1;7193.489234768154
12587;1987;Estr;20Y;5;-7582.82
12191;7339;FedFunds;25Y;8;-1619.7267317031228
10797;8129;Estr;25Y;8;-1049.58
12161;8274;Sonia;6M;9;-5787.23
11576;9641;Libor;25Y;8;-5514.309837513883
10791;3505;Estr;15Y;9;-1390.55
12792;9707;Estr;2Y;2;10162.911653662299
12246;1500;Sonia;1Y;3;347.1286188209201
11521;9791;Estr;2Y;9;5718.83
10022;7938;FedFunds;20Y;5;-120.967089775977
11276;5305;Libor;1M;5;5437.68
11389;5439;Sonia;30Y;5;-593.21
12082;4514;Estr;1Y;9;-571.7107833593645
11577;2293;SOFR;30Y;3;6482.09
11846;1144;Sonia;30Y;2;12348.11
11349;5006;Euribor;30Y;6;-2034.01
12164;4536;Estr;5Y;6;2774.0568159014283
10244;6468;SOFR;5Y;3;12233.91
10824;2666;Estr;15Y;4;2530.89877153298
10135;5164;FedFunds;25Y;2;3223.71
11249;7763;Estr;6M;4;-3222.0
11974;9289;Euribor;2Y;7;-2772.29
12491;3795;Estr;20Y;3;-12044.79
13037;3699;SOFR;15Y;6;-12460.276577861903
13236;2817;Libor;20Y;2;-5869.1
10941;9671;SOFR;10Y;8;-4995.27
13281;9160;Libor;1Y;6;-980.8037577415116
10985;3646;Sonia;30Y;4;3107.774213871885
11403;9405;Sonia;20Y;6;12959.43
10893;6737;Sonia;1Y;3;-1539.91
10638;1492;Sonia;1Y;7;5534.28
12619;6153;Euribor;3M;7;8163.670759016798
12321;6838;Estr;25Y;5;-5890.135393794564
10939;6573;SOFR;2Y;6;-13316.37
10483;6000;Euribor;6M;2;641.3008440308603
10464;1689;FedFunds;25Y;2;1357.16
11855;6113;Sonia;1Y;2;-1723.6513685831724
12367;6413;Estr;10Y;5;2364.3124169620482
12116;6645;FedFunds;3M;9;-2376.32
11255;4957;Libor;30Y;1;3722.2616993727606
12026;3063;Libor;6M;2;1080.42
10149;9905;Euribor;25Y;4;3868.9144256732143
10787;6780;SOFR;15Y;9;3594.71
10902;2048;Estr;10Y;9;-3030.63
12094;1910;Libor;3M;7;4139.42506698008
13038;4528;FedFunds;20Y;8;3046.5361574007
13009;7653;SOFR;25Y;3;5080.351373448375
12462;9802;Libor;10Y;2;-6559.818989287225
11609;8819;Euribor;30Y;7;8911.04
12806;1800;FedFunds;1M;1;-11710.3
10663;7614;Estr;30Y;5;1136.67
12527;2500;Libor;6M;9;-1712.2900332838926
10066;6919;FedFunds;1Y;5;-1953.5
10723;8352;Estr;3M;1;4764.98577302247
11912;1347;Euribor;30Y;1;3218.3546408405546
11966;5200;FedFunds;25Y;6;125.97206394793466
13117;9444;FedFunds;20Y;2;6272.26
11632;7981;Estr;20Y;3;9408.220991469765
11698;2074;Sonia;1Y;7;-2075.58
12849;4603;SOFR;25Y;4;-7518.006192198368
11372;5133;Estr;10Y;3;1168.178109053139
13383;2161;Libor;1M;1;57.93044411121082
11282;5958;SOFR;10Y;3;9776.87
11711;4041;Sonia;6M;5;-1040.6
10584;4363;Sonia;30Y;6;4866.7
13088;5166;Estr;20Y;3;-4579.17
11155;3283;FedFunds;15Y;7;-10127.096962863008
12886;2436;Libor;15Y;8;3066.617953263506
12926;1594;FedFunds;6M;5;-596.6711876170593
13035;9301;Libor;1M;7;-6144.6
13480;6331;FedFunds;5Y;3;2605.26148160855
13283;2877;Euribor;30Y;5;-3480.4220330756607
11895;7398;Libor;25Y;6;327.91
11227;6398;SOFR;25Y;3;-3959.24
12473;3835;FedFunds;3M;5;2311.87
11587;1244;Estr;6M;5;-4468.534379743649
11329;2468;Estr;1M;4;-2996.2128668343908
11117;5704;Estr;10Y;7;4889.82
11680;2509;FedFunds;10Y;8;-2632.552115870498
11150;6204;Estr;6M;2;660.82
12129;9784;Sonia;2Y;8;-6057.704985938625
11957;7875;Estr;30Y;9;-3178.7900044466787
10152;8943;SOFR;1Y;7;6859.151423261141
10986;3645;Sonia;25Y;9;6632.49
13096;5518;SOFR;5Y;5;4953.43
12272;9567;FedFunds;15Y;8;-6402.7
11797;2391;Estr;2Y;9;4580.194920671677
12029;6718;Euribor;2Y;3;-2382.239493158028
12389;1932;Euribor;25Y;3;-909.7063798242561
13447;6607;Estr;15Y;8;3729.3315276772246
10681;4490;FedFunds;2Y;4;2984.09
10990;6606;FedFunds;1M;1;579.9072807343655
10329;5585;Estr;1M;3;-4920.95
12503;8874;Libor;3M;7;4275.4
13352;4062;Estr;30Y;2;2794.0205143218354
12230;3181;FedFunds;6M;5;408.87
12925;1256;FedFunds;5Y;4;-353.4998535810564
11202;8211;FedFunds;2Y;6;-5734.033154960603
10052;9050;Sonia;6M;6;-406.7979328769778
12436;2711;Estr;6M;8;855.0543762847111
11564;3889;Estr;30Y;5;1926.0335687939664
12939;2542;FedFunds;30Y;5;-2828.7377201119107
11432;6917;Libor;15Y;4;1567.36
10283;4093;Libor;5Y;8;1143.07
12222;9125;Libor;6M;2;5088.852681849759
10397;6448;Libor;2Y;6;-2502.76
10814;9417;Libor;3M;6;1354.31
11739;6967;Sonia;2Y;1;8562.71
10295;4496;Euribor;1Y;2;-2292.1864878530223
10777;3378;Libor;10Y;1;5339.45078342343
10654;3161;Libor;10Y;3;4074.37
10444;4292;Euribor;25Y;5;-10520.5
10352;1140;FedFunds;1Y;7;-1292.235858900153
11065;6417;Libor;15Y;1;-6241.612297057206
11538;3261;SOFR;30Y;2;-4974.02
11473;3835;SOFR;1M;2;778.75
11696;5019;FedFunds;30Y;2;-2410.234110205869
11115;8382;Sonia;1M;4;-2923.28783312419
12840;9594;SOFR;1Y;6;-6753.54
12498;4055;Libor;30Y;9;-11139.27
11608;6874;SOFR;2Y;7;-169.0812000389178
13062;5609;Sonia;3M;9;4698.285447556414
13174;1204;Libor;3M;6;-5706.69
11045;5471;SOFR;1M;2;10827.39152823262
13147;9588;Euribor;20Y;3;-12413.69
10095;3782;Sonia;10Y;4;-4560.1
12396;7194;Euribor;3M;6;-5755.35
11884;9177;Sonia;1Y;2;-855.7762112192586
10136;4818;Sonia;1Y;6;6831.03
13455;2517;SOFR;20Y;6;-13594.22
10825;7855;Euribor;6M;1;-3763.24
11190;5002;FedFunds;1M;5;7059.47860434839
13253;3451;Euribor;15Y;2;13810.37
10230;2639;Libor;6M;5;-5132.09
13213;3076;Estr;2Y;4;275.94
10156;4735;Estr;1M;1;5734.598831735543
12813;1987;SOFR;25Y;4;7210.0
12689;1304;SOFR;3M;6;2161.91
12473;3835;Libor;20Y;5;4128.52
10203;9038;Estr;1M;5;7420.446330758835
13059;9036;FedFunds;20Y;9;-9290.38
13132;1842;Libor;15Y;9;-8494.11
11068;2391;Sonia;15Y;4;-5926.595442767515
11320;4932;SOFR;3M;6;-2020.69
13287;7045;SOFR;25Y;8;14681.01
11825;2461;Sonia;3M;8;8216.976235679162
13315;1858;Euribor;25Y;7;4877.69
12079;7205;FedFunds;1Y;6;-4804.287212356817
11098;9683;Libor;25Y;9;-9065.45
11315;8823;Estr;1M;8;487.64549079800145
10864;5440;Estr;5Y;1;-612.4699626906065
13362;6709;Euribor;30Y;2;-6660.72
10052;9050;Libor;3M;4;469.7020671230223
12192;4132;Libor;10Y;2;6073.885456496642
13423;4261;Estr;5Y;6;5137.399555747787
12002;9776;Sonia;1M;6;2706.213558482034
12262;6715;Libor;6M;3;-6787.42
10690;1139;Estr;25Y;9;-1049.354623954805
10221;3074;Sonia;1Y;2;5104.09
11041;4332;FedFunds;25Y;3;-4047.72
12146;3517;FedFunds;3M;2;9391.166619843787
10576;2863;Euribor;25Y;3;-9450.54038171622
12377;4603;Euribor;2Y;7;-4503.19
12915;9112;Sonia;1M;1;2800.72
10806;9775;Sonia;5Y;6;-215.5327001012572
10481;6546;FedFunds;20Y;5;-2530.66
11857;1065;Euribor;5Y;1;-1143.58
10123;8266;SOFR;3M;4;624.1707145690357
11704;2782;Sonia;3M;2;-4631.0
10125;5809;Libor;20Y;6;-2403.8841319130775
13311;8329;Estr;1M;1;2094.96
12329;3186;Estr;5Y;3;-125.6288222888511
11465;9071;Libor;20Y;6;9880.01
10096;8266;Libor;2Y;8;5324.835884808837
10929;8362;Estr;25Y;8;7809.860987288093
11838;9724;Libor;5Y;5;-2546.86
11827;2287;Estr;30Y;9;-1649.53
11494;8705;Estr;6M;5;265.43084112164615
12851;1608;SOFR;20Y;2;-1700.24109946813
10868;7251;Estr;1Y;8;-2978.8153587982742
12915;9112;Sonia;3M;7;3563.34
13137;5074;FedFunds;30Y;3;3683.9319563995678
11353;6153;SOFR;10Y;3;898.33
12547;9339;Euribor;1Y;2;-7379.27
12421;7060;Libor;6M;3;-2044.95
11268;8959;Sonia;25Y;2;3478.01
12783;7337;FedFunds;25Y;1;1832.96
13259;9955;Euribor;10Y;8;-557.1803061773021
10611;5424;Sonia;5Y;5;1136.2504065755156
13333;5869;Euribor;25Y;8;-2305.39
11901;3169;Estr;10Y;9;262.27453960484047
11743;4285;FedFunds;30Y;3;564.5907009297725
13087;8645;Estr;25Y;9;-5888.38
10159;5289;FedFunds;30Y;9;-1117.72
10948;1935;SOFR;25Y;6;5680.39
10828;5820;SOFR;6M;3;-1565.4
11925;8790;Sonia;1M;8;8770.19
10773;4940;Sonia;2Y;9;-3985.5
12355;7176;SOFR;5Y;5;10696.9
11381;8135;Libor;1Y;3;3382.1020215678454
13309;2892;SOFR;25Y;1;1226.4131898035357
11878;8991;Estr;1Y;4;5255.014512101214
11954;8147;Sonia;1Y;4;4663.64
11697;5927;Libor;6M;3;1278.1605982733945
10738;8081;Estr;6M;5;8770.9
11598;6295;SOFR;20Y;4;3500.24
10034;5737;Euribor;5Y;9;-7617.85
11251;3817;SOFR;1M;2;1041.8415638345004
11191;8422;SOFR;15Y;6;3639.5912583697236
10311;1956;FedFunds;1Y;4;-3095.57
11935;5406;Estr;2Y;8;412.68962878733873
11740;3484;Euribor;6M;9;-334.0578793358727
11442;2325;Euribor;30Y;3;159.4781361741923
11254;9684;SOFR;30Y;7;3405.59
10048;6592;FedFunds;30Y;3;9118.945399813827
12818;2946;Sonia;5Y;3;-145.49715765497967
10784;1067;FedFunds;1Y;8;3935.616378089415
11164;5497;Sonia;2Y;6;3489.16
13345;9251;Estr;3M;4;3597.01
11875;4850;SOFR;1Y;6;-4637.66
12541;2865;Estr;20Y;1;2893.31503679487
10455;7900;Estr;30Y;3;-5004.248987916906
12227;5050;Euribor;15Y;7;-3972.35
11163;8072;Estr;25Y;7;2160.4619902674117
11678;8939;SOFR;30Y;4;-2653.3841224512234
11333;3073;Sonia;1M;7;4545.52
12328;2395;SOFR;1M;4;-9281.221848023393
13091;7303;Libor;6M;3;-1083.73
12481;1388;Sonia;25Y;9;-860.8910924864578
10167;2908;Euribor;30Y;5;-1227.2541846554868
10837;4435;Libor;2Y;9;-95.56
11988;4809;Euribor;2Y;1;-7113.6410243400005
12494;1619;Euribor;1M;7;9498.54
10223;3681;Sonia;20Y;6;3753.105280697414
11447;7382;Libor;6M;6;10741.76
10949;1325;Euribor;25Y;1;-8673.86
10049;5433;Libor;2Y;4;-421.45
10670;6141;Libor;20Y;2;3551.09
10845;7999;Euribor;15Y;8;-1091.94
10346;8010;FedFunds;30Y;1;5624.821734010129
13284;3251;Euribor;5Y;9;-6660.700995203593
10704;7409;Estr;1M;3;9077.964373578512
13109;2884;FedFunds;30Y;3;-6768.39
10604;9662;Libor;3M;9;10007.28
11529;2308;SOFR;20Y;4;-4546.39597178258
10893;6737;Sonia;6M;5;-4174.24
10636;8557;Euribor;2Y;1;-3531.68
10283;4093;Euribor;10Y;1;3896.64
10382;3408;FedFunds;10Y;5;1451.69
12119;1356;Euribor;30Y;9;-8901.05
10652;4696;Estr;20Y;8;-1246.6892103863524
10961;2802;Libor;20Y;2;-11412.08
11245;4209;Euribor;1M;6;-9865.06540669217
10562;5857;Estr;1Y;6;-1821.561701013282
11417;4095;Estr;6M;4;2353.64
12398;9637;Sonia;6M;8;-4676.17
13452;7978;Sonia;2Y;2;-588.21
11885;6828;Libor;10Y;6;-5874.150971150461
12723;2769;FedFunds;5Y;9;1996.72
11281;7799;Libor;6M;9;1018.4
13003;2846;FedFunds;3M;9;-7455.13
12761;5146;Libor;3M;5;159.79
11486;9728;Euribor;2Y;5;-8235.82
10295;4496;SOFR;3M;2;4243.603512146979
10144;2276;FedFunds;20Y;3;304.45
11988;4809;Libor;1M;5;6255.3189756599995
10755;1634;SOFR;3M;5;2188.83
13334;7270;Sonia;1Y;2;-2103.82
11528;2834;Libor;10Y;4;-5719.61
13417;6140;Sonia;6M;6;3582.6121194332964
13347;9168;Estr;3M;2;-6607.224607300237
12821;3121;Sonia;2Y;6;-183.32829791003996
13067;7079;Libor;1M;3;-3794.06
11649;8727;Sonia;5Y;1;-10978.660245505384
11361;1754;SOFR;5Y;5;-7645.588055624199
12539;6007;Euribor;25Y;7;-4491.381188230053
13461;6668;FedFunds;30Y;9;457.31
12602;3779;Euribor;1M;1;-1139.8787176773062
12913;2345;SOFR;1M;3;-5206.308552750829
10732;2029;Sonia;10Y;9;4269.29
10213;1804;Sonia;1M;8;-5356.9
10312;2712;Estr;6M;1;-7891.909481991135
11179;3508;SOFR;2Y;2;10250.5
10804;5145;Euribor;20Y;8;-7061.34
10794;8226;FedFunds;6M;8;292.96040878936856
13303;1483;Sonia;20Y;6;4985.35
13315;1858;SOFR;30Y;3;4454.08
11486;9728;Libor;1M;1;-5264.71
11078;7468;Sonia;20Y;4;8786.02
12626;4240;SOFR;2Y;8;-6242.69
11824;1560;Sonia;3M;8;5612.225337742304
12534;6964;Estr;20Y;6;-3554.08
11047;1790;Sonia;3M;7;1563.91
11830;7364;Sonia;25Y;9;11513.8
10917;2909;Estr;10Y;2;7465.556954390344
12784;6489;Libor;1M;1;-332.7
13080;1159;Euribor;25Y;2;-672.7
11403;9405;FedFunds;1Y;8;9772.36
13289;7406;FedFunds;15Y;6;2200.07
10122;4925;Sonia;6M;4;-271.61105296262394
13010;1888;FedFunds;20Y;1;-3927.03
12042;6289;Sonia;25Y;5;-6013.42
11469;9183;Libor;5Y;2;-12427.14
12227;5050;Euribor;3M;7;-6922.49
11910;9372;Libor;3M;7;9875.88
10406;5798;Estr;30Y;8;-1113.3
11998;9823;Euribor;1Y;8;-3128.37
12835;3025;FedFunds;2Y;6;-10600.83
12469;6366;Libor;25Y;9;-4482.89
11976;2816;FedFunds;1Y;7;7591.47
11199;8619;SOFR;1M;6;8942.31687127992
11309;8633;FedFunds;10Y;9;-6811.27949589849
10586;4175;FedFunds;15Y;8;2306.09
11127;9834;Libor;25Y;6;1568.3307319363075
10264;4020;FedFunds;25Y;2;7728.521257614265
11946;4598;Estr;6M;2;8249.222204130025
12065;9272;SOFR;15Y;4;-3172.4
10793;5749;Sonia;10Y;8;-2211.72
12311;1362;Estr;5Y;2;9871.61775858905
10472;5624;FedFunds;6M;2;536.13
12712;4205;Sonia;20Y;9;-42.94816250509939
11383;5155;SOFR;15Y;5;9562.427857887054
12946;3413;Estr;2Y;4;-6182.97
12876;2466;FedFunds;15Y;9;6125.504765201502
11998;9823;FedFunds;20Y;1;2159.03
10627;6345;SOFR;2Y;1;-4984.42
11620;2426;SOFR;25Y;9;-3.580745411038606
13175;8219;SOFR;1Y;8;-1336.98
11961;6430;FedFunds;1Y;8;-1404.03
11153;1739;FedFunds;1M;3;-797.9594856662454
10983;6185;Euribor;15Y;7;2185.3993230231836
10929;8362;Libor;1M;7;-7508.679012711907
11380;4243;SOFR;1Y;1;1380.29
10982;9111;SOFR;1Y;9;6656.402545868435
11505;5508;Estr;5Y;5;8619.000764785102
10436;9033;Sonia;15Y;4;-2204.86
12374;1791;Estr;6M;3;2572.4993537556384
13273;8838;FedFunds;6M;6;5937.21
10430;4537;SOFR;5Y;3;2704.47
12744;1774;FedFunds;15Y;7;-844.82
13283;2877;Libor;1Y;7;5878.867966924339
13207;6642;Euribor;6M;4;2629.61
11878;8991;Libor;25Y;8;-5647.305487898786
11342;6191;Estr;1M;5;3921.25
13346;1189;SOFR;1M;4;3630.007183796535
10638;1492;Sonia;2Y;6;-6148.84
13176;3018;Estr;10Y;4;3907.1261682767813
12986;2294;Euribor;3M;6;-3723.82
10006;4556;Euribor;30Y;7;521.57
12000;2620;Euribor;10Y;2;492.55
11789;3015;SOFR;2Y;4;-2064.0627638204915
12556;7637;Libor;1M;2;-5197.499105249291
13282;1163;FedFunds;2Y;9;-879.196982589279
11769;6955;Euribor;25Y;2;2669.55
13256;3964;Euribor;1Y;2;6906.86
12495;4596;FedFunds;2Y;1;-6842.95581410952
13451;8280;Libor;30Y;8;400.4106829044572
10818;4109;Libor;20Y;3;-1818.5472220856832
10778;9490;Libor;15Y;9;7828.58
13229;7160;Euribor;2Y;2;9681.37
12386;4022;Libor;20Y;5;-1509.41
12980;2054;Estr;3M;3;7979.52
10376;4374;Libor;1Y;9;-4265.58
11258;5934;Libor;15Y;2;4733.048058439619
12516;9382;FedFunds;1Y;8;1115.57
11288;8532;Euribor;15Y;7;-608.2
12022;5621;Libor;5Y;8;-2237.9658411888367
10060;6854;Sonia;20Y;7;-7673.34
11756;3787;Euribor;10Y;1;773.4724023585295
10666;4156;SOFR;25Y;5;-818.78
13258;8660;Euribor;1M;7;-8295.76
11446;6316;Sonia;10Y;8;3325.07
12450;4145;FedFunds;1M;7;12940.39
10731;3854;FedFunds;20Y;7;-9779.59
12259;6659;Sonia;30Y;1;9110.506831185688
11085;1228;Sonia;30Y;5;3785.961143396387
10297;3720;Euribor;15Y;7;4210.971035937386
12718;3995;Libor;10Y;7;2204.6634108537164
11227;6398;Libor;1Y;5;-8855.71
12559;1085;Libor;1M;9;-1001.6554157917587
13028;6253;Euribor;6M;8;-7210.167351545453
12836;3651;SOFR;5Y;6;12805.589995768529
11114;9321;Sonia;10Y;3;-6866.1360022375475
12290;3800;SOFR;1Y;2;-7743.72
12601;9432;Sonia;1M;4;-700.3910137230541
10017;3695;Estr;6M;3;-5767.553131141351
12745;6016;FedFunds;5Y;4;-2838.5623936099073
13024;8048;FedFunds;2Y;6;-11476.07
10113;9053;Sonia;20Y;4;819.3449652580312
13350;2135;Estr;30Y;9;10448.11
12464;7556;SOFR;10Y;8;5866.37
10483;6000;Sonia;2Y;4;-3685.4691559691396
12211;6122;SOFR;25Y;3;3128.53
11210;4645;SOFR;15Y;6;3231.38
10759;1670;SOFR;10Y;4;-9061.565219492131
11978;1948;Sonia;1Y;3;-5041.04
13339;2466;Libor;20Y;5;-7105.69
12691;9366;FedFunds;25Y;6;-4392.427984988584
10524;5875;Estr;2Y;1;4760.35
13437;6588;Euribor;6M;7;1005.52
11976;2816;Estr;6M;8;2788.16
10249;3050;Euribor;30Y;2;9003.906127788123
11927;6044;Libor;2Y;3;11384.34
12871;8902;Euribor;1Y;9;2471.230944806121
10107;9647;Libor;10Y;8;-5637.66
12852;4716;Estr;3M;2;1392.61
11025;3387;SOFR;25Y;7;-320.72535084998844
11726;5535;Estr;1Y;5;-3079.62
10259;1892;Libor;6M;4;8250.65
13359;9041;Libor;25Y;9;-5940.74
10777;3378;SOFR;10Y;2;125.65078342342986
13257;7792;SOFR;1Y;2;201.94173984398168
13494;2225;FedFunds;1M;6;4827.06
12807;2238;Estr;30Y;6;1028.9889254430043
10233;6136;Euribor;30Y;9;7299.18
12705;2967;Estr;1M;8;140.77
10745;6552;SOFR;15Y;4;3458.420758956547
10937;3172;FedFunds;15Y;2;-473.4483030042902
10028;6592;Sonia;20Y;3;465.12395620258576
12396;7194;Sonia;5Y;9;6503.07
12816;9464;SOFR;5Y;3;-537.83
10424;8569;Estr;10Y;3;-8580.13
10440;8378;Sonia;5Y;2;3638.88
12642;4712;Sonia;15Y;2;-3542.98
12543;8595;Sonia;15Y;1;2590.663195002783
13123;7959;Euribor;1M;9;-7541.6
11900;3729;Sonia;25Y;7;-9053.28
12062;1171;SOFR;25Y;4;2729.420926653397
11599;6221;SOFR;15Y;7;-1941.24
10191;4507;Euribor;1M;3;1016.18
11507;7256;Libor;30Y;3;5130.01
13372;6868;FedFunds;1Y;5;1922.60101343314
12784;6489;Estr;20Y;4;-4491.66
11146;2641;FedFunds;30Y;5;5544.6
10689;8291;FedFunds;1M;3;3877.479276536471
12079;7205;Sonia;2Y;7;-5290.417212356817
12661;4936;SOFR;10Y;2;-8686.036205138298
10585;9068;Estr;20Y;9;-9577.96
10504;5596;Sonia;10Y;4;-7016.510187303197
13001;5601;Sonia;5Y;2;3253.492424956677
11064;1463;FedFunds;20Y;2;-10661.36
11135;7048;Euribor;30Y;1;-3526.901969307649
13132;1842;Euribor;15Y;3;8698.8
10635;2946;Estr;25Y;5;-131.38561598544266
11390;4454;Estr;3M;7;-941.8166786862303
12412;1981;Euribor;15Y;8;-11558.97
12304;9050;Libor;25Y;3;-7340.493710396957
10271;7506;SOFR;30Y;9;-5066.53
12338;7408;SOFR;1M;7;3682.09
12167;9596;SOFR;3M;4;-4623.767361889752
11017;6296;Sonia;20Y;2;-88.88585456083496
13292;8458;Euribor;1M;6;759.2423716137898
12920;5828;Sonia;1M;8;-8808.643824334642
12810;2621;Libor;6M;7;-8800.89
12408;7457;Sonia;1M;8;7215.7176331823575
12470;1834;SOFR;3M;1;5383.874409961864
11252;3581;SOFR;15Y;2;-2222.16
13301;2229;Euribor;15Y;2;-2571.47
10006;4556;Estr;2Y;5;7574.63
12062;1171;FedFunds;15Y;4;-2864.1090733466035
11267;4535;SOFR;3M;8;-607.0290137053805
10579;3767;Euribor;15Y;9;6017.8
11353;6153;FedFunds;6M;4;6333.36
12676;3596;Estr;15Y;9;6467.784266315895
13175;8219;Sonia;20Y;5;11044.9
12095;1872;Libor;10Y;4;5239.5
12777;2248;FedFunds;6M;4;2205.4508367094463
11745;3114;Estr;6M;9;11142.48
12052;2614;SOFR;15Y;5;7520.715745849665
11350;1943;FedFunds;5Y;8;6751.0350081978195
10956;1242;Libor;30Y;7;7967.7
12694;7651;FedFunds;6M;2;-10147.48
11479;3224;Libor;6M;2;-1230.21
12831;3555;Estr;10Y;9;4033.955256188411
10343;2000;Euribor;1Y;4;9875.54
11113;1666;FedFunds;25Y;9;3951.25
12697;4347;SOFR;1Y;2;-9388.89
11506;8233;Libor;10Y;3;-846.7721602336678
11003;5321;Euribor;10Y;6;5941.66
10435;1448;Sonia;5Y;1;-4530.587052458262
12973;3293;SOFR;15Y;1;-832.2017798887741
11729;2054;Sonia;15Y;6;-1091.88444149006
11287;6785;Sonia;6M;3;276.25083079031356
11679;2845;Estr;3M;9;-4223.33
12894;6279;FedFunds;10Y;4;-6331.718063719674
12432;8857;Euribor;3M;1;-7065.463258912352
11210;4645;Sonia;30Y;4;-4881.57
10318;4814;SOFR;30Y;4;2360.7
13260;7674;FedFunds;25Y;5;1406.8802588666404
12662;5854;Sonia;6M;8;1554.28
13127;7448;SOFR;25Y;9;7173.873507546682
11248;8160;Euribor;30Y;8;5501.53
12730;6444;SOFR;6M;4;-1775.2827255951015
10330;1125;SOFR;3M;4;-10372.98657997481
13340;5536;Sonia;3M;1;12301.3
10253;2868;Estr;2Y;2;-348.68
11178;6972;Euribor;15Y;6;2494.75
10727;3668;Estr;25Y;9;-13689.3
11024;4159;FedFunds;25Y;5;-287.43
12105;3537;SOFR;5Y;7;-6513.4519416799285
11946;4598;Estr;25Y;1;9157.982204130025
12131;1184;FedFunds;6M;3;5548.83
12430;3268;Libor;30Y;6;-7351.68
11814;7852;Estr;1M;4;-1514.25
13441;9148;Sonia;30Y;3;4921.169350430427
10530;1855;FedFunds;15Y;1;5.93713488438857
12104;7994;Sonia;30Y;1;4582.56
12215;8562;Euribor;25Y;1;9750.68051669331
13087;8645;Libor;1M;8;-897.69
12561;3804;SOFR;3M;5;-850.3854048118587
12558;9166;Estr;20Y;5;-7824.737990807576
11682;5242;Estr;20Y;3;-5041.704511606535
12589;6154;SOFR;3M;2;4485.45
12207;5549;Libor;20Y;3;2738.281181864103
13088;5166;SOFR;30Y;8;2633.86
12239;2521;Estr;1M;8;-1912.77
13387;5723;Estr;3M;2;-1402.87
12127;2360;Euribor;1M;2;-3029.5553268421586
12308;1557;Sonia;15Y;2;1451.28
11859;5419;FedFunds;1M;5;-294.79
10561;1946;Libor;15Y;1;351.81
11826;3515;Libor;1M;8;542.09
13012;2925;Euribor;20Y;3;3794.432017847722
10872;5500;Euribor;2Y;8;-887.5
13226;3305;FedFunds;20Y;6;520.4020980063628
10815;6067;FedFunds;2Y;9;-1253.65
10843;9615;Libor;6M;3;8166.473247167904
10823;4262;SOFR;30Y;6;-4046.87566378265
12006;8013;Euribor;2Y;1;4837.05
11157;8557;SOFR;6M;2;-9250.86081861706
12536;7247;FedFunds;6M;3;2682.1485996837046
12114;3419;Estr;30Y;8;-11555.93
13400;5027;Euribor;20Y;1;7043.576156974971
11606;6310;SOFR;2Y;4;-3329.46
12070;2291;Estr;10Y;1;6852.97
10536;7993;Libor;30Y;2;2433.67
12708;7033;FedFunds;10Y;7;1148.8736298299862
13428;3646;Estr;25Y;1;-865.47
12382;3170;Euribor;30Y;8;-7695.741704941694
12684;2310;FedFunds;20Y;8;-4840.81
11964;6493;FedFunds;15Y;4;-1015.7033322977445
11023;2940;SOFR;5Y;5;2211.8344512340595
12032;5861;Estr;25Y;5;-9466.98
11118;1888;Libor;2Y;7;-3806.61782074988
10676;1406;Libor;1Y;1;8931.8
10475;5666;Estr;1M;8;-1977.1237261557926
11955;1092;SOFR;15Y;1;5910.32
11838;9724;Libor;3M;3;-4385.68
10940;5535;FedFunds;1M;7;6310.01
13261;6177;SOFR;20Y;2;8551.56
10571;5761;Libor;3M;7;-11991.09
10243;5278;Estr;25Y;4;-816.6915171018181
12554;4685;Estr;6M;7;-9025.416395591132
11433;4845;Euribor;20Y;6;2740.618650735014
11461;4620;Sonia;3M;9;4105.838736145973
10444;4292;Sonia;3M;2;-5532.7
11081;8104;Euribor;6M;7;79.19
11946;4598;SOFR;1Y;8;-3374.31
10935;9713;Euribor;5Y;6;2107.3643062262536
11583;6166;SOFR;2Y;6;8291.05
11201;6755;SOFR;3M;7;8558.77
10747;7314;Estr;20Y;6;4646.923957977417
10295;4496;Libor;1Y;8;-2645.006487853022
12985;4613;Estr;5Y;2;-6174.36253756585
10060;6854;Sonia;1Y;8;1309.0
11226;6176;Estr;5Y;2;-8354.139330347421
11705;5016;FedFunds;2Y;8;8414.51710782536
11084;5567;Euribor;20Y;9;-4585.24
12163;9520;Sonia;3M;1;-6639.82
10354;8311;Sonia;15Y;9;2158.3901741410355
10826;5482;SOFR;1Y;9;6314.72
13289;7406;FedFunds;10Y;7;-5317.32
11165;9534;Estr;5Y;7;-409.6722226034176
11815;1444;Sonia;2Y;5;-1034.37
11195;2173;Sonia;6M;2;13862.8
12149;9006;Sonia;3M;2;4592.601618554677
12595;1527;Euribor;1M;7;-4595.451361814297
12026;3063;SOFR;20Y;3;-10577.2
10960;3799;Estr;1Y;2;10849.892721720586
10107;9647;SOFR;15Y;7;5564.13
11917;6311;Euribor;15Y;9;1365.79
11669;3460;Libor;10Y;6;-7390.0
10646;3468;Sonia;3M;1;-12943.69
13046;2987;Libor;2Y;9;6977.87
12441;9967;Sonia;6M;4;5529.39118326071
10015;5859;Estr;10Y;2;2180.7450540477657
10039;1659;SOFR;30Y;4;4146.702867271513
10542;5008;Estr;30Y;7;1993.49
10928;7553;Euribor;1M;5;-1635.79
13152;7668;Libor;25Y;9;1380.44
11158;9084;SOFR;6M;2;-12168.81
10221;3074;Euribor;25Y;2;-7266.61
12916;8110;Euribor;30Y;7;-6244.913084111507
11177;7154;SOFR;1Y;7;3821.54
13443;5694;FedFunds;2Y;1;2454.7850516824656
13075;5313;SOFR;15Y;2;3671.1289386493104
11719;7249;SOFR;5Y;1;-8934.72
10702;2742;Sonia;6M;1;-5710.02
12497;2073;SOFR;1M;6;-2587.87
11161;9216;Libor;10Y;8;4534.91
12610;7374;FedFunds;15Y;3;-4413.971430084005
10432;2376;Libor;10Y;8;2618.54
12365;5215;SOFR;25Y;4;83.54857728856223
11923;1726;SOFR;30Y;6;2790.02
10550;3606;Euribor;2Y;4;6035.72
11331;2353;Sonia;1Y;4;-1696.5707844624535
11424;5581;Sonia;1M;1;-8683.42
10605;7318;Estr;6M;5;3228.53
13036;1613;Euribor;5Y;5;4367.59
12721;4220;Libor;20Y;5;2265.46
10392;8179;Libor;3M;7;-176.4741562785939
11013;4510;Euribor;6M;1;-7866.833259722009
11589;8325;Estr;1M;6;2684.78
10104;4141;Sonia;20Y;5;10043.769627850175
10173;3192;Estr;2Y;8;-1526.63
10871;3432;SOFR;6M;8;9303.529650758868
11625;4406;FedFunds;6M;1;-10940.66
11119;3415;Sonia;1M;3;-4290.26
11690;5092;Euribor;1Y;8;140.93732658788576
10199;3482;Sonia;25Y;4;-1022.7245206402522
11416;2313;Libor;1M;7;152.58287764671695
11078;7468;Estr;20Y;7;8065.51
13144;3348;FedFunds;5Y;9;4231.329637372
11518;1712;Sonia;30Y;3;-8119.53
11583;6166;Libor;15Y;4;2970.72
13275;9803;Estr;5Y;7;-2268.4132742800284
11662;9831;Sonia;6M;7;9505.24
13295;7232;Sonia;25Y;6;5009.121406999619
12379;7862;Euribor;2Y;8;6336.91
13130;3818;Estr;10Y;8;-3651.99
12284;3682;Estr;6M;6;-3069.83
12459;5308;FedFunds;1Y;8;3328.51
13227;6462;Libor;10Y;6;6838.113213389806
11797;2391;Estr;10Y;3;-3228.695079328323
13031;7189;Sonia;2Y;4;5320.782339682699
10983;6185;Sonia;1M;1;-3109.3706769768164
12351;5123;Sonia;6M;9;7007.15
12634;2718;SOFR;30Y;8;3232.3993733984926
11751;5102;Libor;1M;2;-76.0
11234;3594;FedFunds;15Y;6;2370.7899004091914
11170;6378;Estr;1M;3;1669.21976728121
13058;9964;FedFunds;3M;1;-820.8363435440035
12915;9112;SOFR;1M;4;1543.24
11325;5652;Sonia;25Y;9;-2948.775657238166
10730;3591;FedFunds;6M;8;-5660.16
10871;3432;FedFunds;1Y;9;-5299.190349241133
10371;1707;SOFR;2Y;1;4498.045603207671
11160;6935;Libor;15Y;3;-3874.04
13448;8892;FedFunds;6M;4;-2462.29
10372;4610;FedFunds;3M;2;1842.303487144033
12908;1414;Euribor;30Y;6;-3297.6987218658546
10021;9110;Euribor;1M;6;-7762.81
12038;3283;SOFR;2Y;1;-2341.764556602905
12681;5812;Sonia;1Y;2;-525.2427866837434
12300;8332;SOFR;25Y;3;681.3230972295348
12858;9833;Libor;2Y;8;2182.41
10415;9599;Euribor;25Y;1;-7041.601945973662
13097;2403;SOFR;25Y;6;6837.64
12985;4613;Estr;15Y;3;-2873.7525375658506
10892;3541;SOFR;15Y;8;5733.097706578687
10201;6490;Estr;25Y;2;2485.1223149318485
12037;7437;SOFR;5Y;6;3423.670277763645
12010;1288;Libor;1M;9;11623.64
12170;5862;Euribor;30Y;4;3613.26
12691;9366;Libor;3M;2;-7757.867984988585
13321;8679;SOFR;30Y;5;-4785.66
10472;5624;Estr;3M;5;-5231.54
13311;8329;Estr;30Y;3;3047.49
10797;8129;Sonia;10Y;7;-855.33
11227;6398;FedFunds;1M;9;2412.88
12258;5506;Estr;25Y;1;2690.73
12015;6055;Euribor;2Y;1;1127.87
11245;4209;Libor;20Y;5;5801.09459330783
11905;5796;SOFR;20Y;3;737.99
11995;1802;Euribor;20Y;4;-1187.9382728329192
10690;1139;Libor;10Y;9;1601.2353760451952
12506;5289;Euribor;6M;3;1246.4554346021905
11976;2816;Libor;10Y;4;-2790.0
10373;3428;SOFR;1M;9;8179.08783992475
12608;5476;Sonia;1Y;7;3029.0414883172202
11220;6616;Euribor;5Y;3;-9894.183676564035
10965;8833;FedFunds;3M;4;-5556.46
13423;4261;SOFR;25Y;3;-5199.960444252212
10661;5570;Sonia;30Y;8;-940.0582828587967
12773;3737;Euribor;30Y;7;-9519.38
10728;1195;Euribor;2Y;9;-9043.18577976933
11950;5412;FedFunds;10Y;2;6215.608929495351
11925;8790;Euribor;15Y;5;-4889.77
12942;2561;Libor;20Y;9;8442.64
13251;9882;SOFR;2Y;2;6200.2164034948855
11604;3810;Sonia;10Y;2;-2781.17
10848;7320;SOFR;1M;9;5250.55
12897;3439;Sonia;10Y;4;-3118.1
13145;2217;Sonia;1Y;9;9934.063524967736
11042;3572;Libor;2Y;7;-1180.63
11387;8910;FedFunds;1M;6;3444.1180189481547
10881;8504;Euribor;30Y;4;1045.629216576888
13380;6318;SOFR;2Y;9;227.1789174102205
13342;3415;Sonia;20Y;8;1615.57
10006;4556;Estr;10Y;9;4283.48
12550;9808;Sonia;1M;5;-4745.54
11211;4555;Sonia;10Y;6;478.0949338626717
10657;1660;Libor;1Y;8;6837.0
10273;2136;Estr;30Y;2;-2829.69
11056;7738;SOFR;10Y;1;1880.95
12526;7820;Estr;3M;4;-14504.352930886284
11607;4790;Sonia;20Y;1;7295.98
12289;9552;FedFunds;1M;1;9227.882387183387
11216;6724;Libor;10Y;5;453.47
12357;7489;SOFR;15Y;9;6574.48
13385;2526;Libor;25Y;9;5933.204951123989
11340;8867;Euribor;1M;4;-3106.73
10412;3247;Estr;15Y;1;-1026.103889301883
10370;1072;Estr;25Y;4;-1939.65
13377;1125;Sonia;30Y;5;2471.0160539181297
12353;9702;FedFunds;30Y;6;-2050.97
11466;4883;Estr;10Y;6;7462.52
13024;8048;Euribor;10Y;7;-1758.3
10382;3408;Euribor;6M;8;7849.53
10674;3800;Libor;3M;3;-8541.37911478137
13378;1140;Estr;1M;4;6291.15
12465;9697;Estr;25Y;2;-2627.91
11273;8718;Estr;15Y;1;-1521.8946828187072
12224;6291;Libor;1Y;4;4107.8206825707175
11829;8416;SOFR;2Y;9;-7316.251329987261
11168;4381;SOFR;1Y;4;855.0204601141368
10469;7588;FedFunds;30Y;2;6261.05
10109;1133;SOFR;10Y;9;-2482.76
11737;5775;Estr;30Y;6;-1647.8807350546654
11445;2824;Sonia;20Y;5;5195.444632598826
10425;8128;Sonia;20Y;5;1315.09
12068;2164;Sonia;2Y;9;795.14
13233;2744;FedFunds;10Y;4;-10648.050247918181
11330;6073;Estr;5Y;4;4165.259203647852
10320;5555;Libor;1Y;3;-4658.56
10731;3854;SOFR;3M;9;6394.05
10719;8786;Sonia;1Y;2;2444.92
11516;4241;Euribor;25Y;7;-5510.479966929574
10239;9007;SOFR;25Y;6;12601.18
12851;1608;SOFR;30Y;1;-8714.52109946813
12632;8040;Euribor;6M;2;-8067.925715027184
11588;9333;SOFR;30Y;8;-6187.26
12878;7322;SOFR;1Y;7;6013.23
10249;3050;Libor;2Y;9;-7213.313872211877
11639;6829;SOFR;25Y;8;-4824.496350299307
11197;6287;Sonia;6M;8;-2664.3800799502587
12043;9955;FedFunds;30Y;8;-2955.43
10381;3785;Estr;2Y;3;-1198.0337626239898
11923;1726;SOFR;6M;2;-7432.89
11530;5811;Euribor;20Y;8;1848.59
12768;3021;SOFR;5Y;9;-13578.82
12660;9102;FedFunds;1Y;9;2051.2780613159593
11882;5858;Euribor;6M;4;3511.47
10464;1689;Sonia;1M;1;-11394.92
11915;3470;Sonia;25Y;6;11493.174263556764
12634;2718;Sonia;2Y;8;-2359.110626601507
12771;9129;Euribor;6M;8;5101.888288117677
13340;5536;Sonia;15Y;1;834.09
11250;6904;Sonia;15Y;4;-176.75793762299963
13280;2031;Sonia;1M;8;-1254.7622524444105
11318;5067;FedFunds;30Y;6;396.69
11538;3261;Euribor;6M;9;6575.5848134571315
10441;2929;Estr;3M;8;422.00901265077937
13037;3699;Estr;30Y;2;-11195.06
12948;1018;SOFR;30Y;4;-2067.000628862652
13191;8562;Libor;20Y;3;-896.1002621486186
11961;6430;SOFR;2Y;7;11519.41
11636;6344;Sonia;25Y;6;1656.9034036815683
10237;9238;Estr;2Y;2;78.32094778523424
12738;3928;Libor;1M;9;1676.1210192179237
12416;3567;FedFunds;1Y;1;-216.5729763772522
11135;7048;Euribor;25Y;7;8168.568030692351
11404;5938;Estr;20Y;9;-3127.47
11077;7054;Euribor;15Y;4;328.88128560538735
12899;6885;SOFR;30Y;1;-272.2327471932499
12283;1863;Sonia;1M;6;-5855.083076248322
13468;7382;FedFunds;15Y;2;4202.488459024852
11748;4683;Estr;20Y;8;-2486.53
11783;2331;Euribor;1Y;7;-751.6
11601;5890;Sonia;10Y;9;6056.88
13289;7406;Sonia;10Y;9;-1929.81
11636;6344;Estr;25Y;4;241.5234036815691
11848;4937;Euribor;10Y;6;2132.128156318763
11927;6044;Estr;15Y;6;-646.48
12756;5301;Euribor;6M;7;-1239.9987255840563
10239;9007;FedFunds;15Y;6;6111.51
11220;6616;Sonia;5Y;1;3796.246323435965
10692;4951;Libor;1M;4;440.01300827033083
10506;5249;Estr;15Y;5;6568.371396444843
10045;8158;Euribor;5Y;7;-1725.75
12309;8034;Euribor;6M;3;-5593.90522909541
12052;2614;FedFunds;5Y;7;1333.405745849665
13261;6177;SOFR;1M;1;-10956.47
13492;5896;SOFR;6M;7;-1336.1532846480086
12318;8055;Estr;2Y;8;-5800.72
13419;3935;Libor;25Y;3;-6912.4
12498;4055;Estr;25Y;3;3459.52
12818;2946;SOFR;2Y;9;4769.74284234502
10463;6347;SOFR;1Y;9;-1490.82
10563;9491;Estr;30Y;8;296.01
12437;7086;Estr;1Y;7;-4338.27
10223;3681;SOFR;10Y;5;-4487.3747193025865
10503;5741;Libor;1Y;3;567.042521358389
13169;2354;Sonia;3M;1;2713.88
11417;4095;SOFR;25Y;5;-1720.78
11698;2074;Libor;2Y;9;-3473.07
11480;8013;Estr;25Y;3;-1910.85
10790;4716;FedFunds;15Y;4;10944.04
10859;4970;FedFunds;1Y;8;-983.86
10189;4030;Estr;15Y;3;-5254.7
10181;7898;Estr;6M;4;5450.724102556881
12591;1703;Sonia;15Y;6;-9174.977928848213
10419;8504;FedFunds;1M;5;198.92160143566707
10914;5713;FedFunds;30Y;2;4867.31
11573;4167;Estr;6M;5;-1083.5647767237879
12716;9339;Euribor;10Y;1;4871.698853002347
10351;6243;SOFR;1Y;1;-249.21361241819955
10205;4462;SOFR;3M;7;3254.952683172207
12578;4613;FedFunds;1Y;2;-3949.32
12042;6289;FedFunds;30Y;9;6715.454184290011
12439;2107;Estr;2Y;2;-12550.65
13268;2982;Sonia;5Y;1;7246.8196748999135
12996;7348;Libor;30Y;1;-2928.9237045655855
10639;5958;Euribor;5Y;6;-6757.2
12680;8011;Sonia;6M;4;-8176.09
11199;8619;Euribor;25Y;7;1645.5968712799186
11510;4412;SOFR;10Y;3;4188.82681499261
12843;2540;Libor;30Y;7;2021.9257467775094
12304;9050;Euribor;20Y;9;4087.886289603043
13386;5630;Sonia;2Y;4;-8943.309194717436
11481;1356;Libor;15Y;8;1381.9988872856757
13340;5536;Euribor;3M;5;-4882.74
13007;5675;Sonia;20Y;8;-4170.442776853985
11066;6818;Estr;20Y;1;-7041.88
12750;1551;Euribor;3M;6;-1414.0521412782186
13091;7303;FedFunds;1Y;9;5672.29
12212;3288;FedFunds;25Y;9;602.1546131496672
10593;6789;Estr;1M;4;-1156.0064976903423
12335;7266;Euribor;10Y;8;-335.3748317420941
11348;4257;Libor;1M;4;289.541504559229
11996;9651;Sonia;25Y;3;12662.26
12325;4032;Sonia;15Y;8;9040.53
12820;5221;Sonia;6M;9;-6568.7
11602;5366;Sonia;25Y;9;11756.96
12791;4577;Euribor;25Y;8;5004.51
11510;4412;SOFR;1Y;9;3120.67681499261
13110;6073;SOFR;2Y;2;7119.8728365817315
12467;9509;FedFunds;30Y;2;3829.601181629295
10773;4940;SOFR;25Y;7;-11296.39
13233;2744;Euribor;25Y;8;2037.3697520818198
13208;2637;Libor;3M;1;-3386.5417784099477
11904;6373;SOFR;15Y;7;1203.0501649446026
12786;8973;SOFR;3M;5;12604.291077030184
10332;7294;Libor;5Y;1;-6351.234940463108
11341;9558;Estr;3M;7;-7928.37
13380;6318;FedFunds;10Y;5;2998.85
13267;4756;Estr;6M;3;4821.39
12585;8681;FedFunds;1M;9;-6864.867612600961
12550;9808;Sonia;20Y;5;1638.6
13415;7255;Estr;15Y;2;3716.591864441383
10958;5039;SOFR;25Y;6;849.13
11634;9160;Estr;20Y;9;-1530.43
10626;9835;FedFunds;5Y;7;-1052.5707408222797
13293;4651;Sonia;6M;3;-2880.39
13215;5231;Euribor;1M;8;-553.8312195926433
12534;6964;Libor;5Y;8;10668.12
12386;4022;FedFunds;20Y;2;397.17
13105;1461;Estr;6M;6;-1884.22
10642;1619;Libor;25Y;8;7225.71
12454;3060;Sonia;25Y;6;6004.95
11606;6310;FedFunds;3M;1;-4422.97
13051;9290;Libor;20Y;3;-1850.840974801449
11972;2417;FedFunds;3M;3;4069.75
13095;6443;SOFR;30Y;6;-638.521743240015
10242;8980;SOFR;15Y;3;3607.79
10220;8141;FedFunds;1M;7;-6685.02
11440;2777;FedFunds;30Y;2;-2233.64
10697;2988;Estr;1M;7;2339.63
13454;2236;Euribor;25Y;3;-9684.536685869505
13492;5896;SOFR;15Y;9;837.3967153519916
10573;5494;FedFunds;20Y;5;8508.93
13134;6020;Euribor;30Y;6;969.45
11023;2940;SOFR;20Y;3;1450.7
10505;6626;Euribor;25Y;4;-637.8798971916303
10543;2998;FedFunds;10Y;7;-10064.087554737813
11640;9978;FedFunds;3M;4;-2952.43
13024;8048;Sonia;15Y;3;-7229.35
12193;1633;Libor;6M;9;598.2500274147219
11098;9683;SOFR;3M;1;-2291.95
12035;8254;Estr;25Y;1;-8575.15
13166;8288;Euribor;25Y;1;10268.13
12361;8664;FedFunds;6M;8;-1809.4
12238;4273;FedFunds;30Y;4;-6861.15
11983;8701;Libor;2Y;1;10635.55
13198;3773;Sonia;10Y;1;-3619.009587852814
12329;3186;Estr;1M;6;-720.9888222888508
13169;2354;Libor;1Y;5;12855.33
11040;1271;SOFR;5Y;5;-2285.085333622028
13201;5487;Estr;3M;2;4154.824686024896
12379;7862;FedFunds;1M;3;6080.7
11189;5196;FedFunds;1Y;8;-8758.32
11668;1256;Estr;3M;7;412.0377710124003
11994;6249;FedFunds;25Y;9;3249.1495884651013
12779;9585;Estr;6M;8;-439.78
10198;6182;Euribor;15Y;3;-5478.11
10057;3327;Libor;25Y;7;-2062.99
11702;5482;SOFR;30Y;2;-4985.33
12897;3439;Sonia;25Y;2;9655.27
13457;6857;Sonia;1Y;4;-10043.02828632357
11594;6390;Libor;20Y;6;-2118.95
12460;2990;Euribor;10Y;2;8503.95740815209
13046;2987;SOFR;10Y;7;-9965.965611115545
12096;5722;Euribor;15Y;6;6411.55
11491;1028;Libor;20Y;9;-7409.14
10272;9780;Estr;2Y;6;-5776.37
11378;1211;FedFunds;5Y;1;1818.38
12320;2031;FedFunds;3M;5;211.14840411110617
12347;2263;Euribor;20Y;5;5631.890715247323
12457;5297;Sonia;20Y;3;-1784.02
10572;6347;Euribor;6M;5;3318.63702352992
11188;9167;Libor;10Y;2;-2171.4369278773356
10831;7129;Estr;6M;4;-13714.27
12289;9552;Euribor;10Y;4;-8735.947612816613
10989;2184;Libor;15Y;7;-171.1686214309375
12943;9066;SOFR;10Y;1;2070.36
11888;2151;Libor;1Y;1;-9545.29
12609;9360;Libor;3M;4;-2135.81
11653;8939;SOFR;1M;1;-6264.023848256822
12593;3944;FedFunds;2Y;8;-1162.14
13053;9668;Sonia;1Y;3;779.2252659197839
11058;4197;Euribor;2Y;3;467.89
10345;3875;Libor;3M;7;-1155.6350473294933
12575;8572;SOFR;25Y;4;458.01
11320;4932;Estr;1Y;6;11323.993052572847
12711;6966;Estr;15Y;5;4167.0925497909275
12400;2590;Euribor;1Y;9;740.0094464385102
12451;7695;SOFR;5Y;1;-923.42
12221;2848;Sonia;1Y;1;-3388.7
12608;5476;FedFunds;15Y;9;-2934.9485116827796
13498;2248;Euribor;5Y;9;-6649.888274297087
12463;6651;Libor;1Y;7;-712.8467015310571
12387;2368;Euribor;25Y;7;10690.626051902182
10661;5570;FedFunds;15Y;1;1599.9417171412033
10030;5413;Sonia;1Y;8;2381.14
10370;1072;FedFunds;1M;5;-2819.6
13465;5113;Libor;3M;3;705.1024203200504
11314;2537;SOFR;1M;1;3182.6625385573816
12832;7369;Sonia;1M;5;2333.54
13325;4276;FedFunds;15Y;8;-8247.874179879322
13159;2486;SOFR;25Y;7;2100.21
12129;9784;Sonia;15Y;6;6036.075014061375
11159;9992;Estr;30Y;2;1083.1132876327201
10093;1728;Sonia;6M;3;-6785.78604312201
12741;8962;Estr;10Y;4;5832.96
11771;2079;SOFR;30Y;3;-5503.505799307879
10777;3378;Libor;1Y;3;-7686.869216576571
10936;2409;FedFunds;15Y;6;1833.5
11397;4513;Sonia;30Y;6;-3475.400407082423
13274;7621;SOFR;2Y;7;8056.047239735863
11694;5311;Libor;1Y;2;-3059.94
11189;5196;Estr;25Y;3;5142.41
10503;5741;Estr;10Y;9;-8945.477478641611
11807;8145;Estr;3M;9;-25.814848465001887
13308;9154;Libor;6M;5;1593.1142345863905
12578;4613;Sonia;1Y;6;-11454.11
13362;6709;Estr;25Y;2;707.15
12575;8572;Sonia;25Y;1;-5543.55
12767;7098;Estr;5Y;8;4357.03
10774;4748;Libor;2Y;7;-574.284814327099
10010;8555;Estr;1M;5;-1887.5461116924698
12790;3076;Libor;30Y;7;3866.7726011935883
12663;2528;Euribor;10Y;4;-216.38788045736283
11376;7830;SOFR;25Y;4;-4691.954677676933
11620;2426;Sonia;3M;9;-9878.850745411039
10647;5009;Libor;1Y;8;-6483.46
10055;5642;Libor;3M;9;741.83
12113;8257;Euribor;6M;1;-3743.15
10294;9357;Estr;2Y;2;7199.23
11627;6873;FedFunds;20Y;2;8042.487281041454
13155;1693;Sonia;3M;2;-560.4463762206133
12966;4262;Estr;6M;9;-6499.5883695262655
11897;9065;FedFunds;15Y;9;-2038.322320346133
12878;7322;Sonia;2Y;4;9303.03
12665;3121;Sonia;6M;5;778.6013520039824
10011;8989;Euribor;25Y;4;-5597.256386191728
10752;4719;FedFunds;2Y;2;2063.88
11415;8450;FedFunds;15Y;9;4770.26678879684
11782;1768;Libor;1M;2;-3779.771849474825
12093;6181;FedFunds;2Y;6;812.4165335927742
13278;7228;SOFR;6M;8;2472.95
10365;8327;SOFR;6M;2;-5723.011571622297
11940;4659;Estr;1M;4;-3993.9
11852;7474;FedFunds;25Y;3;-4986.8934265693615
12162;2361;SOFR;10Y;9;-6953.89
10931;8845;SOFR;15Y;4;11189.847103489494
12886;2436;SOFR;1M;3;-262.04204673649406
12154;7989;SOFR;1M;4;-3966.75
11639;6829;Sonia;30Y;1;-1835.3963502993074
11515;4264;Estr;5Y;6;279.01
11676;4614;SOFR;2Y;5;5527.18
10435;1448;Euribor;30Y;7;1524.5329475417375
10687;1882;Estr;5Y;9;3924.4515739340404
10975;2192;Sonia;25Y;8;10556.6
12832;7369;FedFunds;6M;6;472.96
11771;2079;SOFR;5Y;7;3314.8942006921206
11406;4554;Euribor;6M;6;4380.42
12356;5431;SOFR;5Y;3;-3869.1777883410027
11403;9405;Euribor;15Y;5;-3689.95
12366;7221;Sonia;1Y;9;-711.1398434688168
11437;7400;Euribor;1M;6;-4782.08
13488;4754;Euribor;6M;5;2202.8325311150593
10429;9789;Estr;3M;7;1591.6466854168034
11257;4945;Libor;25Y;6;-9684.667911149627
13478;8483;Libor;5Y;5;-9584.57297977103
10719;8786;Euribor;15Y;9;-5488.92
11700;5608;FedFunds;3M;2;6390.19
11642;5803;SOFR;3M;5;10685.35
12946;3413;SOFR;15Y;2;-11819.28
13295;7232;FedFunds;20Y;2;-6402.708593000382
11902;1574;Estr;20Y;8;-5679.23
11029;7060;Libor;1Y;8;4095.24
11148;7665;SOFR;3M;5;-69.08
11426;7035;Sonia;10Y;1;-12947.98
10766;1615;Estr;1Y;9;7623.26925569979
10971;5443;FedFunds;20Y;2;-675.59
10073;9308;FedFunds;30Y;3;-5153.716845115475
12622;8411;FedFunds;6M;9;1435.808697669509
12677;6267;FedFunds;5Y;6;6835.543379550922
11695;4019;SOFR;2Y;3;3732.23
12152;3415;Estr;30Y;3;-1370.62
10228;8101;Libor;2Y;8;2750.3
11795;1390;Euribor;1Y;5;3143.38
13164;3301;Euribor;25Y;4;-2793.25
12609;9360;SOFR;5Y;2;-2597.59
13476;7975;Estr;6M;7;888.0707207252044
12023;1510;Euribor;2Y;3;-8595.804805691885
12976;6495;Sonia;30Y;5;-6550.958204060611
11346;2392;FedFunds;20Y;1;-476.94
10817;8124;Libor;15Y;2;103.68870964460802
10381;3785;Estr;5Y;5;-5426.52376262399
11010;6911;FedFunds;25Y;4;10840.82
10917;2909;SOFR;20Y;3;5466.886954390344
10613;7469;Sonia;1Y;8;-10536.573906564203
13134;6020;Euribor;3M;8;761.87
11015;5658;Estr;1M;1;5190.475675424081
12643;6315;Libor;15Y;2;5871.11
12551;6906;Estr;2Y;4;187.08
10822;7139;FedFunds;20Y;2;2486.1353151822177
12479;3261;Libor;20Y;8;-1246.776692490911
10273;2136;SOFR;6M;7;-6877.16
12780;6250;Libor;5Y;7;996.75
12998;8537;FedFunds;25Y;4;6563.51
11479;3224;Sonia;5Y;9;-2526.43
13404;1333;SOFR;20Y;2;5206.8
13105;1461;Sonia;1M;3;3386.99
13422;8641;SOFR;10Y;2;-3066.09
10230;2639;Euribor;5Y;1;6853.87
11806;4430;Sonia;1Y;8;-7098.961140897828
13020;8973;FedFunds;2Y;2;-573.42
12749;4839;SOFR;10Y;2;4069.81
11771;2079;Estr;25Y;1;6879.1842006921215
13428;3646;Estr;2Y;1;-680.91
13270;8234;Sonia;1Y;8;-8534.869875242603
11793;6520;Euribor;3M;2;-178.69518558280197
10765;3891;Estr;15Y;9;4082.88
12140;8377;Estr;15Y;1;4812.617069554808
12441;9967;Sonia;6M;5;-1260.68881673929
11947;8636;Sonia;15Y;6;-4411.46
10255;1824;FedFunds;5Y;6;5705.730270080936
11911;6592;Sonia;6M;1;103.9
12851;1608;Estr;10Y;3;3352.77
11143;9634;Euribor;20Y;1;5243.738136393486
10778;9490;Libor;15Y;9;8739.04
10498;1155;Estr;1M;1;4814.37
12640;7834;Euribor;6M;2;-3335.8761545927537
10617;4841;SOFR;20Y;3;-3918.166936948036
10792;1615;FedFunds;15Y;2;7197.646728667645
11470;3803;Libor;2Y;9;7217.345062823883
13218;5562;Euribor;10Y;6;-2147.4893696219997
12206;9108;SOFR;5Y;1;-6852.57
11055;2167;Estr;6M;3;-4346.64
13005;6271;FedFunds;6M;2;-186.60629500584582
10398;9800;SOFR;10Y;2;-9264.52
11376;7830;Euribor;6M;4;10172.245322323066
12728;7989;Sonia;10Y;1;3300.44
11219;9118;Sonia;6M;8;496.9026510824201
12583;8399;FedFunds;3M;2;-1832.98
11685;2025;Estr;15Y;6;6043.919785907959
13108;8975;Sonia;15Y;1;-9586.756057651599
10096;8266;FedFunds;1M;3;-2406.8441151911625
11917;6311;Sonia;5Y;5;-12929.31
10538;4808;FedFunds;6M;4;1842.75
13146;6830;Sonia;2Y;9;-370.41
12378;4811;FedFunds;1M;1;-10231.24
11306;9867;FedFunds;6M;8;-6382.91
11531;2439;SOFR;30Y;5;4554.05
11236;7378;Libor;10Y;5;-1424.903380936786
10625;7919;Estr;1Y;8;-9319.161459951958
10185;4531;Estr;5Y;9;-2877.66
11104;6398;Euribor;2Y;8;89.32
10772;4046;Estr;1M;5;-3133.2560241166543
13236;2817;FedFunds;3M;5;4157.18
12532;8595;SOFR;30Y;2;-6338.97
11697;5927;Sonia;5Y;3;2159.9905982733944
10089;8164;Sonia;3M;1;3490.83
12337;7110;Estr;5Y;5;-10416.87
11664;4988;Sonia;5Y;2;-445.0528560384887
11029;7060;Euribor;10Y;4;1651.04
11064;1463;Sonia;6M;6;5859.26
13223;3045;FedFunds;15Y;4;11622.429382107379
11886;9994;Sonia;3M;6;-1480.4203237031215
10354;8311;Estr;1M;7;1376.68
11925;8790;FedFunds;3M;5;-6367.59
13152;7668;Euribor;6M;6;3209.09
11890;4955;Libor;1Y;7;-6695.8067860794035
10481;6546;FedFunds;1M;6;5186.1
12174;4030;FedFunds;3M;9;6956.826737499658
11446;6316;Estr;2Y;3;7839.39
12438;4667;Estr;10Y;4;-476.1552401447386
12654;1325;Estr;20Y;2;-1952.0075146142851
10557;3172;Estr;6M;6;-3831.636311543214
10431;5082;FedFunds;15Y;1;9204.38
11025;3387;Euribor;1Y;2;3439.0646491500115
10598;8016;Sonia;1M;6;2226.67
11656;2741;Euribor;25Y;7;-474.86004561374466
10569;7538;Estr;30Y;2;1730.1875155836697
12704;8862;Libor;2Y;6;3118.8829124336885
13456;3150;SOFR;20Y;6;-8453.46
11551;7331;Sonia;2Y;6;3615.1015573573886
10989;2184;FedFunds;1M;1;4242.771378569063
12209;8962;FedFunds;25Y;5;3504.08
11001;9022;Sonia;25Y;3;-3198.16
13493;4519;SOFR;1M;8;6317.87
10338;4124;FedFunds;3M;5;-4117.53
10695;6941;FedFunds;15Y;9;-825.6921616802483
10024;7019;Sonia;3M;2;-476.5513867448226
12464;7556;FedFunds;15Y;4;-7344.72
11555;3170;Sonia;2Y;1;-5964.090531481148
11428;3568;Euribor;20Y;4;1571.3619133698585
10597;7046;SOFR;3M;7;-7768.78
13315;1858;Sonia;10Y;3;7824.03
10289;9782;Euribor;20Y;8;-6872.001607323507
11004;3313;Sonia;5Y;2;8038.676141582898
12741;8962;FedFunds;15Y;6;-4004.23
10437;3159;Estr;1Y;1;1089.1699828889164
12078;7758;Euribor;2Y;8;-2527.0771736589586
13171;7930;FedFunds;2Y;4;1277.29450701599
12890;5835;Sonia;10Y;3;-1127.09
11525;2309;Euribor;25Y;7;2628.84
11305;8169;FedFunds;6M;9;665.71
11588;9333;SOFR;3M;3;-2546.19
11474;2909;Sonia;30Y;1;8181.03
10300;4041;Libor;1Y;2;910.4389574419438
12161;8274;Estr;3M;5;-6661.78
13222;5779;Libor;10Y;8;149.97
12613;4412;Euribor;20Y;1;-1515.16
10100;8056;SOFR;30Y;5;5845.150408526436
10765;3891;Sonia;25Y;6;-5660.1
11406;4554;Libor;20Y;7;6589.42
12713;7606;Estr;2Y;5;-2434.68
12503;8874;FedFunds;10Y;5;5658.78
12239;2521;FedFunds;6M;3;575.37
10234;2341;Estr;1M;1;-6267.967148427545
13234;8001;Estr;2Y;3;-1541.3116508702794
11404;5938;Libor;20Y;2;7747.55
10791;3505;SOFR;6M;2;-8943.19
11037;7191;Estr;3M;7;-1068.7522257946785
11045;5471;Sonia;25Y;3;-2571.9984717673806
10720;2873;FedFunds;25Y;7;-186.15240147896566
11480;8013;SOFR;15Y;4;-7739.46
11556;7458;Estr;30Y;7;-630.35
10370;1072;Estr;5Y;7;5124.22
11841;6154;Sonia;15Y;8;-8705.933962578012
11828;9104;Libor;15Y;8;-5837.376005353765
13242;1068;Estr;1M;4;-1771.0133970955567
10543;2998;Libor;6M;6;5979.092445262188
10230;2639;Estr;15Y;4;6111.64
11469;9183;SOFR;6M;3;3952.17
12443;9806;Sonia;5Y;1;-1995.01
12992;2264;FedFunds;30Y;6;7450.23
10420;2827;Euribor;6M;1;5384.650362964288
10885;9378;Sonia;6M;1;2514.090721293743
13068;3448;Libor;3M;1;-4390.05706230007
11335;3705;FedFunds;25Y;3;-6529.33
12266;8727;Estr;25Y;9;5442.51
11515;4264;Sonia;30Y;5;-2904.24
12184;4126;Euribor;10Y;1;3613.79
10479;3113;Estr;1M;5;-11142.751157445411
11473;3835;Euribor;10Y;2;4243.8
12825;2376;Sonia;25Y;3;9419.870987626695
13029;1169;Estr;15Y;7;1696.19
13248;9162;Estr;25Y;3;-2827.362284732294
11035;2871;Sonia;25Y;4;10077.58
12947;2150;Sonia;10Y;3;-866.85
10115;7819;Libor;2Y;1;-3678.5
13495;4996;Sonia;5Y;4;-1438.5702658449713
12031;9839;Libor;2Y;7;-924.96
12075;5215;Estr;5Y;3;7375.35
12770;8203;Estr;2Y;1;633.9360518806925
11269;1564;Libor;15Y;3;7922.216301183782
12779;9585;SOFR;15Y;1;4827.75
10568;4162;SOFR;15Y;6;7461.09
10591;3555;Euribor;25Y;9;-4759.75
12481;1388;Euribor;3M;1;-622.62
10859;4970;Libor;15Y;8;9849.7
11023;2940;FedFunds;30Y;8;-1837.8555487659405
11105;8264;Libor;10Y;1;-509.86
12830;4359;SOFR;10Y;7;-152.68759610864925
13355;5041;Libor;6M;3;266.43
11857;1065;Libor;3M;9;4002.59
10722;8697;Libor;15Y;1;-5454.3498493986035
12176;5674;Sonia;30Y;6;-1800.4
10650;8432;FedFunds;6M;1;-2232.654117541146
12810;2621;FedFunds;25Y;5;-5190.61
11330;6073;Libor;15Y;2;-680.7207963521489
13082;4405;FedFunds;1M;3;4131.1
11810;2550;FedFunds;15Y;2;8034.155218802528
10823;4262;SOFR;5Y;2;4962.67433621735
11043;5712;Libor;6M;1;-39.18644881811542
12688;8765;Sonia;10Y;9;-1759.065750208685
11989;5969;Sonia;25Y;6;-4494.76
11326;3161;SOFR;25Y;3;-5080.26
11074;4775;SOFR;30Y;9;4675.996384582561
12950;3624;Euribor;5Y;6;322.38741068054014
13261;6177;Libor;30Y;1;2451.78
10225;6415;Libor;5Y;7;7540.910959059182
13186;1142;Libor;20Y;4;10193.860520060422
11100;8329;FedFunds;3M;4;-347.31
10207;4054;SOFR;2Y;7;-3426.9020632166657
11134;1397;Euribor;15Y;1;-567.29
10129;5363;Sonia;3M;7;1912.392027906208
10002;9322;SOFR;6M;8;-8414.767731778706
10587;9605;FedFunds;6M;7;386.2439386142323
13327;4326;Sonia;20Y;7;-511.83
11683;1667;Euribor;20Y;8;-4632.015838735037
11577;2293;FedFunds;2Y;1;-7240.08
11204;9605;Euribor;5Y;3;-937.744032536069
11036;9236;FedFunds;3M;9;-7687.64
13199;2865;Sonia;20Y;2;-6728.976641618168
12189;8429;Euribor;10Y;6;466.90322030063453
10688;8951;Euribor;6M;5;1036.96
11848;4937;Euribor;30Y;3;-2658.1718436812366
12312;6349;FedFunds;5Y;7;1977.34
11412;2541;FedFunds;6M;5;3887.71
11408;6330;Estr;25Y;6;-7316.22551600707
13329;3156;SOFR;3M;9;-10933.344498139959
12916;8110;Libor;1Y;6;6862.576915888493
10986;3645;SOFR;25Y;1;4695.27
10373;3428;SOFR;5Y;5;-394.35216007524923
10637;2932;Estr;20Y;2;-2168.69
11856;3575;Libor;10Y;8;1204.0108430998641
10414;5940;SOFR;3M;9;-366.77997706373924
10867;8616;Estr;25Y;3;-7210.03
11814;7852;Euribor;1Y;9;-9751.2
13045;2335;Estr;1M;6;-2082.840517907689
11750;7403;FedFunds;3M;7;-4360.402525589375
11656;2741;SOFR;1M;7;2087.029954386255
11840;4185;Estr;5Y;8;3074.32
12586;6311;Sonia;1Y;8;-4926.5
12709;6785;Estr;2Y;6;9240.4
12611;4607;SOFR;5Y;9;10903.62
10720;2873;Libor;30Y;7;1071.4375985210345
12157;7174;Libor;25Y;6;5857.95
10424;8569;Sonia;30Y;7;-4418.54
10092;3914;FedFunds;20Y;9;-4963.9094161045305
10604;9662;Estr;30Y;3;5591.49
11013;4510;Libor;10Y;7;8633.506740277991
13362;6709;Estr;5Y;4;1578.79
11721;8188;FedFunds;5Y;4;-4426.89
10167;2908;Libor;6M;4;-5665.544184655487
10001;6734;FedFunds;6M;3;1860.881747866106
10504;5596;SOFR;30Y;5;4051.29
12471;8970;SOFR;3M;3;-5776.42
13255;5089;Euribor;3M;8;-7780.83
11760;2388;FedFunds;20Y;1;-3703.29
13358;5409;Euribor;2Y;2;-6422.077829961167
11669;3460;FedFunds;5Y;8;1606.9
10135;5164;Euribor;25Y;8;-12452.03
12605;2496;FedFunds;20Y;8;3010.35
10522;3007;Euribor;30Y;9;-1621.23
10147;6122;Libor;30Y;9;-6321.15
13195;8257;Libor;20Y;6;-1854.65
10372;4610;FedFunds;15Y;2;-3261.9765128559666
12702;1933;Libor;30Y;7;1344.4283258803239
12767;7098;Estr;2Y;7;-4555.99
10267;3383;Libor;1M;2;5642.19
13293;4651;FedFunds;6M;9;-1721.31
11426;7035;Euribor;2Y;6;8364.69
10558;1785;FedFunds;6M;6;-5004.29
10063;6596;FedFunds;1M;5;1086.7
13202;7747;SOFR;5Y;2;-238.4954710256634
10454;7397;FedFunds;1M;5;361.60597971340667
11845;4044;Euribor;20Y;4;-9622.30011996055
11257;4945;SOFR;3M;6;9385.892088850373
12600;9110;Sonia;1M;7;-12563.49
12207;5549;Libor;25Y;7;-3670.5688181358973
11303;6073;SOFR;30Y;5;-6876.69
12685;7099;Euribor;1Y;6;570.94
10044;3049;Estr;1Y;2;6281.58
11295;4670;Estr;30Y;7;-7572.74
12131;1184;SOFR;30Y;1;-538.54
11764;1502;Libor;6M;8;-1146.48
11252;3581;FedFunds;1Y;5;3063.23
12148;7412;FedFunds;25Y;6;-395.9697278196136
10428;8165;FedFunds;25Y;7;-1842.2906659758773
12194;4446;Estr;10Y;1;4359.8548251589145
13373;8290;Sonia;6M;4;-4572.51
12806;1800;FedFunds;10Y;2;-5569.66
11270;7030;SOFR;30Y;2;2738.77
12194;4446;Libor;2Y;9;-8882.705174841085
12106;4765;Libor;30Y;1;-5260.256222691736
11675;8773;SOFR;25Y;8;-6639.1740365543765
12734;4746;FedFunds;10Y;3;11414.14
12350;8947;SOFR;10Y;5;7739.21
11135;7048;Libor;30Y;7;1536.278030692351
12863;8034;FedFunds;5Y;3;-6225.97
13205;6086;Libor;25Y;3;-545.6771246760223
12699;2037;FedFunds;2Y;1;8719.18
12631;6426;Sonia;1M;5;-11818.17
13218;5562;Estr;15Y;3;2298.0106303780003
11949;5650;Euribor;25Y;1;-2818.9807991709254
11486;9728;FedFunds;10Y;7;5213.06
13104;6435;Estr;30Y;7;-4474.16
10526;2455;Sonia;1Y;3;1373.58
12683;7739;Estr;20Y;8;-3496.77
10978;8680;Estr;3M;1;2223.600826573143
12465;9697;Libor;1M;2;10124.88
11321;1719;SOFR;2Y;7;2324.3136664849417
11394;5864;Sonia;25Y;4;-2332.836942646916
10321;4081;FedFunds;3M;1;-5484.34
10594;1182;Euribor;10Y;2;-568.1247807699622
10219;6475;Estr;20Y;6;2114.36
10318;4814;Estr;25Y;8;4320.74
12679;2932;Euribor;15Y;4;3747.09
13118;6557;SOFR;2Y;9;4004.6510398180485
10556;3309;Estr;3M;2;-6647.81
11337;5920;FedFunds;30Y;6;-1972.48
12346;5723;Euribor;30Y;6;5041.811236341353
10870;7686;Libor;1M;4;-82.30795513417615
11838;9724;Libor;1M;1;6358.72
11005;5056;Euribor;10Y;6;5776.9
12839;9177;SOFR;1M;3;5263.33
11604;3810;Estr;10Y;2;5619.4
12829;9338;SOFR;3M;8;667.0882350381514
11309;8633;Sonia;1M;2;1365.6205041015107
10753;4406;Euribor;10Y;2;3429.4854201715134
11110;7413;Estr;20Y;3;-3823.9
10773;4940;Sonia;25Y;2;2845.6
10672;4551;SOFR;3M;7;-2575.2285712932376
10073;9308;SOFR;1Y;1;6621.583154884524
11154;6645;Sonia;3M;9;6001.47425925632
11129;8011;Libor;20Y;4;-5424.04
12627;8020;Libor;1M;7;7305.11
10749;7773;Euribor;6M;3;-3963.01
10114;2353;Libor;1M;3;1845.66
10036;6791;Libor;1Y;5;-6204.41
12756;5301;SOFR;20Y;7;3191.6812744159433
11838;9724;Euribor;10Y;8;-1512.21
12965;6412;FedFunds;2Y;7;2974.4660955201934
12645;9830;Libor;6M;2;5380.66
12595;1527;Libor;1Y;2;11406.058638185703
10081;8390;Estr;2Y;6;-6088.37
11678;8939;SOFR;5Y;4;12805.705877548777
10709;2818;Estr;6M;1;2358.2846675357723
10800;1464;Sonia;3M;4;8489.246418202192
13262;1837;Euribor;1Y;5;9471.87
12673;8181;Euribor;25Y;3;-11012.0
10401;7140;Euribor;25Y;2;3267.89
11199;8619;FedFunds;1Y;8;-11526.163128720082
11502;6780;Libor;10Y;9;3976.09860761484
12776;6783;Estr;2Y;5;-5664.936916397115
13134;6020;Libor;5Y;8;-1573.98
11291;8131;SOFR;5Y;7;5239.63
11850;6938;Sonia;5Y;7;325.8158443161926
10622;5063;Sonia;20Y;2;686.7774337163391
13082;4405;FedFunds;20Y;8;-1454.75
10305;8179;Sonia;2Y;9;2433.84
12843;2540;Sonia;15Y;7;-1583.2542532224907
13074;4137;SOFR;3M;9;-7921.86
11387;8910;Euribor;1M;6;-8247.741981051846
11985;4536;SOFR;3M;1;398.4869095253598
12018;5349;Euribor;15Y;9;-2636.82
13471;2405;Libor;20Y;5;5571.255898734194
10200;5524;SOFR;30Y;1;-2449.872637004401
13347;9168;Sonia;1M;7;7010.875392699763
10606;1522;Euribor;5Y;6;1168.582059504104
12292;3236;Libor;1M;2;4976.859946210774
10636;8557;SOFR;20Y;6;5713.73
10390;3530;FedFunds;10Y;6;4062.09
11038;7899;FedFunds;10Y;9;11452.39323450973
10647;5009;Libor;20Y;4;5792.23
13222;5779;SOFR;10Y;1;-5875.61
13254;6616;Estr;1M;9;2409.941846361325
12670;7056;Euribor;30Y;8;99.11502667562695
11595;5023;Euribor;1Y;9;-1533.2662362283613
12372;3685;Estr;25Y;3;578.8191185069454
10808;5134;SOFR;6M;5;6055.74
12740;4155;Sonia;15Y;6;751.2618430163375
12342;6644;Libor;30Y;9;-8661.766010922876
12593;3944;Estr;30Y;1;6592.61
13345;9251;Sonia;20Y;9;-1728.09
12689;1304;Libor;5Y;4;-6142.31
10067;7293;FedFunds;5Y;5;3190.283869352018
13069;2358;SOFR;1Y;9;-1920.9130283996406
11254;9684;Estr;1M;8;6819.6
10889;8119;FedFunds;3M;7;-6778.01
12586;6311;FedFunds;30Y;3;-8065.25
12044;3160;Libor;20Y;7;-1661.69
13285;6247;Estr;5Y;1;-1595.55
11406;4554;Libor;6M;9;-6804.72
12191;7339;SOFR;2Y;5;1480.7332682968772
11496;2349;Estr;6M;2;-3.790955966011097
10616;8982;FedFunds;6M;1;6621.43
11210;4645;Libor;20Y;5;7300.43
11805;9090;Libor;25Y;2;-991.1055945244025
10354;8311;Euribor;2Y;7;-7638.729825858965
11603;7265;SOFR;15Y;3;-10427.84
13031;7189;Estr;1Y;7;331.5223396826998
10239;9007;Sonia;20Y;6;-4695.84
12343;8493;SOFR;25Y;1;1766.84
10777;3378;Estr;1Y;6;-1008.6192165765702
13335;3321;Estr;20Y;7;-9098.66
12005;3356;SOFR;10Y;1;12120.17
10889;8119;Sonia;15Y;8;-1233.06
11709;9663;Euribor;2Y;8;1073.124006918464
11957;7875;Euribor;30Y;8;272.7999955533214
11147;4723;SOFR;30Y;6;722.235124477188
11125;1153;Estr;15Y;1;-341.68
11295;4670;Euribor;1M;1;2285.14
11460;7982;Libor;10Y;6;-1971.1862575129633
11224;4459;FedFunds;10Y;1;-8774.3
11500;1604;Euribor;10Y;6;6312.634862001754
11537;1486;Sonia;5Y;1;-1046.73
12084;6273;Libor;20Y;1;-169.86852981207448
12961;6992;Euribor;10Y;5;-5777.709386632885
11447;7382;FedFunds;5Y;6;-2402.75
11990;7107;FedFunds;5Y;1;2472.621876395846
12671;6840;Libor;30Y;8;2845.043483934463
12550;9808;Libor;30Y;7;-8142.28
10864;5440;Libor;2Y;9;-3130.0399626906064
11802;8171;Euribor;1M;2;-2550.74
11008;2342;Sonia;1Y;2;-351.31
13274;7621;Libor;10Y;6;-8570.022760264137
13270;8234;Libor;1M;3;7410.190124757397
10567;9848;Libor;3M;4;7216.85
11644;3648;Euribor;6M;7;8941.25
12494;1619;FedFunds;25Y;2;-7010.97
13350;2135;Euribor;15Y;9;-4690.11
11328;2164;Sonia;6M;7;-7004.68
11256;9708;FedFunds;30Y;9;9534.703439559502
12059;1947;Estr;30Y;5;949.92
10182;6779;Estr;5Y;3;3192.0
11607;4790;Euribor;10Y;4;-9548.41
12229;8720;FedFunds;25Y;5;6625.27
12915;9112;FedFunds;20Y;8;-10734.59
11564;3889;SOFR;5Y;3;-6071.326431206033
11065;6417;Libor;1Y;8;11477.77
10562;5857;Estr;5Y;3;2052.5582989867185
10589;6242;Sonia;5Y;4;3101.869226691277
10001;6734;SOFR;20Y;7;-1823.4782521338939
10780;3964;Sonia;6M;7;-11885.72
11677;5332;Euribor;5Y;7;-2205.31
11757;1849;FedFunds;10Y;6;379.8096384409537
11908;5513;Estr;6M;7;1944.9480087150882
12391;9722;Euribor;15Y;5;-10851.23
12471;8970;FedFunds;5Y;6;2557.35
12237;6965;FedFunds;30Y;2;2969.977877556911
13195;8257;Libor;25Y;6;-6841.54
11338;5868;FedFunds;1M;1;-3892.8793813326224
10643;9436;FedFunds;25Y;2;13890.21
11560;4201;Estr;20Y;9;961.7104987534967
13065;2963;SOFR;3M;2;-1971.4761302701702
10476;3324;Estr;30Y;7;-8891.87
10059;7102;Sonia;5Y;4;-16767.065289409013
13111;7315;Euribor;20Y;9;607.5974482722661
11753;7476;Sonia;30Y;1;289.57534830993063
10261;2218;Libor;25Y;7;7027.93
11608;6874;Euribor;1M;2;-9766.171200038918
10747;7314;Euribor;5Y;7;-1040.646042022583
13051;9290;FedFunds;30Y;4;1378.26
13352;4062;SOFR;25Y;5;3850.6005143218354
10086;9945;SOFR;6M;9;-9461.7
13098;9233;SOFR;30Y;6;5620.9549472081435
10078;6188;FedFunds;5Y;1;4978.49
11922;7635;Estr;6M;4;765.71
12404;6322;Sonia;5Y;9;-1705.06
12582;5145;Euribor;5Y;1;-6128.30370178671
12146;3517;Sonia;30Y;1;4938.706619843787
